document_type,erp_transaction_code,creator_user_id_group,manual_flag,requires_formal_approval_flag,rationale
AA,,TECHNICAL_USER,NOT_MANUAL,NO,"Posted by technical/system user, treated as automated/system-generated."
AA,,NON_TECHNICAL_USER,NOT_MANUAL,NO,ERP transaction code is system/batch/process driven.
AA,AB01L,TECHNICAL_USER,NOT_MANUAL,NO,"Posted by technical/system user, treated as automated/system-generated."
AA,AB01L,NON_TECHNICAL_USER,MANUAL,YES,Human-initiated posting with high-risk tcode and/or high-risk document type; maker-checker approval required before posting.
AA,AB08,TECHNICAL_USER,NOT_MANUAL,NO,"Posted by technical/system user, treated as automated/system-generated."
AA,AB08,NON_TECHNICAL_USER,MANUAL,YES,Human-initiated posting with high-risk tcode and/or high-risk document type; maker-checker approval required before posting.
AA,ABAVN,TECHNICAL_USER,NOT_MANUAL,NO,"Posted by technical/system user, treated as automated/system-generated."
AA,ABAVN,NON_TECHNICAL_USER,MANUAL,YES,Human-initiated posting with high-risk tcode and/or high-risk document type; maker-checker approval required before posting.
AA,ABUMN,TECHNICAL_USER,NOT_MANUAL,NO,"Posted by technical/system user, treated as automated/system-generated."
AA,ABUMN,NON_TECHNICAL_USER,MANUAL,YES,Human-initiated posting with high-risk tcode and/or high-risk document type; maker-checker approval required before posting.
AA,ABZON,TECHNICAL_USER,NOT_MANUAL,NO,"Posted by technical/system user, treated as automated/system-generated."
AA,ABZON,NON_TECHNICAL_USER,MANUAL,YES,Human-initiated posting with high-risk tcode and/or high-risk document type; maker-checker approval required before posting.
AA,AFABN,TECHNICAL_USER,NOT_MANUAL,NO,"Posted by technical/system user, treated as automated/system-generated."
AA,AFABN,NON_TECHNICAL_USER,NOT_MANUAL,NO,ERP transaction code is system/batch/process driven.
AA,AS02,TECHNICAL_USER,NOT_MANUAL,NO,"Posted by technical/system user, treated as automated/system-generated."
AA,AS02,NON_TECHNICAL_USER,MANUAL,YES,Human-initiated posting with high-risk tcode and/or high-risk document type; maker-checker approval required before posting.
AA,F110,TECHNICAL_USER,NOT_MANUAL,NO,"Posted by technical/system user, treated as automated/system-generated."
AA,F110,NON_TECHNICAL_USER,NOT_MANUAL,NO,ERP transaction code is system/batch/process driven.
AA,F111,TECHNICAL_USER,NOT_MANUAL,NO,"Posted by technical/system user, treated as automated/system-generated."
AA,F111,NON_TECHNICAL_USER,NOT_MANUAL,NO,ERP transaction code is system/batch/process driven.
AA,FAGL_IT_02,TECHNICAL_USER,NOT_MANUAL,NO,"Posted by technical/system user, treated as automated/system-generated."
AA,FAGL_IT_02,NON_TECHNICAL_USER,NOT_MANUAL,NO,ERP transaction code is system/batch/process driven.
AA,FB01,TECHNICAL_USER,NOT_MANUAL,NO,"Posted by technical/system user, treated as automated/system-generated."
AA,FB01,NON_TECHNICAL_USER,MANUAL,YES,Human-initiated posting with high-risk tcode and/or high-risk document type; maker-checker approval required before posting.
AA,FB05,TECHNICAL_USER,NOT_MANUAL,NO,"Posted by technical/system user, treated as automated/system-generated."
AA,FB05,NON_TECHNICAL_USER,MANUAL,NO,"Human-initiated posting, but operational document/tcode pattern; standard workflow controls apply."
AA,FB08,TECHNICAL_USER,NOT_MANUAL,NO,"Posted by technical/system user, treated as automated/system-generated."
AA,FB08,NON_TECHNICAL_USER,MANUAL,YES,Human-initiated posting with high-risk tcode and/or high-risk document type; maker-checker approval required before posting.
AA,FB1K,TECHNICAL_USER,NOT_MANUAL,NO,"Posted by technical/system user, treated as automated/system-generated."
AA,FB1K,NON_TECHNICAL_USER,MANUAL,NO,"Human-initiated posting, but operational document/tcode pattern; standard workflow controls apply."
AA,FB1S,TECHNICAL_USER,NOT_MANUAL,NO,"Posted by technical/system user, treated as automated/system-generated."
AA,FB1S,NON_TECHNICAL_USER,MANUAL,NO,"Human-initiated posting, but operational document/tcode pattern; standard workflow controls apply."
AA,FB70,TECHNICAL_USER,NOT_MANUAL,NO,"Posted by technical/system user, treated as automated/system-generated."
AA,FB70,NON_TECHNICAL_USER,MANUAL,NO,"Human-initiated posting, but operational document/tcode pattern; standard workflow controls apply."
AA,FBA7,TECHNICAL_USER,NOT_MANUAL,NO,"Posted by technical/system user, treated as automated/system-generated."
AA,FBA7,NON_TECHNICAL_USER,MANUAL,NO,"Human-initiated posting, but operational document/tcode pattern; standard workflow controls apply."
AA,FBB1,TECHNICAL_USER,NOT_MANUAL,NO,"Posted by technical/system user, treated as automated/system-generated."
AA,FBB1,NON_TECHNICAL_USER,MANUAL,YES,Human-initiated posting with high-risk tcode and/or high-risk document type; maker-checker approval required before posting.
AA,FBD5,TECHNICAL_USER,NOT_MANUAL,NO,"Posted by technical/system user, treated as automated/system-generated."
AA,FBD5,NON_TECHNICAL_USER,MANUAL,YES,Human-initiated posting with high-risk tcode and/or high-risk document type; maker-checker approval required before posting.
AA,FBDC_C002,TECHNICAL_USER,NOT_MANUAL,NO,"Posted by technical/system user, treated as automated/system-generated."
AA,FBDC_C002,NON_TECHNICAL_USER,MANUAL,NO,"Human-initiated posting, but operational document/tcode pattern; standard workflow controls apply."
AA,FBDC_C014,TECHNICAL_USER,NOT_MANUAL,NO,"Posted by technical/system user, treated as automated/system-generated."
AA,FBDC_C014,NON_TECHNICAL_USER,MANUAL,NO,"Human-initiated posting, but operational document/tcode pattern; standard workflow controls apply."
AA,FBDC_C022,TECHNICAL_USER,NOT_MANUAL,NO,"Posted by technical/system user, treated as automated/system-generated."
AA,FBDC_C022,NON_TECHNICAL_USER,MANUAL,NO,"Human-initiated posting, but operational document/tcode pattern; standard workflow controls apply."
AA,FBDC_C024,TECHNICAL_USER,NOT_MANUAL,NO,"Posted by technical/system user, treated as automated/system-generated."
AA,FBDC_C024,NON_TECHNICAL_USER,MANUAL,NO,"Human-initiated posting, but operational document/tcode pattern; standard workflow controls apply."
AA,FBDC_C080,TECHNICAL_USER,NOT_MANUAL,NO,"Posted by technical/system user, treated as automated/system-generated."
AA,FBDC_C080,NON_TECHNICAL_USER,MANUAL,NO,"Human-initiated posting, but operational document/tcode pattern; standard workflow controls apply."
AA,FBDC_P001,TECHNICAL_USER,NOT_MANUAL,NO,"Posted by technical/system user, treated as automated/system-generated."
AA,FBDC_P001,NON_TECHNICAL_USER,MANUAL,YES,Human-initiated posting with high-risk tcode and/or high-risk document type; maker-checker approval required before posting.
AA,FBL1N,TECHNICAL_USER,NOT_MANUAL,NO,"Posted by technical/system user, treated as automated/system-generated."
AA,FBL1N,NON_TECHNICAL_USER,NOT_MANUAL,NO,ERP transaction code is system/batch/process driven.
AA,FBVB,TECHNICAL_USER,NOT_MANUAL,NO,"Posted by technical/system user, treated as automated/system-generated."
AA,FBVB,NON_TECHNICAL_USER,NOT_MANUAL,NO,ERP transaction code is system/batch/process driven.
AA,FBZ2,TECHNICAL_USER,NOT_MANUAL,NO,"Posted by technical/system user, treated as automated/system-generated."
AA,FBZ2,NON_TECHNICAL_USER,MANUAL,NO,"Human-initiated posting, but operational document/tcode pattern; standard workflow controls apply."
AA,FV60,TECHNICAL_USER,NOT_MANUAL,NO,"Posted by technical/system user, treated as automated/system-generated."
AA,FV60,NON_TECHNICAL_USER,MANUAL,NO,"Human-initiated posting, but operational document/tcode pattern; standard workflow controls apply."
AA,KO88,TECHNICAL_USER,NOT_MANUAL,NO,"Posted by technical/system user, treated as automated/system-generated."
AA,KO88,NON_TECHNICAL_USER,NOT_MANUAL,NO,ERP transaction code is system/batch/process driven.
AA,KO8G,TECHNICAL_USER,NOT_MANUAL,NO,"Posted by technical/system user, treated as automated/system-generated."
AA,KO8G,NON_TECHNICAL_USER,NOT_MANUAL,NO,ERP transaction code is system/batch/process driven.
AA,KSV5,TECHNICAL_USER,NOT_MANUAL,NO,"Posted by technical/system user, treated as automated/system-generated."
AA,KSV5,NON_TECHNICAL_USER,NOT_MANUAL,NO,ERP transaction code is system/batch/process driven.
AA,LSMW,TECHNICAL_USER,NOT_MANUAL,NO,"Posted by technical/system user, treated as automated/system-generated."
AA,LSMW,NON_TECHNICAL_USER,MANUAL,YES,Human-initiated posting with high-risk tcode and/or high-risk document type; maker-checker approval required before posting.
AA,MIR4,TECHNICAL_USER,NOT_MANUAL,NO,"Posted by technical/system user, treated as automated/system-generated."
AA,MIR4,NON_TECHNICAL_USER,NOT_MANUAL,NO,ERP transaction code is system/batch/process driven.
AA,MIRO,TECHNICAL_USER,NOT_MANUAL,NO,"Posted by technical/system user, treated as automated/system-generated."
AA,MIRO,NON_TECHNICAL_USER,MANUAL,NO,"Human-initiated posting, but operational document/tcode pattern; standard workflow controls apply."
AA,MR8M,TECHNICAL_USER,NOT_MANUAL,NO,"Posted by technical/system user, treated as automated/system-generated."
AA,MR8M,NON_TECHNICAL_USER,MANUAL,NO,"Human-initiated posting, but operational document/tcode pattern; standard workflow controls apply."
AA,ZFI_ADP,TECHNICAL_USER,NOT_MANUAL,NO,"Posted by technical/system user, treated as automated/system-generated."
AA,ZFI_ADP,NON_TECHNICAL_USER,MANUAL,YES,Human-initiated posting with high-risk tcode and/or high-risk document type; maker-checker approval required before posting.
AA,ZLIA_COCKPIT,TECHNICAL_USER,NOT_MANUAL,NO,"Posted by technical/system user, treated as automated/system-generated."
AA,ZLIA_COCKPIT,NON_TECHNICAL_USER,NOT_MANUAL,NO,ERP transaction code is system/batch/process driven.
AA,ZMM_CARGA_MIRO_MX,TECHNICAL_USER,NOT_MANUAL,NO,"Posted by technical/system user, treated as automated/system-generated."
AA,ZMM_CARGA_MIRO_MX,NON_TECHNICAL_USER,MANUAL,NO,"Human-initiated posting, but operational document/tcode pattern; standard workflow controls apply."
AF,,TECHNICAL_USER,NOT_MANUAL,NO,"Posted by technical/system user, treated as automated/system-generated."
AF,,NON_TECHNICAL_USER,NOT_MANUAL,NO,ERP transaction code is system/batch/process driven.
AF,AB01L,TECHNICAL_USER,NOT_MANUAL,NO,"Posted by technical/system user, treated as automated/system-generated."
AF,AB01L,NON_TECHNICAL_USER,MANUAL,YES,Human-initiated posting with high-risk tcode and/or high-risk document type; maker-checker approval required before posting.
AF,AB08,TECHNICAL_USER,NOT_MANUAL,NO,"Posted by technical/system user, treated as automated/system-generated."
AF,AB08,NON_TECHNICAL_USER,MANUAL,YES,Human-initiated posting with high-risk tcode and/or high-risk document type; maker-checker approval required before posting.
AF,ABAVN,TECHNICAL_USER,NOT_MANUAL,NO,"Posted by technical/system user, treated as automated/system-generated."
AF,ABAVN,NON_TECHNICAL_USER,MANUAL,YES,Human-initiated posting with high-risk tcode and/or high-risk document type; maker-checker approval required before posting.
AF,ABUMN,TECHNICAL_USER,NOT_MANUAL,NO,"Posted by technical/system user, treated as automated/system-generated."
AF,ABUMN,NON_TECHNICAL_USER,MANUAL,YES,Human-initiated posting with high-risk tcode and/or high-risk document type; maker-checker approval required before posting.
AF,ABZON,TECHNICAL_USER,NOT_MANUAL,NO,"Posted by technical/system user, treated as automated/system-generated."
AF,ABZON,NON_TECHNICAL_USER,MANUAL,YES,Human-initiated posting with high-risk tcode and/or high-risk document type; maker-checker approval required before posting.
AF,AFABN,TECHNICAL_USER,NOT_MANUAL,NO,"Posted by technical/system user, treated as automated/system-generated."
AF,AFABN,NON_TECHNICAL_USER,NOT_MANUAL,NO,ERP transaction code is system/batch/process driven.
AF,AS02,TECHNICAL_USER,NOT_MANUAL,NO,"Posted by technical/system user, treated as automated/system-generated."
AF,AS02,NON_TECHNICAL_USER,MANUAL,YES,Human-initiated posting with high-risk tcode and/or high-risk document type; maker-checker approval required before posting.
AF,F110,TECHNICAL_USER,NOT_MANUAL,NO,"Posted by technical/system user, treated as automated/system-generated."
AF,F110,NON_TECHNICAL_USER,NOT_MANUAL,NO,ERP transaction code is system/batch/process driven.
AF,F111,TECHNICAL_USER,NOT_MANUAL,NO,"Posted by technical/system user, treated as automated/system-generated."
AF,F111,NON_TECHNICAL_USER,NOT_MANUAL,NO,ERP transaction code is system/batch/process driven.
AF,FAGL_IT_02,TECHNICAL_USER,NOT_MANUAL,NO,"Posted by technical/system user, treated as automated/system-generated."
AF,FAGL_IT_02,NON_TECHNICAL_USER,NOT_MANUAL,NO,ERP transaction code is system/batch/process driven.
AF,FB01,TECHNICAL_USER,NOT_MANUAL,NO,"Posted by technical/system user, treated as automated/system-generated."
AF,FB01,NON_TECHNICAL_USER,MANUAL,YES,Human-initiated posting with high-risk tcode and/or high-risk document type; maker-checker approval required before posting.
AF,FB05,TECHNICAL_USER,NOT_MANUAL,NO,"Posted by technical/system user, treated as automated/system-generated."
AF,FB05,NON_TECHNICAL_USER,MANUAL,NO,"Human-initiated posting, but operational document/tcode pattern; standard workflow controls apply."
AF,FB08,TECHNICAL_USER,NOT_MANUAL,NO,"Posted by technical/system user, treated as automated/system-generated."
AF,FB08,NON_TECHNICAL_USER,MANUAL,YES,Human-initiated posting with high-risk tcode and/or high-risk document type; maker-checker approval required before posting.
AF,FB1K,TECHNICAL_USER,NOT_MANUAL,NO,"Posted by technical/system user, treated as automated/system-generated."
AF,FB1K,NON_TECHNICAL_USER,MANUAL,NO,"Human-initiated posting, but operational document/tcode pattern; standard workflow controls apply."
AF,FB1S,TECHNICAL_USER,NOT_MANUAL,NO,"Posted by technical/system user, treated as automated/system-generated."
AF,FB1S,NON_TECHNICAL_USER,MANUAL,NO,"Human-initiated posting, but operational document/tcode pattern; standard workflow controls apply."
AF,FB70,TECHNICAL_USER,NOT_MANUAL,NO,"Posted by technical/system user, treated as automated/system-generated."
AF,FB70,NON_TECHNICAL_USER,MANUAL,NO,"Human-initiated posting, but operational document/tcode pattern; standard workflow controls apply."
AF,FBA7,TECHNICAL_USER,NOT_MANUAL,NO,"Posted by technical/system user, treated as automated/system-generated."
AF,FBA7,NON_TECHNICAL_USER,MANUAL,NO,"Human-initiated posting, but operational document/tcode pattern; standard workflow controls apply."
AF,FBB1,TECHNICAL_USER,NOT_MANUAL,NO,"Posted by technical/system user, treated as automated/system-generated."
AF,FBB1,NON_TECHNICAL_USER,MANUAL,YES,Human-initiated posting with high-risk tcode and/or high-risk document type; maker-checker approval required before posting.
AF,FBD5,TECHNICAL_USER,NOT_MANUAL,NO,"Posted by technical/system user, treated as automated/system-generated."
AF,FBD5,NON_TECHNICAL_USER,MANUAL,YES,Human-initiated posting with high-risk tcode and/or high-risk document type; maker-checker approval required before posting.
AF,FBDC_C002,TECHNICAL_USER,NOT_MANUAL,NO,"Posted by technical/system user, treated as automated/system-generated."
AF,FBDC_C002,NON_TECHNICAL_USER,MANUAL,NO,"Human-initiated posting, but operational document/tcode pattern; standard workflow controls apply."
AF,FBDC_C014,TECHNICAL_USER,NOT_MANUAL,NO,"Posted by technical/system user, treated as automated/system-generated."
AF,FBDC_C014,NON_TECHNICAL_USER,MANUAL,NO,"Human-initiated posting, but operational document/tcode pattern; standard workflow controls apply."
AF,FBDC_C022,TECHNICAL_USER,NOT_MANUAL,NO,"Posted by technical/system user, treated as automated/system-generated."
AF,FBDC_C022,NON_TECHNICAL_USER,MANUAL,NO,"Human-initiated posting, but operational document/tcode pattern; standard workflow controls apply."
AF,FBDC_C024,TECHNICAL_USER,NOT_MANUAL,NO,"Posted by technical/system user, treated as automated/system-generated."
AF,FBDC_C024,NON_TECHNICAL_USER,MANUAL,NO,"Human-initiated posting, but operational document/tcode pattern; standard workflow controls apply."
AF,FBDC_C080,TECHNICAL_USER,NOT_MANUAL,NO,"Posted by technical/system user, treated as automated/system-generated."
AF,FBDC_C080,NON_TECHNICAL_USER,MANUAL,NO,"Human-initiated posting, but operational document/tcode pattern; standard workflow controls apply."
AF,FBDC_P001,TECHNICAL_USER,NOT_MANUAL,NO,"Posted by technical/system user, treated as automated/system-generated."
AF,FBDC_P001,NON_TECHNICAL_USER,MANUAL,YES,Human-initiated posting with high-risk tcode and/or high-risk document type; maker-checker approval required before posting.
AF,FBL1N,TECHNICAL_USER,NOT_MANUAL,NO,"Posted by technical/system user, treated as automated/system-generated."
AF,FBL1N,NON_TECHNICAL_USER,NOT_MANUAL,NO,ERP transaction code is system/batch/process driven.
AF,FBVB,TECHNICAL_USER,NOT_MANUAL,NO,"Posted by technical/system user, treated as automated/system-generated."
AF,FBVB,NON_TECHNICAL_USER,NOT_MANUAL,NO,ERP transaction code is system/batch/process driven.
AF,FBZ2,TECHNICAL_USER,NOT_MANUAL,NO,"Posted by technical/system user, treated as automated/system-generated."
AF,FBZ2,NON_TECHNICAL_USER,MANUAL,NO,"Human-initiated posting, but operational document/tcode pattern; standard workflow controls apply."
AF,FV60,TECHNICAL_USER,NOT_MANUAL,NO,"Posted by technical/system user, treated as automated/system-generated."
AF,FV60,NON_TECHNICAL_USER,MANUAL,NO,"Human-initiated posting, but operational document/tcode pattern; standard workflow controls apply."
AF,KO88,TECHNICAL_USER,NOT_MANUAL,NO,"Posted by technical/system user, treated as automated/system-generated."
AF,KO88,NON_TECHNICAL_USER,NOT_MANUAL,NO,ERP transaction code is system/batch/process driven.
AF,KO8G,TECHNICAL_USER,NOT_MANUAL,NO,"Posted by technical/system user, treated as automated/system-generated."
AF,KO8G,NON_TECHNICAL_USER,NOT_MANUAL,NO,ERP transaction code is system/batch/process driven.
AF,KSV5,TECHNICAL_USER,NOT_MANUAL,NO,"Posted by technical/system user, treated as automated/system-generated."
AF,KSV5,NON_TECHNICAL_USER,NOT_MANUAL,NO,ERP transaction code is system/batch/process driven.
AF,LSMW,TECHNICAL_USER,NOT_MANUAL,NO,"Posted by technical/system user, treated as automated/system-generated."
AF,LSMW,NON_TECHNICAL_USER,MANUAL,YES,Human-initiated posting with high-risk tcode and/or high-risk document type; maker-checker approval required before posting.
AF,MIR4,TECHNICAL_USER,NOT_MANUAL,NO,"Posted by technical/system user, treated as automated/system-generated."
AF,MIR4,NON_TECHNICAL_USER,NOT_MANUAL,NO,ERP transaction code is system/batch/process driven.
AF,MIRO,TECHNICAL_USER,NOT_MANUAL,NO,"Posted by technical/system user, treated as automated/system-generated."
AF,MIRO,NON_TECHNICAL_USER,MANUAL,NO,"Human-initiated posting, but operational document/tcode pattern; standard workflow controls apply."
AF,MR8M,TECHNICAL_USER,NOT_MANUAL,NO,"Posted by technical/system user, treated as automated/system-generated."
AF,MR8M,NON_TECHNICAL_USER,MANUAL,NO,"Human-initiated posting, but operational document/tcode pattern; standard workflow controls apply."
AF,ZFI_ADP,TECHNICAL_USER,NOT_MANUAL,NO,"Posted by technical/system user, treated as automated/system-generated."
AF,ZFI_ADP,NON_TECHNICAL_USER,MANUAL,YES,Human-initiated posting with high-risk tcode and/or high-risk document type; maker-checker approval required before posting.
AF,ZLIA_COCKPIT,TECHNICAL_USER,NOT_MANUAL,NO,"Posted by technical/system user, treated as automated/system-generated."
AF,ZLIA_COCKPIT,NON_TECHNICAL_USER,NOT_MANUAL,NO,ERP transaction code is system/batch/process driven.
AF,ZMM_CARGA_MIRO_MX,TECHNICAL_USER,NOT_MANUAL,NO,"Posted by technical/system user, treated as automated/system-generated."
AF,ZMM_CARGA_MIRO_MX,NON_TECHNICAL_USER,MANUAL,NO,"Human-initiated posting, but operational document/tcode pattern; standard workflow controls apply."
BK,,TECHNICAL_USER,NOT_MANUAL,NO,"Posted by technical/system user, treated as automated/system-generated."
BK,,NON_TECHNICAL_USER,NOT_MANUAL,NO,ERP transaction code is system/batch/process driven.
BK,AB01L,TECHNICAL_USER,NOT_MANUAL,NO,"Posted by technical/system user, treated as automated/system-generated."
BK,AB01L,NON_TECHNICAL_USER,MANUAL,YES,Human-initiated posting with high-risk tcode and/or high-risk document type; maker-checker approval required before posting.
BK,AB08,TECHNICAL_USER,NOT_MANUAL,NO,"Posted by technical/system user, treated as automated/system-generated."
BK,AB08,NON_TECHNICAL_USER,MANUAL,YES,Human-initiated posting with high-risk tcode and/or high-risk document type; maker-checker approval required before posting.
BK,ABAVN,TECHNICAL_USER,NOT_MANUAL,NO,"Posted by technical/system user, treated as automated/system-generated."
BK,ABAVN,NON_TECHNICAL_USER,MANUAL,YES,Human-initiated posting with high-risk tcode and/or high-risk document type; maker-checker approval required before posting.
BK,ABUMN,TECHNICAL_USER,NOT_MANUAL,NO,"Posted by technical/system user, treated as automated/system-generated."
BK,ABUMN,NON_TECHNICAL_USER,MANUAL,YES,Human-initiated posting with high-risk tcode and/or high-risk document type; maker-checker approval required before posting.
BK,ABZON,TECHNICAL_USER,NOT_MANUAL,NO,"Posted by technical/system user, treated as automated/system-generated."
BK,ABZON,NON_TECHNICAL_USER,MANUAL,YES,Human-initiated posting with high-risk tcode and/or high-risk document type; maker-checker approval required before posting.
BK,AFABN,TECHNICAL_USER,NOT_MANUAL,NO,"Posted by technical/system user, treated as automated/system-generated."
BK,AFABN,NON_TECHNICAL_USER,NOT_MANUAL,NO,ERP transaction code is system/batch/process driven.
BK,AS02,TECHNICAL_USER,NOT_MANUAL,NO,"Posted by technical/system user, treated as automated/system-generated."
BK,AS02,NON_TECHNICAL_USER,MANUAL,YES,Human-initiated posting with high-risk tcode and/or high-risk document type; maker-checker approval required before posting.
BK,F110,TECHNICAL_USER,NOT_MANUAL,NO,"Posted by technical/system user, treated as automated/system-generated."
BK,F110,NON_TECHNICAL_USER,NOT_MANUAL,NO,ERP transaction code is system/batch/process driven.
BK,F111,TECHNICAL_USER,NOT_MANUAL,NO,"Posted by technical/system user, treated as automated/system-generated."
BK,F111,NON_TECHNICAL_USER,NOT_MANUAL,NO,ERP transaction code is system/batch/process driven.
BK,FAGL_IT_02,TECHNICAL_USER,NOT_MANUAL,NO,"Posted by technical/system user, treated as automated/system-generated."
BK,FAGL_IT_02,NON_TECHNICAL_USER,NOT_MANUAL,NO,ERP transaction code is system/batch/process driven.
BK,FB01,TECHNICAL_USER,NOT_MANUAL,NO,"Posted by technical/system user, treated as automated/system-generated."
BK,FB01,NON_TECHNICAL_USER,MANUAL,YES,Human-initiated posting with high-risk tcode and/or high-risk document type; maker-checker approval required before posting.
BK,FB05,TECHNICAL_USER,NOT_MANUAL,NO,"Posted by technical/system user, treated as automated/system-generated."
BK,FB05,NON_TECHNICAL_USER,MANUAL,YES,Human-initiated posting with high-risk tcode and/or high-risk document type; maker-checker approval required before posting.
BK,FB08,TECHNICAL_USER,NOT_MANUAL,NO,"Posted by technical/system user, treated as automated/system-generated."
BK,FB08,NON_TECHNICAL_USER,MANUAL,YES,Human-initiated posting with high-risk tcode and/or high-risk document type; maker-checker approval required before posting.
BK,FB1K,TECHNICAL_USER,NOT_MANUAL,NO,"Posted by technical/system user, treated as automated/system-generated."
BK,FB1K,NON_TECHNICAL_USER,MANUAL,YES,Human-initiated posting with high-risk tcode and/or high-risk document type; maker-checker approval required before posting.
BK,FB1S,TECHNICAL_USER,NOT_MANUAL,NO,"Posted by technical/system user, treated as automated/system-generated."
BK,FB1S,NON_TECHNICAL_USER,MANUAL,YES,Human-initiated posting with high-risk tcode and/or high-risk document type; maker-checker approval required before posting.
BK,FB70,TECHNICAL_USER,NOT_MANUAL,NO,"Posted by technical/system user, treated as automated/system-generated."
BK,FB70,NON_TECHNICAL_USER,MANUAL,YES,Human-initiated posting with high-risk tcode and/or high-risk document type; maker-checker approval required before posting.
BK,FBA7,TECHNICAL_USER,NOT_MANUAL,NO,"Posted by technical/system user, treated as automated/system-generated."
BK,FBA7,NON_TECHNICAL_USER,MANUAL,YES,Human-initiated posting with high-risk tcode and/or high-risk document type; maker-checker approval required before posting.
BK,FBB1,TECHNICAL_USER,NOT_MANUAL,NO,"Posted by technical/system user, treated as automated/system-generated."
BK,FBB1,NON_TECHNICAL_USER,MANUAL,YES,Human-initiated posting with high-risk tcode and/or high-risk document type; maker-checker approval required before posting.
BK,FBD5,TECHNICAL_USER,NOT_MANUAL,NO,"Posted by technical/system user, treated as automated/system-generated."
BK,FBD5,NON_TECHNICAL_USER,MANUAL,YES,Human-initiated posting with high-risk tcode and/or high-risk document type; maker-checker approval required before posting.
BK,FBDC_C002,TECHNICAL_USER,NOT_MANUAL,NO,"Posted by technical/system user, treated as automated/system-generated."
BK,FBDC_C002,NON_TECHNICAL_USER,MANUAL,YES,Human-initiated posting with high-risk tcode and/or high-risk document type; maker-checker approval required before posting.
BK,FBDC_C014,TECHNICAL_USER,NOT_MANUAL,NO,"Posted by technical/system user, treated as automated/system-generated."
BK,FBDC_C014,NON_TECHNICAL_USER,MANUAL,YES,Human-initiated posting with high-risk tcode and/or high-risk document type; maker-checker approval required before posting.
BK,FBDC_C022,TECHNICAL_USER,NOT_MANUAL,NO,"Posted by technical/system user, treated as automated/system-generated."
BK,FBDC_C022,NON_TECHNICAL_USER,MANUAL,YES,Human-initiated posting with high-risk tcode and/or high-risk document type; maker-checker approval required before posting.
BK,FBDC_C024,TECHNICAL_USER,NOT_MANUAL,NO,"Posted by technical/system user, treated as automated/system-generated."
BK,FBDC_C024,NON_TECHNICAL_USER,MANUAL,YES,Human-initiated posting with high-risk tcode and/or high-risk document type; maker-checker approval required before posting.
BK,FBDC_C080,TECHNICAL_USER,NOT_MANUAL,NO,"Posted by technical/system user, treated as automated/system-generated."
BK,FBDC_C080,NON_TECHNICAL_USER,MANUAL,YES,Human-initiated posting with high-risk tcode and/or high-risk document type; maker-checker approval required before posting.
BK,FBDC_P001,TECHNICAL_USER,NOT_MANUAL,NO,"Posted by technical/system user, treated as automated/system-generated."
BK,FBDC_P001,NON_TECHNICAL_USER,MANUAL,YES,Human-initiated posting with high-risk tcode and/or high-risk document type; maker-checker approval required before posting.
BK,FBL1N,TECHNICAL_USER,NOT_MANUAL,NO,"Posted by technical/system user, treated as automated/system-generated."
BK,FBL1N,NON_TECHNICAL_USER,NOT_MANUAL,NO,ERP transaction code is system/batch/process driven.
BK,FBVB,TECHNICAL_USER,NOT_MANUAL,NO,"Posted by technical/system user, treated as automated/system-generated."
BK,FBVB,NON_TECHNICAL_USER,NOT_MANUAL,NO,ERP transaction code is system/batch/process driven.
BK,FBZ2,TECHNICAL_USER,NOT_MANUAL,NO,"Posted by technical/system user, treated as automated/system-generated."
BK,FBZ2,NON_TECHNICAL_USER,MANUAL,YES,Human-initiated posting with high-risk tcode and/or high-risk document type; maker-checker approval required before posting.
BK,FV60,TECHNICAL_USER,NOT_MANUAL,NO,"Posted by technical/system user, treated as automated/system-generated."
BK,FV60,NON_TECHNICAL_USER,MANUAL,YES,Human-initiated posting with high-risk tcode and/or high-risk document type; maker-checker approval required before posting.
BK,KO88,TECHNICAL_USER,NOT_MANUAL,NO,"Posted by technical/system user, treated as automated/system-generated."
BK,KO88,NON_TECHNICAL_USER,NOT_MANUAL,NO,ERP transaction code is system/batch/process driven.
BK,KO8G,TECHNICAL_USER,NOT_MANUAL,NO,"Posted by technical/system user, treated as automated/system-generated."
BK,KO8G,NON_TECHNICAL_USER,NOT_MANUAL,NO,ERP transaction code is system/batch/process driven.
BK,KSV5,TECHNICAL_USER,NOT_MANUAL,NO,"Posted by technical/system user, treated as automated/system-generated."
BK,KSV5,NON_TECHNICAL_USER,NOT_MANUAL,NO,ERP transaction code is system/batch/process driven.
BK,LSMW,TECHNICAL_USER,NOT_MANUAL,NO,"Posted by technical/system user, treated as automated/system-generated."
BK,LSMW,NON_TECHNICAL_USER,MANUAL,YES,Human-initiated posting with high-risk tcode and/or high-risk document type; maker-checker approval required before posting.
BK,MIR4,TECHNICAL_USER,NOT_MANUAL,NO,"Posted by technical/system user, treated as automated/system-generated."
BK,MIR4,NON_TECHNICAL_USER,NOT_MANUAL,NO,ERP transaction code is system/batch/process driven.
BK,MIRO,TECHNICAL_USER,NOT_MANUAL,NO,"Posted by technical/system user, treated as automated/system-generated."
BK,MIRO,NON_TECHNICAL_USER,MANUAL,YES,Human-initiated posting with high-risk tcode and/or high-risk document type; maker-checker approval required before posting.
BK,MR8M,TECHNICAL_USER,NOT_MANUAL,NO,"Posted by technical/system user, treated as automated/system-generated."
BK,MR8M,NON_TECHNICAL_USER,MANUAL,YES,Human-initiated posting with high-risk tcode and/or high-risk document type; maker-checker approval required before posting.
BK,ZFI_ADP,TECHNICAL_USER,NOT_MANUAL,NO,"Posted by technical/system user, treated as automated/system-generated."
BK,ZFI_ADP,NON_TECHNICAL_USER,MANUAL,YES,Human-initiated posting with high-risk tcode and/or high-risk document type; maker-checker approval required before posting.
BK,ZLIA_COCKPIT,TECHNICAL_USER,NOT_MANUAL,NO,"Posted by technical/system user, treated as automated/system-generated."
BK,ZLIA_COCKPIT,NON_TECHNICAL_USER,NOT_MANUAL,NO,ERP transaction code is system/batch/process driven.
BK,ZMM_CARGA_MIRO_MX,TECHNICAL_USER,NOT_MANUAL,NO,"Posted by technical/system user, treated as automated/system-generated."
BK,ZMM_CARGA_MIRO_MX,NON_TECHNICAL_USER,MANUAL,YES,Human-initiated posting with high-risk tcode and/or high-risk document type; maker-checker approval required before posting.
CC,,TECHNICAL_USER,NOT_MANUAL,NO,"Posted by technical/system user, treated as automated/system-generated."
CC,,NON_TECHNICAL_USER,NOT_MANUAL,NO,ERP transaction code is system/batch/process driven.
CC,AB01L,TECHNICAL_USER,NOT_MANUAL,NO,"Posted by technical/system user, treated as automated/system-generated."
CC,AB01L,NON_TECHNICAL_USER,MANUAL,YES,Human-initiated posting with high-risk tcode and/or high-risk document type; maker-checker approval required before posting.
CC,AB08,TECHNICAL_USER,NOT_MANUAL,NO,"Posted by technical/system user, treated as automated/system-generated."
CC,AB08,NON_TECHNICAL_USER,MANUAL,YES,Human-initiated posting with high-risk tcode and/or high-risk document type; maker-checker approval required before posting.
CC,ABAVN,TECHNICAL_USER,NOT_MANUAL,NO,"Posted by technical/system user, treated as automated/system-generated."
CC,ABAVN,NON_TECHNICAL_USER,MANUAL,YES,Human-initiated posting with high-risk tcode and/or high-risk document type; maker-checker approval required before posting.
CC,ABUMN,TECHNICAL_USER,NOT_MANUAL,NO,"Posted by technical/system user, treated as automated/system-generated."
CC,ABUMN,NON_TECHNICAL_USER,MANUAL,YES,Human-initiated posting with high-risk tcode and/or high-risk document type; maker-checker approval required before posting.
CC,ABZON,TECHNICAL_USER,NOT_MANUAL,NO,"Posted by technical/system user, treated as automated/system-generated."
CC,ABZON,NON_TECHNICAL_USER,MANUAL,YES,Human-initiated posting with high-risk tcode and/or high-risk document type; maker-checker approval required before posting.
CC,AFABN,TECHNICAL_USER,NOT_MANUAL,NO,"Posted by technical/system user, treated as automated/system-generated."
CC,AFABN,NON_TECHNICAL_USER,NOT_MANUAL,NO,ERP transaction code is system/batch/process driven.
CC,AS02,TECHNICAL_USER,NOT_MANUAL,NO,"Posted by technical/system user, treated as automated/system-generated."
CC,AS02,NON_TECHNICAL_USER,MANUAL,YES,Human-initiated posting with high-risk tcode and/or high-risk document type; maker-checker approval required before posting.
CC,F110,TECHNICAL_USER,NOT_MANUAL,NO,"Posted by technical/system user, treated as automated/system-generated."
CC,F110,NON_TECHNICAL_USER,NOT_MANUAL,NO,ERP transaction code is system/batch/process driven.
CC,F111,TECHNICAL_USER,NOT_MANUAL,NO,"Posted by technical/system user, treated as automated/system-generated."
CC,F111,NON_TECHNICAL_USER,NOT_MANUAL,NO,ERP transaction code is system/batch/process driven.
CC,FAGL_IT_02,TECHNICAL_USER,NOT_MANUAL,NO,"Posted by technical/system user, treated as automated/system-generated."
CC,FAGL_IT_02,NON_TECHNICAL_USER,NOT_MANUAL,NO,ERP transaction code is system/batch/process driven.
CC,FB01,TECHNICAL_USER,NOT_MANUAL,NO,"Posted by technical/system user, treated as automated/system-generated."
CC,FB01,NON_TECHNICAL_USER,MANUAL,YES,Human-initiated posting with high-risk tcode and/or high-risk document type; maker-checker approval required before posting.
CC,FB05,TECHNICAL_USER,NOT_MANUAL,NO,"Posted by technical/system user, treated as automated/system-generated."
CC,FB05,NON_TECHNICAL_USER,MANUAL,NO,"Human-initiated posting, but operational document/tcode pattern; standard workflow controls apply."
CC,FB08,TECHNICAL_USER,NOT_MANUAL,NO,"Posted by technical/system user, treated as automated/system-generated."
CC,FB08,NON_TECHNICAL_USER,MANUAL,YES,Human-initiated posting with high-risk tcode and/or high-risk document type; maker-checker approval required before posting.
CC,FB1K,TECHNICAL_USER,NOT_MANUAL,NO,"Posted by technical/system user, treated as automated/system-generated."
CC,FB1K,NON_TECHNICAL_USER,MANUAL,NO,"Human-initiated posting, but operational document/tcode pattern; standard workflow controls apply."
CC,FB1S,TECHNICAL_USER,NOT_MANUAL,NO,"Posted by technical/system user, treated as automated/system-generated."
CC,FB1S,NON_TECHNICAL_USER,MANUAL,NO,"Human-initiated posting, but operational document/tcode pattern; standard workflow controls apply."
CC,FB70,TECHNICAL_USER,NOT_MANUAL,NO,"Posted by technical/system user, treated as automated/system-generated."
CC,FB70,NON_TECHNICAL_USER,MANUAL,NO,"Human-initiated posting, but operational document/tcode pattern; standard workflow controls apply."
CC,FBA7,TECHNICAL_USER,NOT_MANUAL,NO,"Posted by technical/system user, treated as automated/system-generated."
CC,FBA7,NON_TECHNICAL_USER,MANUAL,NO,"Human-initiated posting, but operational document/tcode pattern; standard workflow controls apply."
CC,FBB1,TECHNICAL_USER,NOT_MANUAL,NO,"Posted by technical/system user, treated as automated/system-generated."
CC,FBB1,NON_TECHNICAL_USER,MANUAL,YES,Human-initiated posting with high-risk tcode and/or high-risk document type; maker-checker approval required before posting.
CC,FBD5,TECHNICAL_USER,NOT_MANUAL,NO,"Posted by technical/system user, treated as automated/system-generated."
CC,FBD5,NON_TECHNICAL_USER,MANUAL,YES,Human-initiated posting with high-risk tcode and/or high-risk document type; maker-checker approval required before posting.
CC,FBDC_C002,TECHNICAL_USER,NOT_MANUAL,NO,"Posted by technical/system user, treated as automated/system-generated."
CC,FBDC_C002,NON_TECHNICAL_USER,MANUAL,NO,"Human-initiated posting, but operational document/tcode pattern; standard workflow controls apply."
CC,FBDC_C014,TECHNICAL_USER,NOT_MANUAL,NO,"Posted by technical/system user, treated as automated/system-generated."
CC,FBDC_C014,NON_TECHNICAL_USER,MANUAL,NO,"Human-initiated posting, but operational document/tcode pattern; standard workflow controls apply."
CC,FBDC_C022,TECHNICAL_USER,NOT_MANUAL,NO,"Posted by technical/system user, treated as automated/system-generated."
CC,FBDC_C022,NON_TECHNICAL_USER,MANUAL,NO,"Human-initiated posting, but operational document/tcode pattern; standard workflow controls apply."
CC,FBDC_C024,TECHNICAL_USER,NOT_MANUAL,NO,"Posted by technical/system user, treated as automated/system-generated."
CC,FBDC_C024,NON_TECHNICAL_USER,MANUAL,NO,"Human-initiated posting, but operational document/tcode pattern; standard workflow controls apply."
CC,FBDC_C080,TECHNICAL_USER,NOT_MANUAL,NO,"Posted by technical/system user, treated as automated/system-generated."
CC,FBDC_C080,NON_TECHNICAL_USER,MANUAL,NO,"Human-initiated posting, but operational document/tcode pattern; standard workflow controls apply."
CC,FBDC_P001,TECHNICAL_USER,NOT_MANUAL,NO,"Posted by technical/system user, treated as automated/system-generated."
CC,FBDC_P001,NON_TECHNICAL_USER,MANUAL,YES,Human-initiated posting with high-risk tcode and/or high-risk document type; maker-checker approval required before posting.
CC,FBL1N,TECHNICAL_USER,NOT_MANUAL,NO,"Posted by technical/system user, treated as automated/system-generated."
CC,FBL1N,NON_TECHNICAL_USER,NOT_MANUAL,NO,ERP transaction code is system/batch/process driven.
CC,FBVB,TECHNICAL_USER,NOT_MANUAL,NO,"Posted by technical/system user, treated as automated/system-generated."
CC,FBVB,NON_TECHNICAL_USER,NOT_MANUAL,NO,ERP transaction code is system/batch/process driven.
CC,FBZ2,TECHNICAL_USER,NOT_MANUAL,NO,"Posted by technical/system user, treated as automated/system-generated."
CC,FBZ2,NON_TECHNICAL_USER,MANUAL,NO,"Human-initiated posting, but operational document/tcode pattern; standard workflow controls apply."
CC,FV60,TECHNICAL_USER,NOT_MANUAL,NO,"Posted by technical/system user, treated as automated/system-generated."
CC,FV60,NON_TECHNICAL_USER,MANUAL,NO,"Human-initiated posting, but operational document/tcode pattern; standard workflow controls apply."
CC,KO88,TECHNICAL_USER,NOT_MANUAL,NO,"Posted by technical/system user, treated as automated/system-generated."
CC,KO88,NON_TECHNICAL_USER,NOT_MANUAL,NO,ERP transaction code is system/batch/process driven.
CC,KO8G,TECHNICAL_USER,NOT_MANUAL,NO,"Posted by technical/system user, treated as automated/system-generated."
CC,KO8G,NON_TECHNICAL_USER,NOT_MANUAL,NO,ERP transaction code is system/batch/process driven.
CC,KSV5,TECHNICAL_USER,NOT_MANUAL,NO,"Posted by technical/system user, treated as automated/system-generated."
CC,KSV5,NON_TECHNICAL_USER,NOT_MANUAL,NO,ERP transaction code is system/batch/process driven.
CC,LSMW,TECHNICAL_USER,NOT_MANUAL,NO,"Posted by technical/system user, treated as automated/system-generated."
CC,LSMW,NON_TECHNICAL_USER,MANUAL,YES,Human-initiated posting with high-risk tcode and/or high-risk document type; maker-checker approval required before posting.
CC,MIR4,TECHNICAL_USER,NOT_MANUAL,NO,"Posted by technical/system user, treated as automated/system-generated."
CC,MIR4,NON_TECHNICAL_USER,NOT_MANUAL,NO,ERP transaction code is system/batch/process driven.
CC,MIRO,TECHNICAL_USER,NOT_MANUAL,NO,"Posted by technical/system user, treated as automated/system-generated."
CC,MIRO,NON_TECHNICAL_USER,MANUAL,NO,"Human-initiated posting, but operational document/tcode pattern; standard workflow controls apply."
CC,MR8M,TECHNICAL_USER,NOT_MANUAL,NO,"Posted by technical/system user, treated as automated/system-generated."
CC,MR8M,NON_TECHNICAL_USER,MANUAL,NO,"Human-initiated posting, but operational document/tcode pattern; standard workflow controls apply."
CC,ZFI_ADP,TECHNICAL_USER,NOT_MANUAL,NO,"Posted by technical/system user, treated as automated/system-generated."
CC,ZFI_ADP,NON_TECHNICAL_USER,MANUAL,YES,Human-initiated posting with high-risk tcode and/or high-risk document type; maker-checker approval required before posting.
CC,ZLIA_COCKPIT,TECHNICAL_USER,NOT_MANUAL,NO,"Posted by technical/system user, treated as automated/system-generated."
CC,ZLIA_COCKPIT,NON_TECHNICAL_USER,NOT_MANUAL,NO,ERP transaction code is system/batch/process driven.
CC,ZMM_CARGA_MIRO_MX,TECHNICAL_USER,NOT_MANUAL,NO,"Posted by technical/system user, treated as automated/system-generated."
CC,ZMM_CARGA_MIRO_MX,NON_TECHNICAL_USER,MANUAL,NO,"Human-initiated posting, but operational document/tcode pattern; standard workflow controls apply."
CO,,TECHNICAL_USER,NOT_MANUAL,NO,"Posted by technical/system user, treated as automated/system-generated."
CO,,NON_TECHNICAL_USER,NOT_MANUAL,NO,ERP transaction code is system/batch/process driven.
CO,AB01L,TECHNICAL_USER,NOT_MANUAL,NO,"Posted by technical/system user, treated as automated/system-generated."
CO,AB01L,NON_TECHNICAL_USER,MANUAL,YES,Human-initiated posting with high-risk tcode and/or high-risk document type; maker-checker approval required before posting.
CO,AB08,TECHNICAL_USER,NOT_MANUAL,NO,"Posted by technical/system user, treated as automated/system-generated."
CO,AB08,NON_TECHNICAL_USER,MANUAL,YES,Human-initiated posting with high-risk tcode and/or high-risk document type; maker-checker approval required before posting.
CO,ABAVN,TECHNICAL_USER,NOT_MANUAL,NO,"Posted by technical/system user, treated as automated/system-generated."
CO,ABAVN,NON_TECHNICAL_USER,MANUAL,YES,Human-initiated posting with high-risk tcode and/or high-risk document type; maker-checker approval required before posting.
CO,ABUMN,TECHNICAL_USER,NOT_MANUAL,NO,"Posted by technical/system user, treated as automated/system-generated."
CO,ABUMN,NON_TECHNICAL_USER,MANUAL,YES,Human-initiated posting with high-risk tcode and/or high-risk document type; maker-checker approval required before posting.
CO,ABZON,TECHNICAL_USER,NOT_MANUAL,NO,"Posted by technical/system user, treated as automated/system-generated."
CO,ABZON,NON_TECHNICAL_USER,MANUAL,YES,Human-initiated posting with high-risk tcode and/or high-risk document type; maker-checker approval required before posting.
CO,AFABN,TECHNICAL_USER,NOT_MANUAL,NO,"Posted by technical/system user, treated as automated/system-generated."
CO,AFABN,NON_TECHNICAL_USER,NOT_MANUAL,NO,ERP transaction code is system/batch/process driven.
CO,AS02,TECHNICAL_USER,NOT_MANUAL,NO,"Posted by technical/system user, treated as automated/system-generated."
CO,AS02,NON_TECHNICAL_USER,MANUAL,YES,Human-initiated posting with high-risk tcode and/or high-risk document type; maker-checker approval required before posting.
CO,F110,TECHNICAL_USER,NOT_MANUAL,NO,"Posted by technical/system user, treated as automated/system-generated."
CO,F110,NON_TECHNICAL_USER,NOT_MANUAL,NO,ERP transaction code is system/batch/process driven.
CO,F111,TECHNICAL_USER,NOT_MANUAL,NO,"Posted by technical/system user, treated as automated/system-generated."
CO,F111,NON_TECHNICAL_USER,NOT_MANUAL,NO,ERP transaction code is system/batch/process driven.
CO,FAGL_IT_02,TECHNICAL_USER,NOT_MANUAL,NO,"Posted by technical/system user, treated as automated/system-generated."
CO,FAGL_IT_02,NON_TECHNICAL_USER,NOT_MANUAL,NO,ERP transaction code is system/batch/process driven.
CO,FB01,TECHNICAL_USER,NOT_MANUAL,NO,"Posted by technical/system user, treated as automated/system-generated."
CO,FB01,NON_TECHNICAL_USER,MANUAL,YES,Human-initiated posting with high-risk tcode and/or high-risk document type; maker-checker approval required before posting.
CO,FB05,TECHNICAL_USER,NOT_MANUAL,NO,"Posted by technical/system user, treated as automated/system-generated."
CO,FB05,NON_TECHNICAL_USER,MANUAL,NO,"Human-initiated posting, but operational document/tcode pattern; standard workflow controls apply."
CO,FB08,TECHNICAL_USER,NOT_MANUAL,NO,"Posted by technical/system user, treated as automated/system-generated."
CO,FB08,NON_TECHNICAL_USER,MANUAL,YES,Human-initiated posting with high-risk tcode and/or high-risk document type; maker-checker approval required before posting.
CO,FB1K,TECHNICAL_USER,NOT_MANUAL,NO,"Posted by technical/system user, treated as automated/system-generated."
CO,FB1K,NON_TECHNICAL_USER,MANUAL,NO,"Human-initiated posting, but operational document/tcode pattern; standard workflow controls apply."
CO,FB1S,TECHNICAL_USER,NOT_MANUAL,NO,"Posted by technical/system user, treated as automated/system-generated."
CO,FB1S,NON_TECHNICAL_USER,MANUAL,NO,"Human-initiated posting, but operational document/tcode pattern; standard workflow controls apply."
CO,FB70,TECHNICAL_USER,NOT_MANUAL,NO,"Posted by technical/system user, treated as automated/system-generated."
CO,FB70,NON_TECHNICAL_USER,MANUAL,NO,"Human-initiated posting, but operational document/tcode pattern; standard workflow controls apply."
CO,FBA7,TECHNICAL_USER,NOT_MANUAL,NO,"Posted by technical/system user, treated as automated/system-generated."
CO,FBA7,NON_TECHNICAL_USER,MANUAL,NO,"Human-initiated posting, but operational document/tcode pattern; standard workflow controls apply."
CO,FBB1,TECHNICAL_USER,NOT_MANUAL,NO,"Posted by technical/system user, treated as automated/system-generated."
CO,FBB1,NON_TECHNICAL_USER,MANUAL,YES,Human-initiated posting with high-risk tcode and/or high-risk document type; maker-checker approval required before posting.
CO,FBD5,TECHNICAL_USER,NOT_MANUAL,NO,"Posted by technical/system user, treated as automated/system-generated."
CO,FBD5,NON_TECHNICAL_USER,MANUAL,YES,Human-initiated posting with high-risk tcode and/or high-risk document type; maker-checker approval required before posting.
CO,FBDC_C002,TECHNICAL_USER,NOT_MANUAL,NO,"Posted by technical/system user, treated as automated/system-generated."
CO,FBDC_C002,NON_TECHNICAL_USER,MANUAL,NO,"Human-initiated posting, but operational document/tcode pattern; standard workflow controls apply."
CO,FBDC_C014,TECHNICAL_USER,NOT_MANUAL,NO,"Posted by technical/system user, treated as automated/system-generated."
CO,FBDC_C014,NON_TECHNICAL_USER,MANUAL,NO,"Human-initiated posting, but operational document/tcode pattern; standard workflow controls apply."
CO,FBDC_C022,TECHNICAL_USER,NOT_MANUAL,NO,"Posted by technical/system user, treated as automated/system-generated."
CO,FBDC_C022,NON_TECHNICAL_USER,MANUAL,NO,"Human-initiated posting, but operational document/tcode pattern; standard workflow controls apply."
CO,FBDC_C024,TECHNICAL_USER,NOT_MANUAL,NO,"Posted by technical/system user, treated as automated/system-generated."
CO,FBDC_C024,NON_TECHNICAL_USER,MANUAL,NO,"Human-initiated posting, but operational document/tcode pattern; standard workflow controls apply."
CO,FBDC_C080,TECHNICAL_USER,NOT_MANUAL,NO,"Posted by technical/system user, treated as automated/system-generated."
CO,FBDC_C080,NON_TECHNICAL_USER,MANUAL,NO,"Human-initiated posting, but operational document/tcode pattern; standard workflow controls apply."
CO,FBDC_P001,TECHNICAL_USER,NOT_MANUAL,NO,"Posted by technical/system user, treated as automated/system-generated."
CO,FBDC_P001,NON_TECHNICAL_USER,MANUAL,YES,Human-initiated posting with high-risk tcode and/or high-risk document type; maker-checker approval required before posting.
CO,FBL1N,TECHNICAL_USER,NOT_MANUAL,NO,"Posted by technical/system user, treated as automated/system-generated."
CO,FBL1N,NON_TECHNICAL_USER,NOT_MANUAL,NO,ERP transaction code is system/batch/process driven.
CO,FBVB,TECHNICAL_USER,NOT_MANUAL,NO,"Posted by technical/system user, treated as automated/system-generated."
CO,FBVB,NON_TECHNICAL_USER,NOT_MANUAL,NO,ERP transaction code is system/batch/process driven.
CO,FBZ2,TECHNICAL_USER,NOT_MANUAL,NO,"Posted by technical/system user, treated as automated/system-generated."
CO,FBZ2,NON_TECHNICAL_USER,MANUAL,NO,"Human-initiated posting, but operational document/tcode pattern; standard workflow controls apply."
CO,FV60,TECHNICAL_USER,NOT_MANUAL,NO,"Posted by technical/system user, treated as automated/system-generated."
CO,FV60,NON_TECHNICAL_USER,MANUAL,NO,"Human-initiated posting, but operational document/tcode pattern; standard workflow controls apply."
CO,KO88,TECHNICAL_USER,NOT_MANUAL,NO,"Posted by technical/system user, treated as automated/system-generated."
CO,KO88,NON_TECHNICAL_USER,NOT_MANUAL,NO,ERP transaction code is system/batch/process driven.
CO,KO8G,TECHNICAL_USER,NOT_MANUAL,NO,"Posted by technical/system user, treated as automated/system-generated."
CO,KO8G,NON_TECHNICAL_USER,NOT_MANUAL,NO,ERP transaction code is system/batch/process driven.
CO,KSV5,TECHNICAL_USER,NOT_MANUAL,NO,"Posted by technical/system user, treated as automated/system-generated."
CO,KSV5,NON_TECHNICAL_USER,NOT_MANUAL,NO,ERP transaction code is system/batch/process driven.
CO,LSMW,TECHNICAL_USER,NOT_MANUAL,NO,"Posted by technical/system user, treated as automated/system-generated."
CO,LSMW,NON_TECHNICAL_USER,MANUAL,YES,Human-initiated posting with high-risk tcode and/or high-risk document type; maker-checker approval required before posting.
CO,MIR4,TECHNICAL_USER,NOT_MANUAL,NO,"Posted by technical/system user, treated as automated/system-generated."
CO,MIR4,NON_TECHNICAL_USER,NOT_MANUAL,NO,ERP transaction code is system/batch/process driven.
CO,MIRO,TECHNICAL_USER,NOT_MANUAL,NO,"Posted by technical/system user, treated as automated/system-generated."
CO,MIRO,NON_TECHNICAL_USER,MANUAL,NO,"Human-initiated posting, but operational document/tcode pattern; standard workflow controls apply."
CO,MR8M,TECHNICAL_USER,NOT_MANUAL,NO,"Posted by technical/system user, treated as automated/system-generated."
CO,MR8M,NON_TECHNICAL_USER,MANUAL,NO,"Human-initiated posting, but operational document/tcode pattern; standard workflow controls apply."
CO,ZFI_ADP,TECHNICAL_USER,NOT_MANUAL,NO,"Posted by technical/system user, treated as automated/system-generated."
CO,ZFI_ADP,NON_TECHNICAL_USER,MANUAL,YES,Human-initiated posting with high-risk tcode and/or high-risk document type; maker-checker approval required before posting.
CO,ZLIA_COCKPIT,TECHNICAL_USER,NOT_MANUAL,NO,"Posted by technical/system user, treated as automated/system-generated."
CO,ZLIA_COCKPIT,NON_TECHNICAL_USER,NOT_MANUAL,NO,ERP transaction code is system/batch/process driven.
CO,ZMM_CARGA_MIRO_MX,TECHNICAL_USER,NOT_MANUAL,NO,"Posted by technical/system user, treated as automated/system-generated."
CO,ZMM_CARGA_MIRO_MX,NON_TECHNICAL_USER,MANUAL,NO,"Human-initiated posting, but operational document/tcode pattern; standard workflow controls apply."
CP,,TECHNICAL_USER,NOT_MANUAL,NO,"Posted by technical/system user, treated as automated/system-generated."
CP,,NON_TECHNICAL_USER,NOT_MANUAL,NO,ERP transaction code is system/batch/process driven.
CP,AB01L,TECHNICAL_USER,NOT_MANUAL,NO,"Posted by technical/system user, treated as automated/system-generated."
CP,AB01L,NON_TECHNICAL_USER,MANUAL,YES,Human-initiated posting with high-risk tcode and/or high-risk document type; maker-checker approval required before posting.
CP,AB08,TECHNICAL_USER,NOT_MANUAL,NO,"Posted by technical/system user, treated as automated/system-generated."
CP,AB08,NON_TECHNICAL_USER,MANUAL,YES,Human-initiated posting with high-risk tcode and/or high-risk document type; maker-checker approval required before posting.
CP,ABAVN,TECHNICAL_USER,NOT_MANUAL,NO,"Posted by technical/system user, treated as automated/system-generated."
CP,ABAVN,NON_TECHNICAL_USER,MANUAL,YES,Human-initiated posting with high-risk tcode and/or high-risk document type; maker-checker approval required before posting.
CP,ABUMN,TECHNICAL_USER,NOT_MANUAL,NO,"Posted by technical/system user, treated as automated/system-generated."
CP,ABUMN,NON_TECHNICAL_USER,MANUAL,YES,Human-initiated posting with high-risk tcode and/or high-risk document type; maker-checker approval required before posting.
CP,ABZON,TECHNICAL_USER,NOT_MANUAL,NO,"Posted by technical/system user, treated as automated/system-generated."
CP,ABZON,NON_TECHNICAL_USER,MANUAL,YES,Human-initiated posting with high-risk tcode and/or high-risk document type; maker-checker approval required before posting.
CP,AFABN,TECHNICAL_USER,NOT_MANUAL,NO,"Posted by technical/system user, treated as automated/system-generated."
CP,AFABN,NON_TECHNICAL_USER,NOT_MANUAL,NO,ERP transaction code is system/batch/process driven.
CP,AS02,TECHNICAL_USER,NOT_MANUAL,NO,"Posted by technical/system user, treated as automated/system-generated."
CP,AS02,NON_TECHNICAL_USER,MANUAL,YES,Human-initiated posting with high-risk tcode and/or high-risk document type; maker-checker approval required before posting.
CP,F110,TECHNICAL_USER,NOT_MANUAL,NO,"Posted by technical/system user, treated as automated/system-generated."
CP,F110,NON_TECHNICAL_USER,NOT_MANUAL,NO,ERP transaction code is system/batch/process driven.
CP,F111,TECHNICAL_USER,NOT_MANUAL,NO,"Posted by technical/system user, treated as automated/system-generated."
CP,F111,NON_TECHNICAL_USER,NOT_MANUAL,NO,ERP transaction code is system/batch/process driven.
CP,FAGL_IT_02,TECHNICAL_USER,NOT_MANUAL,NO,"Posted by technical/system user, treated as automated/system-generated."
CP,FAGL_IT_02,NON_TECHNICAL_USER,NOT_MANUAL,NO,ERP transaction code is system/batch/process driven.
CP,FB01,TECHNICAL_USER,NOT_MANUAL,NO,"Posted by technical/system user, treated as automated/system-generated."
CP,FB01,NON_TECHNICAL_USER,MANUAL,YES,Human-initiated posting with high-risk tcode and/or high-risk document type; maker-checker approval required before posting.
CP,FB05,TECHNICAL_USER,NOT_MANUAL,NO,"Posted by technical/system user, treated as automated/system-generated."
CP,FB05,NON_TECHNICAL_USER,MANUAL,YES,Human-initiated posting with high-risk tcode and/or high-risk document type; maker-checker approval required before posting.
CP,FB08,TECHNICAL_USER,NOT_MANUAL,NO,"Posted by technical/system user, treated as automated/system-generated."
CP,FB08,NON_TECHNICAL_USER,MANUAL,YES,Human-initiated posting with high-risk tcode and/or high-risk document type; maker-checker approval required before posting.
CP,FB1K,TECHNICAL_USER,NOT_MANUAL,NO,"Posted by technical/system user, treated as automated/system-generated."
CP,FB1K,NON_TECHNICAL_USER,MANUAL,YES,Human-initiated posting with high-risk tcode and/or high-risk document type; maker-checker approval required before posting.
CP,FB1S,TECHNICAL_USER,NOT_MANUAL,NO,"Posted by technical/system user, treated as automated/system-generated."
CP,FB1S,NON_TECHNICAL_USER,MANUAL,YES,Human-initiated posting with high-risk tcode and/or high-risk document type; maker-checker approval required before posting.
CP,FB70,TECHNICAL_USER,NOT_MANUAL,NO,"Posted by technical/system user, treated as automated/system-generated."
CP,FB70,NON_TECHNICAL_USER,MANUAL,YES,Human-initiated posting with high-risk tcode and/or high-risk document type; maker-checker approval required before posting.
CP,FBA7,TECHNICAL_USER,NOT_MANUAL,NO,"Posted by technical/system user, treated as automated/system-generated."
CP,FBA7,NON_TECHNICAL_USER,MANUAL,YES,Human-initiated posting with high-risk tcode and/or high-risk document type; maker-checker approval required before posting.
CP,FBB1,TECHNICAL_USER,NOT_MANUAL,NO,"Posted by technical/system user, treated as automated/system-generated."
CP,FBB1,NON_TECHNICAL_USER,MANUAL,YES,Human-initiated posting with high-risk tcode and/or high-risk document type; maker-checker approval required before posting.
CP,FBD5,TECHNICAL_USER,NOT_MANUAL,NO,"Posted by technical/system user, treated as automated/system-generated."
CP,FBD5,NON_TECHNICAL_USER,MANUAL,YES,Human-initiated posting with high-risk tcode and/or high-risk document type; maker-checker approval required before posting.
CP,FBDC_C002,TECHNICAL_USER,NOT_MANUAL,NO,"Posted by technical/system user, treated as automated/system-generated."
CP,FBDC_C002,NON_TECHNICAL_USER,MANUAL,YES,Human-initiated posting with high-risk tcode and/or high-risk document type; maker-checker approval required before posting.
CP,FBDC_C014,TECHNICAL_USER,NOT_MANUAL,NO,"Posted by technical/system user, treated as automated/system-generated."
CP,FBDC_C014,NON_TECHNICAL_USER,MANUAL,YES,Human-initiated posting with high-risk tcode and/or high-risk document type; maker-checker approval required before posting.
CP,FBDC_C022,TECHNICAL_USER,NOT_MANUAL,NO,"Posted by technical/system user, treated as automated/system-generated."
CP,FBDC_C022,NON_TECHNICAL_USER,MANUAL,YES,Human-initiated posting with high-risk tcode and/or high-risk document type; maker-checker approval required before posting.
CP,FBDC_C024,TECHNICAL_USER,NOT_MANUAL,NO,"Posted by technical/system user, treated as automated/system-generated."
CP,FBDC_C024,NON_TECHNICAL_USER,MANUAL,YES,Human-initiated posting with high-risk tcode and/or high-risk document type; maker-checker approval required before posting.
CP,FBDC_C080,TECHNICAL_USER,NOT_MANUAL,NO,"Posted by technical/system user, treated as automated/system-generated."
CP,FBDC_C080,NON_TECHNICAL_USER,MANUAL,YES,Human-initiated posting with high-risk tcode and/or high-risk document type; maker-checker approval required before posting.
CP,FBDC_P001,TECHNICAL_USER,NOT_MANUAL,NO,"Posted by technical/system user, treated as automated/system-generated."
CP,FBDC_P001,NON_TECHNICAL_USER,MANUAL,YES,Human-initiated posting with high-risk tcode and/or high-risk document type; maker-checker approval required before posting.
CP,FBL1N,TECHNICAL_USER,NOT_MANUAL,NO,"Posted by technical/system user, treated as automated/system-generated."
CP,FBL1N,NON_TECHNICAL_USER,NOT_MANUAL,NO,ERP transaction code is system/batch/process driven.
CP,FBVB,TECHNICAL_USER,NOT_MANUAL,NO,"Posted by technical/system user, treated as automated/system-generated."
CP,FBVB,NON_TECHNICAL_USER,NOT_MANUAL,NO,ERP transaction code is system/batch/process driven.
CP,FBZ2,TECHNICAL_USER,NOT_MANUAL,NO,"Posted by technical/system user, treated as automated/system-generated."
CP,FBZ2,NON_TECHNICAL_USER,MANUAL,YES,Human-initiated posting with high-risk tcode and/or high-risk document type; maker-checker approval required before posting.
CP,FV60,TECHNICAL_USER,NOT_MANUAL,NO,"Posted by technical/system user, treated as automated/system-generated."
CP,FV60,NON_TECHNICAL_USER,MANUAL,YES,Human-initiated posting with high-risk tcode and/or high-risk document type; maker-checker approval required before posting.
CP,KO88,TECHNICAL_USER,NOT_MANUAL,NO,"Posted by technical/system user, treated as automated/system-generated."
CP,KO88,NON_TECHNICAL_USER,NOT_MANUAL,NO,ERP transaction code is system/batch/process driven.
CP,KO8G,TECHNICAL_USER,NOT_MANUAL,NO,"Posted by technical/system user, treated as automated/system-generated."
CP,KO8G,NON_TECHNICAL_USER,NOT_MANUAL,NO,ERP transaction code is system/batch/process driven.
CP,KSV5,TECHNICAL_USER,NOT_MANUAL,NO,"Posted by technical/system user, treated as automated/system-generated."
CP,KSV5,NON_TECHNICAL_USER,NOT_MANUAL,NO,ERP transaction code is system/batch/process driven.
CP,LSMW,TECHNICAL_USER,NOT_MANUAL,NO,"Posted by technical/system user, treated as automated/system-generated."
CP,LSMW,NON_TECHNICAL_USER,MANUAL,YES,Human-initiated posting with high-risk tcode and/or high-risk document type; maker-checker approval required before posting.
CP,MIR4,TECHNICAL_USER,NOT_MANUAL,NO,"Posted by technical/system user, treated as automated/system-generated."
CP,MIR4,NON_TECHNICAL_USER,NOT_MANUAL,NO,ERP transaction code is system/batch/process driven.
CP,MIRO,TECHNICAL_USER,NOT_MANUAL,NO,"Posted by technical/system user, treated as automated/system-generated."
CP,MIRO,NON_TECHNICAL_USER,MANUAL,YES,Human-initiated posting with high-risk tcode and/or high-risk document type; maker-checker approval required before posting.
CP,MR8M,TECHNICAL_USER,NOT_MANUAL,NO,"Posted by technical/system user, treated as automated/system-generated."
CP,MR8M,NON_TECHNICAL_USER,MANUAL,YES,Human-initiated posting with high-risk tcode and/or high-risk document type; maker-checker approval required before posting.
CP,ZFI_ADP,TECHNICAL_USER,NOT_MANUAL,NO,"Posted by technical/system user, treated as automated/system-generated."
CP,ZFI_ADP,NON_TECHNICAL_USER,MANUAL,YES,Human-initiated posting with high-risk tcode and/or high-risk document type; maker-checker approval required before posting.
CP,ZLIA_COCKPIT,TECHNICAL_USER,NOT_MANUAL,NO,"Posted by technical/system user, treated as automated/system-generated."
CP,ZLIA_COCKPIT,NON_TECHNICAL_USER,NOT_MANUAL,NO,ERP transaction code is system/batch/process driven.
CP,ZMM_CARGA_MIRO_MX,TECHNICAL_USER,NOT_MANUAL,NO,"Posted by technical/system user, treated as automated/system-generated."
CP,ZMM_CARGA_MIRO_MX,NON_TECHNICAL_USER,MANUAL,YES,Human-initiated posting with high-risk tcode and/or high-risk document type; maker-checker approval required before posting.
CR,,TECHNICAL_USER,NOT_MANUAL,NO,"Posted by technical/system user, treated as automated/system-generated."
CR,,NON_TECHNICAL_USER,NOT_MANUAL,NO,ERP transaction code is system/batch/process driven.
CR,AB01L,TECHNICAL_USER,NOT_MANUAL,NO,"Posted by technical/system user, treated as automated/system-generated."
CR,AB01L,NON_TECHNICAL_USER,MANUAL,YES,Human-initiated posting with high-risk tcode and/or high-risk document type; maker-checker approval required before posting.
CR,AB08,TECHNICAL_USER,NOT_MANUAL,NO,"Posted by technical/system user, treated as automated/system-generated."
CR,AB08,NON_TECHNICAL_USER,MANUAL,YES,Human-initiated posting with high-risk tcode and/or high-risk document type; maker-checker approval required before posting.
CR,ABAVN,TECHNICAL_USER,NOT_MANUAL,NO,"Posted by technical/system user, treated as automated/system-generated."
CR,ABAVN,NON_TECHNICAL_USER,MANUAL,YES,Human-initiated posting with high-risk tcode and/or high-risk document type; maker-checker approval required before posting.
CR,ABUMN,TECHNICAL_USER,NOT_MANUAL,NO,"Posted by technical/system user, treated as automated/system-generated."
CR,ABUMN,NON_TECHNICAL_USER,MANUAL,YES,Human-initiated posting with high-risk tcode and/or high-risk document type; maker-checker approval required before posting.
CR,ABZON,TECHNICAL_USER,NOT_MANUAL,NO,"Posted by technical/system user, treated as automated/system-generated."
CR,ABZON,NON_TECHNICAL_USER,MANUAL,YES,Human-initiated posting with high-risk tcode and/or high-risk document type; maker-checker approval required before posting.
CR,AFABN,TECHNICAL_USER,NOT_MANUAL,NO,"Posted by technical/system user, treated as automated/system-generated."
CR,AFABN,NON_TECHNICAL_USER,NOT_MANUAL,NO,ERP transaction code is system/batch/process driven.
CR,AS02,TECHNICAL_USER,NOT_MANUAL,NO,"Posted by technical/system user, treated as automated/system-generated."
CR,AS02,NON_TECHNICAL_USER,MANUAL,YES,Human-initiated posting with high-risk tcode and/or high-risk document type; maker-checker approval required before posting.
CR,F110,TECHNICAL_USER,NOT_MANUAL,NO,"Posted by technical/system user, treated as automated/system-generated."
CR,F110,NON_TECHNICAL_USER,NOT_MANUAL,NO,ERP transaction code is system/batch/process driven.
CR,F111,TECHNICAL_USER,NOT_MANUAL,NO,"Posted by technical/system user, treated as automated/system-generated."
CR,F111,NON_TECHNICAL_USER,NOT_MANUAL,NO,ERP transaction code is system/batch/process driven.
CR,FAGL_IT_02,TECHNICAL_USER,NOT_MANUAL,NO,"Posted by technical/system user, treated as automated/system-generated."
CR,FAGL_IT_02,NON_TECHNICAL_USER,NOT_MANUAL,NO,ERP transaction code is system/batch/process driven.
CR,FB01,TECHNICAL_USER,NOT_MANUAL,NO,"Posted by technical/system user, treated as automated/system-generated."
CR,FB01,NON_TECHNICAL_USER,MANUAL,YES,Human-initiated posting with high-risk tcode and/or high-risk document type; maker-checker approval required before posting.
CR,FB05,TECHNICAL_USER,NOT_MANUAL,NO,"Posted by technical/system user, treated as automated/system-generated."
CR,FB05,NON_TECHNICAL_USER,MANUAL,YES,Human-initiated posting with high-risk tcode and/or high-risk document type; maker-checker approval required before posting.
CR,FB08,TECHNICAL_USER,NOT_MANUAL,NO,"Posted by technical/system user, treated as automated/system-generated."
CR,FB08,NON_TECHNICAL_USER,MANUAL,YES,Human-initiated posting with high-risk tcode and/or high-risk document type; maker-checker approval required before posting.
CR,FB1K,TECHNICAL_USER,NOT_MANUAL,NO,"Posted by technical/system user, treated as automated/system-generated."
CR,FB1K,NON_TECHNICAL_USER,MANUAL,YES,Human-initiated posting with high-risk tcode and/or high-risk document type; maker-checker approval required before posting.
CR,FB1S,TECHNICAL_USER,NOT_MANUAL,NO,"Posted by technical/system user, treated as automated/system-generated."
CR,FB1S,NON_TECHNICAL_USER,MANUAL,YES,Human-initiated posting with high-risk tcode and/or high-risk document type; maker-checker approval required before posting.
CR,FB70,TECHNICAL_USER,NOT_MANUAL,NO,"Posted by technical/system user, treated as automated/system-generated."
CR,FB70,NON_TECHNICAL_USER,MANUAL,YES,Human-initiated posting with high-risk tcode and/or high-risk document type; maker-checker approval required before posting.
CR,FBA7,TECHNICAL_USER,NOT_MANUAL,NO,"Posted by technical/system user, treated as automated/system-generated."
CR,FBA7,NON_TECHNICAL_USER,MANUAL,YES,Human-initiated posting with high-risk tcode and/or high-risk document type; maker-checker approval required before posting.
CR,FBB1,TECHNICAL_USER,NOT_MANUAL,NO,"Posted by technical/system user, treated as automated/system-generated."
CR,FBB1,NON_TECHNICAL_USER,MANUAL,YES,Human-initiated posting with high-risk tcode and/or high-risk document type; maker-checker approval required before posting.
CR,FBD5,TECHNICAL_USER,NOT_MANUAL,NO,"Posted by technical/system user, treated as automated/system-generated."
CR,FBD5,NON_TECHNICAL_USER,MANUAL,YES,Human-initiated posting with high-risk tcode and/or high-risk document type; maker-checker approval required before posting.
CR,FBDC_C002,TECHNICAL_USER,NOT_MANUAL,NO,"Posted by technical/system user, treated as automated/system-generated."
CR,FBDC_C002,NON_TECHNICAL_USER,MANUAL,YES,Human-initiated posting with high-risk tcode and/or high-risk document type; maker-checker approval required before posting.
CR,FBDC_C014,TECHNICAL_USER,NOT_MANUAL,NO,"Posted by technical/system user, treated as automated/system-generated."
CR,FBDC_C014,NON_TECHNICAL_USER,MANUAL,YES,Human-initiated posting with high-risk tcode and/or high-risk document type; maker-checker approval required before posting.
CR,FBDC_C022,TECHNICAL_USER,NOT_MANUAL,NO,"Posted by technical/system user, treated as automated/system-generated."
CR,FBDC_C022,NON_TECHNICAL_USER,MANUAL,YES,Human-initiated posting with high-risk tcode and/or high-risk document type; maker-checker approval required before posting.
CR,FBDC_C024,TECHNICAL_USER,NOT_MANUAL,NO,"Posted by technical/system user, treated as automated/system-generated."
CR,FBDC_C024,NON_TECHNICAL_USER,MANUAL,YES,Human-initiated posting with high-risk tcode and/or high-risk document type; maker-checker approval required before posting.
CR,FBDC_C080,TECHNICAL_USER,NOT_MANUAL,NO,"Posted by technical/system user, treated as automated/system-generated."
CR,FBDC_C080,NON_TECHNICAL_USER,MANUAL,YES,Human-initiated posting with high-risk tcode and/or high-risk document type; maker-checker approval required before posting.
CR,FBDC_P001,TECHNICAL_USER,NOT_MANUAL,NO,"Posted by technical/system user, treated as automated/system-generated."
CR,FBDC_P001,NON_TECHNICAL_USER,MANUAL,YES,Human-initiated posting with high-risk tcode and/or high-risk document type; maker-checker approval required before posting.
CR,FBL1N,TECHNICAL_USER,NOT_MANUAL,NO,"Posted by technical/system user, treated as automated/system-generated."
CR,FBL1N,NON_TECHNICAL_USER,NOT_MANUAL,NO,ERP transaction code is system/batch/process driven.
CR,FBVB,TECHNICAL_USER,NOT_MANUAL,NO,"Posted by technical/system user, treated as automated/system-generated."
CR,FBVB,NON_TECHNICAL_USER,NOT_MANUAL,NO,ERP transaction code is system/batch/process driven.
CR,FBZ2,TECHNICAL_USER,NOT_MANUAL,NO,"Posted by technical/system user, treated as automated/system-generated."
CR,FBZ2,NON_TECHNICAL_USER,MANUAL,YES,Human-initiated posting with high-risk tcode and/or high-risk document type; maker-checker approval required before posting.
CR,FV60,TECHNICAL_USER,NOT_MANUAL,NO,"Posted by technical/system user, treated as automated/system-generated."
CR,FV60,NON_TECHNICAL_USER,MANUAL,YES,Human-initiated posting with high-risk tcode and/or high-risk document type; maker-checker approval required before posting.
CR,KO88,TECHNICAL_USER,NOT_MANUAL,NO,"Posted by technical/system user, treated as automated/system-generated."
CR,KO88,NON_TECHNICAL_USER,NOT_MANUAL,NO,ERP transaction code is system/batch/process driven.
CR,KO8G,TECHNICAL_USER,NOT_MANUAL,NO,"Posted by technical/system user, treated as automated/system-generated."
CR,KO8G,NON_TECHNICAL_USER,NOT_MANUAL,NO,ERP transaction code is system/batch/process driven.
CR,KSV5,TECHNICAL_USER,NOT_MANUAL,NO,"Posted by technical/system user, treated as automated/system-generated."
CR,KSV5,NON_TECHNICAL_USER,NOT_MANUAL,NO,ERP transaction code is system/batch/process driven.
CR,LSMW,TECHNICAL_USER,NOT_MANUAL,NO,"Posted by technical/system user, treated as automated/system-generated."
CR,LSMW,NON_TECHNICAL_USER,MANUAL,YES,Human-initiated posting with high-risk tcode and/or high-risk document type; maker-checker approval required before posting.
CR,MIR4,TECHNICAL_USER,NOT_MANUAL,NO,"Posted by technical/system user, treated as automated/system-generated."
CR,MIR4,NON_TECHNICAL_USER,NOT_MANUAL,NO,ERP transaction code is system/batch/process driven.
CR,MIRO,TECHNICAL_USER,NOT_MANUAL,NO,"Posted by technical/system user, treated as automated/system-generated."
CR,MIRO,NON_TECHNICAL_USER,MANUAL,YES,Human-initiated posting with high-risk tcode and/or high-risk document type; maker-checker approval required before posting.
CR,MR8M,TECHNICAL_USER,NOT_MANUAL,NO,"Posted by technical/system user, treated as automated/system-generated."
CR,MR8M,NON_TECHNICAL_USER,MANUAL,YES,Human-initiated posting with high-risk tcode and/or high-risk document type; maker-checker approval required before posting.
CR,ZFI_ADP,TECHNICAL_USER,NOT_MANUAL,NO,"Posted by technical/system user, treated as automated/system-generated."
CR,ZFI_ADP,NON_TECHNICAL_USER,MANUAL,YES,Human-initiated posting with high-risk tcode and/or high-risk document type; maker-checker approval required before posting.
CR,ZLIA_COCKPIT,TECHNICAL_USER,NOT_MANUAL,NO,"Posted by technical/system user, treated as automated/system-generated."
CR,ZLIA_COCKPIT,NON_TECHNICAL_USER,NOT_MANUAL,NO,ERP transaction code is system/batch/process driven.
CR,ZMM_CARGA_MIRO_MX,TECHNICAL_USER,NOT_MANUAL,NO,"Posted by technical/system user, treated as automated/system-generated."
CR,ZMM_CARGA_MIRO_MX,NON_TECHNICAL_USER,MANUAL,YES,Human-initiated posting with high-risk tcode and/or high-risk document type; maker-checker approval required before posting.
CS,,TECHNICAL_USER,NOT_MANUAL,NO,"Posted by technical/system user, treated as automated/system-generated."
CS,,NON_TECHNICAL_USER,NOT_MANUAL,NO,ERP transaction code is system/batch/process driven.
CS,AB01L,TECHNICAL_USER,NOT_MANUAL,NO,"Posted by technical/system user, treated as automated/system-generated."
CS,AB01L,NON_TECHNICAL_USER,MANUAL,YES,Human-initiated posting with high-risk tcode and/or high-risk document type; maker-checker approval required before posting.
CS,AB08,TECHNICAL_USER,NOT_MANUAL,NO,"Posted by technical/system user, treated as automated/system-generated."
CS,AB08,NON_TECHNICAL_USER,MANUAL,YES,Human-initiated posting with high-risk tcode and/or high-risk document type; maker-checker approval required before posting.
CS,ABAVN,TECHNICAL_USER,NOT_MANUAL,NO,"Posted by technical/system user, treated as automated/system-generated."
CS,ABAVN,NON_TECHNICAL_USER,MANUAL,YES,Human-initiated posting with high-risk tcode and/or high-risk document type; maker-checker approval required before posting.
CS,ABUMN,TECHNICAL_USER,NOT_MANUAL,NO,"Posted by technical/system user, treated as automated/system-generated."
CS,ABUMN,NON_TECHNICAL_USER,MANUAL,YES,Human-initiated posting with high-risk tcode and/or high-risk document type; maker-checker approval required before posting.
CS,ABZON,TECHNICAL_USER,NOT_MANUAL,NO,"Posted by technical/system user, treated as automated/system-generated."
CS,ABZON,NON_TECHNICAL_USER,MANUAL,YES,Human-initiated posting with high-risk tcode and/or high-risk document type; maker-checker approval required before posting.
CS,AFABN,TECHNICAL_USER,NOT_MANUAL,NO,"Posted by technical/system user, treated as automated/system-generated."
CS,AFABN,NON_TECHNICAL_USER,NOT_MANUAL,NO,ERP transaction code is system/batch/process driven.
CS,AS02,TECHNICAL_USER,NOT_MANUAL,NO,"Posted by technical/system user, treated as automated/system-generated."
CS,AS02,NON_TECHNICAL_USER,MANUAL,YES,Human-initiated posting with high-risk tcode and/or high-risk document type; maker-checker approval required before posting.
CS,F110,TECHNICAL_USER,NOT_MANUAL,NO,"Posted by technical/system user, treated as automated/system-generated."
CS,F110,NON_TECHNICAL_USER,NOT_MANUAL,NO,ERP transaction code is system/batch/process driven.
CS,F111,TECHNICAL_USER,NOT_MANUAL,NO,"Posted by technical/system user, treated as automated/system-generated."
CS,F111,NON_TECHNICAL_USER,NOT_MANUAL,NO,ERP transaction code is system/batch/process driven.
CS,FAGL_IT_02,TECHNICAL_USER,NOT_MANUAL,NO,"Posted by technical/system user, treated as automated/system-generated."
CS,FAGL_IT_02,NON_TECHNICAL_USER,NOT_MANUAL,NO,ERP transaction code is system/batch/process driven.
CS,FB01,TECHNICAL_USER,NOT_MANUAL,NO,"Posted by technical/system user, treated as automated/system-generated."
CS,FB01,NON_TECHNICAL_USER,MANUAL,YES,Human-initiated posting with high-risk tcode and/or high-risk document type; maker-checker approval required before posting.
CS,FB05,TECHNICAL_USER,NOT_MANUAL,NO,"Posted by technical/system user, treated as automated/system-generated."
CS,FB05,NON_TECHNICAL_USER,MANUAL,NO,"Human-initiated posting, but operational document/tcode pattern; standard workflow controls apply."
CS,FB08,TECHNICAL_USER,NOT_MANUAL,NO,"Posted by technical/system user, treated as automated/system-generated."
CS,FB08,NON_TECHNICAL_USER,MANUAL,YES,Human-initiated posting with high-risk tcode and/or high-risk document type; maker-checker approval required before posting.
CS,FB1K,TECHNICAL_USER,NOT_MANUAL,NO,"Posted by technical/system user, treated as automated/system-generated."
CS,FB1K,NON_TECHNICAL_USER,MANUAL,NO,"Human-initiated posting, but operational document/tcode pattern; standard workflow controls apply."
CS,FB1S,TECHNICAL_USER,NOT_MANUAL,NO,"Posted by technical/system user, treated as automated/system-generated."
CS,FB1S,NON_TECHNICAL_USER,MANUAL,NO,"Human-initiated posting, but operational document/tcode pattern; standard workflow controls apply."
CS,FB70,TECHNICAL_USER,NOT_MANUAL,NO,"Posted by technical/system user, treated as automated/system-generated."
CS,FB70,NON_TECHNICAL_USER,MANUAL,NO,"Human-initiated posting, but operational document/tcode pattern; standard workflow controls apply."
CS,FBA7,TECHNICAL_USER,NOT_MANUAL,NO,"Posted by technical/system user, treated as automated/system-generated."
CS,FBA7,NON_TECHNICAL_USER,MANUAL,NO,"Human-initiated posting, but operational document/tcode pattern; standard workflow controls apply."
CS,FBB1,TECHNICAL_USER,NOT_MANUAL,NO,"Posted by technical/system user, treated as automated/system-generated."
CS,FBB1,NON_TECHNICAL_USER,MANUAL,YES,Human-initiated posting with high-risk tcode and/or high-risk document type; maker-checker approval required before posting.
CS,FBD5,TECHNICAL_USER,NOT_MANUAL,NO,"Posted by technical/system user, treated as automated/system-generated."
CS,FBD5,NON_TECHNICAL_USER,MANUAL,YES,Human-initiated posting with high-risk tcode and/or high-risk document type; maker-checker approval required before posting.
CS,FBDC_C002,TECHNICAL_USER,NOT_MANUAL,NO,"Posted by technical/system user, treated as automated/system-generated."
CS,FBDC_C002,NON_TECHNICAL_USER,MANUAL,NO,"Human-initiated posting, but operational document/tcode pattern; standard workflow controls apply."
CS,FBDC_C014,TECHNICAL_USER,NOT_MANUAL,NO,"Posted by technical/system user, treated as automated/system-generated."
CS,FBDC_C014,NON_TECHNICAL_USER,MANUAL,NO,"Human-initiated posting, but operational document/tcode pattern; standard workflow controls apply."
CS,FBDC_C022,TECHNICAL_USER,NOT_MANUAL,NO,"Posted by technical/system user, treated as automated/system-generated."
CS,FBDC_C022,NON_TECHNICAL_USER,MANUAL,NO,"Human-initiated posting, but operational document/tcode pattern; standard workflow controls apply."
CS,FBDC_C024,TECHNICAL_USER,NOT_MANUAL,NO,"Posted by technical/system user, treated as automated/system-generated."
CS,FBDC_C024,NON_TECHNICAL_USER,MANUAL,NO,"Human-initiated posting, but operational document/tcode pattern; standard workflow controls apply."
CS,FBDC_C080,TECHNICAL_USER,NOT_MANUAL,NO,"Posted by technical/system user, treated as automated/system-generated."
CS,FBDC_C080,NON_TECHNICAL_USER,MANUAL,NO,"Human-initiated posting, but operational document/tcode pattern; standard workflow controls apply."
CS,FBDC_P001,TECHNICAL_USER,NOT_MANUAL,NO,"Posted by technical/system user, treated as automated/system-generated."
CS,FBDC_P001,NON_TECHNICAL_USER,MANUAL,YES,Human-initiated posting with high-risk tcode and/or high-risk document type; maker-checker approval required before posting.
CS,FBL1N,TECHNICAL_USER,NOT_MANUAL,NO,"Posted by technical/system user, treated as automated/system-generated."
CS,FBL1N,NON_TECHNICAL_USER,NOT_MANUAL,NO,ERP transaction code is system/batch/process driven.
CS,FBVB,TECHNICAL_USER,NOT_MANUAL,NO,"Posted by technical/system user, treated as automated/system-generated."
CS,FBVB,NON_TECHNICAL_USER,NOT_MANUAL,NO,ERP transaction code is system/batch/process driven.
CS,FBZ2,TECHNICAL_USER,NOT_MANUAL,NO,"Posted by technical/system user, treated as automated/system-generated."
CS,FBZ2,NON_TECHNICAL_USER,MANUAL,NO,"Human-initiated posting, but operational document/tcode pattern; standard workflow controls apply."
CS,FV60,TECHNICAL_USER,NOT_MANUAL,NO,"Posted by technical/system user, treated as automated/system-generated."
CS,FV60,NON_TECHNICAL_USER,MANUAL,NO,"Human-initiated posting, but operational document/tcode pattern; standard workflow controls apply."
CS,KO88,TECHNICAL_USER,NOT_MANUAL,NO,"Posted by technical/system user, treated as automated/system-generated."
CS,KO88,NON_TECHNICAL_USER,NOT_MANUAL,NO,ERP transaction code is system/batch/process driven.
CS,KO8G,TECHNICAL_USER,NOT_MANUAL,NO,"Posted by technical/system user, treated as automated/system-generated."
CS,KO8G,NON_TECHNICAL_USER,NOT_MANUAL,NO,ERP transaction code is system/batch/process driven.
CS,KSV5,TECHNICAL_USER,NOT_MANUAL,NO,"Posted by technical/system user, treated as automated/system-generated."
CS,KSV5,NON_TECHNICAL_USER,NOT_MANUAL,NO,ERP transaction code is system/batch/process driven.
CS,LSMW,TECHNICAL_USER,NOT_MANUAL,NO,"Posted by technical/system user, treated as automated/system-generated."
CS,LSMW,NON_TECHNICAL_USER,MANUAL,YES,Human-initiated posting with high-risk tcode and/or high-risk document type; maker-checker approval required before posting.
CS,MIR4,TECHNICAL_USER,NOT_MANUAL,NO,"Posted by technical/system user, treated as automated/system-generated."
CS,MIR4,NON_TECHNICAL_USER,NOT_MANUAL,NO,ERP transaction code is system/batch/process driven.
CS,MIRO,TECHNICAL_USER,NOT_MANUAL,NO,"Posted by technical/system user, treated as automated/system-generated."
CS,MIRO,NON_TECHNICAL_USER,MANUAL,NO,"Human-initiated posting, but operational document/tcode pattern; standard workflow controls apply."
CS,MR8M,TECHNICAL_USER,NOT_MANUAL,NO,"Posted by technical/system user, treated as automated/system-generated."
CS,MR8M,NON_TECHNICAL_USER,MANUAL,NO,"Human-initiated posting, but operational document/tcode pattern; standard workflow controls apply."
CS,ZFI_ADP,TECHNICAL_USER,NOT_MANUAL,NO,"Posted by technical/system user, treated as automated/system-generated."
CS,ZFI_ADP,NON_TECHNICAL_USER,MANUAL,YES,Human-initiated posting with high-risk tcode and/or high-risk document type; maker-checker approval required before posting.
CS,ZLIA_COCKPIT,TECHNICAL_USER,NOT_MANUAL,NO,"Posted by technical/system user, treated as automated/system-generated."
CS,ZLIA_COCKPIT,NON_TECHNICAL_USER,NOT_MANUAL,NO,ERP transaction code is system/batch/process driven.
CS,ZMM_CARGA_MIRO_MX,TECHNICAL_USER,NOT_MANUAL,NO,"Posted by technical/system user, treated as automated/system-generated."
CS,ZMM_CARGA_MIRO_MX,NON_TECHNICAL_USER,MANUAL,NO,"Human-initiated posting, but operational document/tcode pattern; standard workflow controls apply."
DR,,TECHNICAL_USER,NOT_MANUAL,NO,"Posted by technical/system user, treated as automated/system-generated."
DR,,NON_TECHNICAL_USER,NOT_MANUAL,NO,ERP transaction code is system/batch/process driven.
DR,AB01L,TECHNICAL_USER,NOT_MANUAL,NO,"Posted by technical/system user, treated as automated/system-generated."
DR,AB01L,NON_TECHNICAL_USER,MANUAL,YES,Human-initiated posting with high-risk tcode and/or high-risk document type; maker-checker approval required before posting.
DR,AB08,TECHNICAL_USER,NOT_MANUAL,NO,"Posted by technical/system user, treated as automated/system-generated."
DR,AB08,NON_TECHNICAL_USER,MANUAL,YES,Human-initiated posting with high-risk tcode and/or high-risk document type; maker-checker approval required before posting.
DR,ABAVN,TECHNICAL_USER,NOT_MANUAL,NO,"Posted by technical/system user, treated as automated/system-generated."
DR,ABAVN,NON_TECHNICAL_USER,MANUAL,YES,Human-initiated posting with high-risk tcode and/or high-risk document type; maker-checker approval required before posting.
DR,ABUMN,TECHNICAL_USER,NOT_MANUAL,NO,"Posted by technical/system user, treated as automated/system-generated."
DR,ABUMN,NON_TECHNICAL_USER,MANUAL,YES,Human-initiated posting with high-risk tcode and/or high-risk document type; maker-checker approval required before posting.
DR,ABZON,TECHNICAL_USER,NOT_MANUAL,NO,"Posted by technical/system user, treated as automated/system-generated."
DR,ABZON,NON_TECHNICAL_USER,MANUAL,YES,Human-initiated posting with high-risk tcode and/or high-risk document type; maker-checker approval required before posting.
DR,AFABN,TECHNICAL_USER,NOT_MANUAL,NO,"Posted by technical/system user, treated as automated/system-generated."
DR,AFABN,NON_TECHNICAL_USER,NOT_MANUAL,NO,ERP transaction code is system/batch/process driven.
DR,AS02,TECHNICAL_USER,NOT_MANUAL,NO,"Posted by technical/system user, treated as automated/system-generated."
DR,AS02,NON_TECHNICAL_USER,MANUAL,YES,Human-initiated posting with high-risk tcode and/or high-risk document type; maker-checker approval required before posting.
DR,F110,TECHNICAL_USER,NOT_MANUAL,NO,"Posted by technical/system user, treated as automated/system-generated."
DR,F110,NON_TECHNICAL_USER,NOT_MANUAL,NO,ERP transaction code is system/batch/process driven.
DR,F111,TECHNICAL_USER,NOT_MANUAL,NO,"Posted by technical/system user, treated as automated/system-generated."
DR,F111,NON_TECHNICAL_USER,NOT_MANUAL,NO,ERP transaction code is system/batch/process driven.
DR,FAGL_IT_02,TECHNICAL_USER,NOT_MANUAL,NO,"Posted by technical/system user, treated as automated/system-generated."
DR,FAGL_IT_02,NON_TECHNICAL_USER,NOT_MANUAL,NO,ERP transaction code is system/batch/process driven.
DR,FB01,TECHNICAL_USER,NOT_MANUAL,NO,"Posted by technical/system user, treated as automated/system-generated."
DR,FB01,NON_TECHNICAL_USER,MANUAL,YES,Human-initiated posting with high-risk tcode and/or high-risk document type; maker-checker approval required before posting.
DR,FB05,TECHNICAL_USER,NOT_MANUAL,NO,"Posted by technical/system user, treated as automated/system-generated."
DR,FB05,NON_TECHNICAL_USER,MANUAL,NO,"Human-initiated posting, but operational document/tcode pattern; standard workflow controls apply."
DR,FB08,TECHNICAL_USER,NOT_MANUAL,NO,"Posted by technical/system user, treated as automated/system-generated."
DR,FB08,NON_TECHNICAL_USER,MANUAL,YES,Human-initiated posting with high-risk tcode and/or high-risk document type; maker-checker approval required before posting.
DR,FB1K,TECHNICAL_USER,NOT_MANUAL,NO,"Posted by technical/system user, treated as automated/system-generated."
DR,FB1K,NON_TECHNICAL_USER,MANUAL,NO,"Human-initiated posting, but operational document/tcode pattern; standard workflow controls apply."
DR,FB1S,TECHNICAL_USER,NOT_MANUAL,NO,"Posted by technical/system user, treated as automated/system-generated."
DR,FB1S,NON_TECHNICAL_USER,MANUAL,NO,"Human-initiated posting, but operational document/tcode pattern; standard workflow controls apply."
DR,FB70,TECHNICAL_USER,NOT_MANUAL,NO,"Posted by technical/system user, treated as automated/system-generated."
DR,FB70,NON_TECHNICAL_USER,MANUAL,NO,"Human-initiated posting, but operational document/tcode pattern; standard workflow controls apply."
DR,FBA7,TECHNICAL_USER,NOT_MANUAL,NO,"Posted by technical/system user, treated as automated/system-generated."
DR,FBA7,NON_TECHNICAL_USER,MANUAL,NO,"Human-initiated posting, but operational document/tcode pattern; standard workflow controls apply."
DR,FBB1,TECHNICAL_USER,NOT_MANUAL,NO,"Posted by technical/system user, treated as automated/system-generated."
DR,FBB1,NON_TECHNICAL_USER,MANUAL,YES,Human-initiated posting with high-risk tcode and/or high-risk document type; maker-checker approval required before posting.
DR,FBD5,TECHNICAL_USER,NOT_MANUAL,NO,"Posted by technical/system user, treated as automated/system-generated."
DR,FBD5,NON_TECHNICAL_USER,MANUAL,YES,Human-initiated posting with high-risk tcode and/or high-risk document type; maker-checker approval required before posting.
DR,FBDC_C002,TECHNICAL_USER,NOT_MANUAL,NO,"Posted by technical/system user, treated as automated/system-generated."
DR,FBDC_C002,NON_TECHNICAL_USER,MANUAL,NO,"Human-initiated posting, but operational document/tcode pattern; standard workflow controls apply."
DR,FBDC_C014,TECHNICAL_USER,NOT_MANUAL,NO,"Posted by technical/system user, treated as automated/system-generated."
DR,FBDC_C014,NON_TECHNICAL_USER,MANUAL,NO,"Human-initiated posting, but operational document/tcode pattern; standard workflow controls apply."
DR,FBDC_C022,TECHNICAL_USER,NOT_MANUAL,NO,"Posted by technical/system user, treated as automated/system-generated."
DR,FBDC_C022,NON_TECHNICAL_USER,MANUAL,NO,"Human-initiated posting, but operational document/tcode pattern; standard workflow controls apply."
DR,FBDC_C024,TECHNICAL_USER,NOT_MANUAL,NO,"Posted by technical/system user, treated as automated/system-generated."
DR,FBDC_C024,NON_TECHNICAL_USER,MANUAL,NO,"Human-initiated posting, but operational document/tcode pattern; standard workflow controls apply."
DR,FBDC_C080,TECHNICAL_USER,NOT_MANUAL,NO,"Posted by technical/system user, treated as automated/system-generated."
DR,FBDC_C080,NON_TECHNICAL_USER,MANUAL,NO,"Human-initiated posting, but operational document/tcode pattern; standard workflow controls apply."
DR,FBDC_P001,TECHNICAL_USER,NOT_MANUAL,NO,"Posted by technical/system user, treated as automated/system-generated."
DR,FBDC_P001,NON_TECHNICAL_USER,MANUAL,YES,Human-initiated posting with high-risk tcode and/or high-risk document type; maker-checker approval required before posting.
DR,FBL1N,TECHNICAL_USER,NOT_MANUAL,NO,"Posted by technical/system user, treated as automated/system-generated."
DR,FBL1N,NON_TECHNICAL_USER,NOT_MANUAL,NO,ERP transaction code is system/batch/process driven.
DR,FBVB,TECHNICAL_USER,NOT_MANUAL,NO,"Posted by technical/system user, treated as automated/system-generated."
DR,FBVB,NON_TECHNICAL_USER,NOT_MANUAL,NO,ERP transaction code is system/batch/process driven.
DR,FBZ2,TECHNICAL_USER,NOT_MANUAL,NO,"Posted by technical/system user, treated as automated/system-generated."
DR,FBZ2,NON_TECHNICAL_USER,MANUAL,NO,"Human-initiated posting, but operational document/tcode pattern; standard workflow controls apply."
DR,FV60,TECHNICAL_USER,NOT_MANUAL,NO,"Posted by technical/system user, treated as automated/system-generated."
DR,FV60,NON_TECHNICAL_USER,MANUAL,NO,"Human-initiated posting, but operational document/tcode pattern; standard workflow controls apply."
DR,KO88,TECHNICAL_USER,NOT_MANUAL,NO,"Posted by technical/system user, treated as automated/system-generated."
DR,KO88,NON_TECHNICAL_USER,NOT_MANUAL,NO,ERP transaction code is system/batch/process driven.
DR,KO8G,TECHNICAL_USER,NOT_MANUAL,NO,"Posted by technical/system user, treated as automated/system-generated."
DR,KO8G,NON_TECHNICAL_USER,NOT_MANUAL,NO,ERP transaction code is system/batch/process driven.
DR,KSV5,TECHNICAL_USER,NOT_MANUAL,NO,"Posted by technical/system user, treated as automated/system-generated."
DR,KSV5,NON_TECHNICAL_USER,NOT_MANUAL,NO,ERP transaction code is system/batch/process driven.
DR,LSMW,TECHNICAL_USER,NOT_MANUAL,NO,"Posted by technical/system user, treated as automated/system-generated."
DR,LSMW,NON_TECHNICAL_USER,MANUAL,YES,Human-initiated posting with high-risk tcode and/or high-risk document type; maker-checker approval required before posting.
DR,MIR4,TECHNICAL_USER,NOT_MANUAL,NO,"Posted by technical/system user, treated as automated/system-generated."
DR,MIR4,NON_TECHNICAL_USER,NOT_MANUAL,NO,ERP transaction code is system/batch/process driven.
DR,MIRO,TECHNICAL_USER,NOT_MANUAL,NO,"Posted by technical/system user, treated as automated/system-generated."
DR,MIRO,NON_TECHNICAL_USER,MANUAL,NO,"Human-initiated posting, but operational document/tcode pattern; standard workflow controls apply."
DR,MR8M,TECHNICAL_USER,NOT_MANUAL,NO,"Posted by technical/system user, treated as automated/system-generated."
DR,MR8M,NON_TECHNICAL_USER,MANUAL,NO,"Human-initiated posting, but operational document/tcode pattern; standard workflow controls apply."
DR,ZFI_ADP,TECHNICAL_USER,NOT_MANUAL,NO,"Posted by technical/system user, treated as automated/system-generated."
DR,ZFI_ADP,NON_TECHNICAL_USER,MANUAL,YES,Human-initiated posting with high-risk tcode and/or high-risk document type; maker-checker approval required before posting.
DR,ZLIA_COCKPIT,TECHNICAL_USER,NOT_MANUAL,NO,"Posted by technical/system user, treated as automated/system-generated."
DR,ZLIA_COCKPIT,NON_TECHNICAL_USER,NOT_MANUAL,NO,ERP transaction code is system/batch/process driven.
DR,ZMM_CARGA_MIRO_MX,TECHNICAL_USER,NOT_MANUAL,NO,"Posted by technical/system user, treated as automated/system-generated."
DR,ZMM_CARGA_MIRO_MX,NON_TECHNICAL_USER,MANUAL,NO,"Human-initiated posting, but operational document/tcode pattern; standard workflow controls apply."
DZ,,TECHNICAL_USER,NOT_MANUAL,NO,"Posted by technical/system user, treated as automated/system-generated."
DZ,,NON_TECHNICAL_USER,NOT_MANUAL,NO,ERP transaction code is system/batch/process driven.
DZ,AB01L,TECHNICAL_USER,NOT_MANUAL,NO,"Posted by technical/system user, treated as automated/system-generated."
DZ,AB01L,NON_TECHNICAL_USER,MANUAL,YES,Human-initiated posting with high-risk tcode and/or high-risk document type; maker-checker approval required before posting.
DZ,AB08,TECHNICAL_USER,NOT_MANUAL,NO,"Posted by technical/system user, treated as automated/system-generated."
DZ,AB08,NON_TECHNICAL_USER,MANUAL,YES,Human-initiated posting with high-risk tcode and/or high-risk document type; maker-checker approval required before posting.
DZ,ABAVN,TECHNICAL_USER,NOT_MANUAL,NO,"Posted by technical/system user, treated as automated/system-generated."
DZ,ABAVN,NON_TECHNICAL_USER,MANUAL,YES,Human-initiated posting with high-risk tcode and/or high-risk document type; maker-checker approval required before posting.
DZ,ABUMN,TECHNICAL_USER,NOT_MANUAL,NO,"Posted by technical/system user, treated as automated/system-generated."
DZ,ABUMN,NON_TECHNICAL_USER,MANUAL,YES,Human-initiated posting with high-risk tcode and/or high-risk document type; maker-checker approval required before posting.
DZ,ABZON,TECHNICAL_USER,NOT_MANUAL,NO,"Posted by technical/system user, treated as automated/system-generated."
DZ,ABZON,NON_TECHNICAL_USER,MANUAL,YES,Human-initiated posting with high-risk tcode and/or high-risk document type; maker-checker approval required before posting.
DZ,AFABN,TECHNICAL_USER,NOT_MANUAL,NO,"Posted by technical/system user, treated as automated/system-generated."
DZ,AFABN,NON_TECHNICAL_USER,NOT_MANUAL,NO,ERP transaction code is system/batch/process driven.
DZ,AS02,TECHNICAL_USER,NOT_MANUAL,NO,"Posted by technical/system user, treated as automated/system-generated."
DZ,AS02,NON_TECHNICAL_USER,MANUAL,YES,Human-initiated posting with high-risk tcode and/or high-risk document type; maker-checker approval required before posting.
DZ,F110,TECHNICAL_USER,NOT_MANUAL,NO,"Posted by technical/system user, treated as automated/system-generated."
DZ,F110,NON_TECHNICAL_USER,NOT_MANUAL,NO,ERP transaction code is system/batch/process driven.
DZ,F111,TECHNICAL_USER,NOT_MANUAL,NO,"Posted by technical/system user, treated as automated/system-generated."
DZ,F111,NON_TECHNICAL_USER,NOT_MANUAL,NO,ERP transaction code is system/batch/process driven.
DZ,FAGL_IT_02,TECHNICAL_USER,NOT_MANUAL,NO,"Posted by technical/system user, treated as automated/system-generated."
DZ,FAGL_IT_02,NON_TECHNICAL_USER,NOT_MANUAL,NO,ERP transaction code is system/batch/process driven.
DZ,FB01,TECHNICAL_USER,NOT_MANUAL,NO,"Posted by technical/system user, treated as automated/system-generated."
DZ,FB01,NON_TECHNICAL_USER,MANUAL,YES,Human-initiated posting with high-risk tcode and/or high-risk document type; maker-checker approval required before posting.
DZ,FB05,TECHNICAL_USER,NOT_MANUAL,NO,"Posted by technical/system user, treated as automated/system-generated."
DZ,FB05,NON_TECHNICAL_USER,MANUAL,NO,"Human-initiated posting, but operational document/tcode pattern; standard workflow controls apply."
DZ,FB08,TECHNICAL_USER,NOT_MANUAL,NO,"Posted by technical/system user, treated as automated/system-generated."
DZ,FB08,NON_TECHNICAL_USER,MANUAL,YES,Human-initiated posting with high-risk tcode and/or high-risk document type; maker-checker approval required before posting.
DZ,FB1K,TECHNICAL_USER,NOT_MANUAL,NO,"Posted by technical/system user, treated as automated/system-generated."
DZ,FB1K,NON_TECHNICAL_USER,MANUAL,NO,"Human-initiated posting, but operational document/tcode pattern; standard workflow controls apply."
DZ,FB1S,TECHNICAL_USER,NOT_MANUAL,NO,"Posted by technical/system user, treated as automated/system-generated."
DZ,FB1S,NON_TECHNICAL_USER,MANUAL,NO,"Human-initiated posting, but operational document/tcode pattern; standard workflow controls apply."
DZ,FB70,TECHNICAL_USER,NOT_MANUAL,NO,"Posted by technical/system user, treated as automated/system-generated."
DZ,FB70,NON_TECHNICAL_USER,MANUAL,NO,"Human-initiated posting, but operational document/tcode pattern; standard workflow controls apply."
DZ,FBA7,TECHNICAL_USER,NOT_MANUAL,NO,"Posted by technical/system user, treated as automated/system-generated."
DZ,FBA7,NON_TECHNICAL_USER,MANUAL,NO,"Human-initiated posting, but operational document/tcode pattern; standard workflow controls apply."
DZ,FBB1,TECHNICAL_USER,NOT_MANUAL,NO,"Posted by technical/system user, treated as automated/system-generated."
DZ,FBB1,NON_TECHNICAL_USER,MANUAL,YES,Human-initiated posting with high-risk tcode and/or high-risk document type; maker-checker approval required before posting.
DZ,FBD5,TECHNICAL_USER,NOT_MANUAL,NO,"Posted by technical/system user, treated as automated/system-generated."
DZ,FBD5,NON_TECHNICAL_USER,MANUAL,YES,Human-initiated posting with high-risk tcode and/or high-risk document type; maker-checker approval required before posting.
DZ,FBDC_C002,TECHNICAL_USER,NOT_MANUAL,NO,"Posted by technical/system user, treated as automated/system-generated."
DZ,FBDC_C002,NON_TECHNICAL_USER,MANUAL,NO,"Human-initiated posting, but operational document/tcode pattern; standard workflow controls apply."
DZ,FBDC_C014,TECHNICAL_USER,NOT_MANUAL,NO,"Posted by technical/system user, treated as automated/system-generated."
DZ,FBDC_C014,NON_TECHNICAL_USER,MANUAL,NO,"Human-initiated posting, but operational document/tcode pattern; standard workflow controls apply."
DZ,FBDC_C022,TECHNICAL_USER,NOT_MANUAL,NO,"Posted by technical/system user, treated as automated/system-generated."
DZ,FBDC_C022,NON_TECHNICAL_USER,MANUAL,NO,"Human-initiated posting, but operational document/tcode pattern; standard workflow controls apply."
DZ,FBDC_C024,TECHNICAL_USER,NOT_MANUAL,NO,"Posted by technical/system user, treated as automated/system-generated."
DZ,FBDC_C024,NON_TECHNICAL_USER,MANUAL,NO,"Human-initiated posting, but operational document/tcode pattern; standard workflow controls apply."
DZ,FBDC_C080,TECHNICAL_USER,NOT_MANUAL,NO,"Posted by technical/system user, treated as automated/system-generated."
DZ,FBDC_C080,NON_TECHNICAL_USER,MANUAL,NO,"Human-initiated posting, but operational document/tcode pattern; standard workflow controls apply."
DZ,FBDC_P001,TECHNICAL_USER,NOT_MANUAL,NO,"Posted by technical/system user, treated as automated/system-generated."
DZ,FBDC_P001,NON_TECHNICAL_USER,MANUAL,YES,Human-initiated posting with high-risk tcode and/or high-risk document type; maker-checker approval required before posting.
DZ,FBL1N,TECHNICAL_USER,NOT_MANUAL,NO,"Posted by technical/system user, treated as automated/system-generated."
DZ,FBL1N,NON_TECHNICAL_USER,NOT_MANUAL,NO,ERP transaction code is system/batch/process driven.
DZ,FBVB,TECHNICAL_USER,NOT_MANUAL,NO,"Posted by technical/system user, treated as automated/system-generated."
DZ,FBVB,NON_TECHNICAL_USER,NOT_MANUAL,NO,ERP transaction code is system/batch/process driven.
DZ,FBZ2,TECHNICAL_USER,NOT_MANUAL,NO,"Posted by technical/system user, treated as automated/system-generated."
DZ,FBZ2,NON_TECHNICAL_USER,MANUAL,NO,"Human-initiated posting, but operational document/tcode pattern; standard workflow controls apply."
DZ,FV60,TECHNICAL_USER,NOT_MANUAL,NO,"Posted by technical/system user, treated as automated/system-generated."
DZ,FV60,NON_TECHNICAL_USER,MANUAL,NO,"Human-initiated posting, but operational document/tcode pattern; standard workflow controls apply."
DZ,KO88,TECHNICAL_USER,NOT_MANUAL,NO,"Posted by technical/system user, treated as automated/system-generated."
DZ,KO88,NON_TECHNICAL_USER,NOT_MANUAL,NO,ERP transaction code is system/batch/process driven.
DZ,KO8G,TECHNICAL_USER,NOT_MANUAL,NO,"Posted by technical/system user, treated as automated/system-generated."
DZ,KO8G,NON_TECHNICAL_USER,NOT_MANUAL,NO,ERP transaction code is system/batch/process driven.
DZ,KSV5,TECHNICAL_USER,NOT_MANUAL,NO,"Posted by technical/system user, treated as automated/system-generated."
DZ,KSV5,NON_TECHNICAL_USER,NOT_MANUAL,NO,ERP transaction code is system/batch/process driven.
DZ,LSMW,TECHNICAL_USER,NOT_MANUAL,NO,"Posted by technical/system user, treated as automated/system-generated."
DZ,LSMW,NON_TECHNICAL_USER,MANUAL,YES,Human-initiated posting with high-risk tcode and/or high-risk document type; maker-checker approval required before posting.
DZ,MIR4,TECHNICAL_USER,NOT_MANUAL,NO,"Posted by technical/system user, treated as automated/system-generated."
DZ,MIR4,NON_TECHNICAL_USER,NOT_MANUAL,NO,ERP transaction code is system/batch/process driven.
DZ,MIRO,TECHNICAL_USER,NOT_MANUAL,NO,"Posted by technical/system user, treated as automated/system-generated."
DZ,MIRO,NON_TECHNICAL_USER,MANUAL,NO,"Human-initiated posting, but operational document/tcode pattern; standard workflow controls apply."
DZ,MR8M,TECHNICAL_USER,NOT_MANUAL,NO,"Posted by technical/system user, treated as automated/system-generated."
DZ,MR8M,NON_TECHNICAL_USER,MANUAL,NO,"Human-initiated posting, but operational document/tcode pattern; standard workflow controls apply."
DZ,ZFI_ADP,TECHNICAL_USER,NOT_MANUAL,NO,"Posted by technical/system user, treated as automated/system-generated."
DZ,ZFI_ADP,NON_TECHNICAL_USER,MANUAL,YES,Human-initiated posting with high-risk tcode and/or high-risk document type; maker-checker approval required before posting.
DZ,ZLIA_COCKPIT,TECHNICAL_USER,NOT_MANUAL,NO,"Posted by technical/system user, treated as automated/system-generated."
DZ,ZLIA_COCKPIT,NON_TECHNICAL_USER,NOT_MANUAL,NO,ERP transaction code is system/batch/process driven.
DZ,ZMM_CARGA_MIRO_MX,TECHNICAL_USER,NOT_MANUAL,NO,"Posted by technical/system user, treated as automated/system-generated."
DZ,ZMM_CARGA_MIRO_MX,NON_TECHNICAL_USER,MANUAL,NO,"Human-initiated posting, but operational document/tcode pattern; standard workflow controls apply."
EC,,TECHNICAL_USER,NOT_MANUAL,NO,"Posted by technical/system user, treated as automated/system-generated."
EC,,NON_TECHNICAL_USER,NOT_MANUAL,NO,ERP transaction code is system/batch/process driven.
EC,AB01L,TECHNICAL_USER,NOT_MANUAL,NO,"Posted by technical/system user, treated as automated/system-generated."
EC,AB01L,NON_TECHNICAL_USER,MANUAL,YES,Human-initiated posting with high-risk tcode and/or high-risk document type; maker-checker approval required before posting.
EC,AB08,TECHNICAL_USER,NOT_MANUAL,NO,"Posted by technical/system user, treated as automated/system-generated."
EC,AB08,NON_TECHNICAL_USER,MANUAL,YES,Human-initiated posting with high-risk tcode and/or high-risk document type; maker-checker approval required before posting.
EC,ABAVN,TECHNICAL_USER,NOT_MANUAL,NO,"Posted by technical/system user, treated as automated/system-generated."
EC,ABAVN,NON_TECHNICAL_USER,MANUAL,YES,Human-initiated posting with high-risk tcode and/or high-risk document type; maker-checker approval required before posting.
EC,ABUMN,TECHNICAL_USER,NOT_MANUAL,NO,"Posted by technical/system user, treated as automated/system-generated."
EC,ABUMN,NON_TECHNICAL_USER,MANUAL,YES,Human-initiated posting with high-risk tcode and/or high-risk document type; maker-checker approval required before posting.
EC,ABZON,TECHNICAL_USER,NOT_MANUAL,NO,"Posted by technical/system user, treated as automated/system-generated."
EC,ABZON,NON_TECHNICAL_USER,MANUAL,YES,Human-initiated posting with high-risk tcode and/or high-risk document type; maker-checker approval required before posting.
EC,AFABN,TECHNICAL_USER,NOT_MANUAL,NO,"Posted by technical/system user, treated as automated/system-generated."
EC,AFABN,NON_TECHNICAL_USER,NOT_MANUAL,NO,ERP transaction code is system/batch/process driven.
EC,AS02,TECHNICAL_USER,NOT_MANUAL,NO,"Posted by technical/system user, treated as automated/system-generated."
EC,AS02,NON_TECHNICAL_USER,MANUAL,YES,Human-initiated posting with high-risk tcode and/or high-risk document type; maker-checker approval required before posting.
EC,F110,TECHNICAL_USER,NOT_MANUAL,NO,"Posted by technical/system user, treated as automated/system-generated."
EC,F110,NON_TECHNICAL_USER,NOT_MANUAL,NO,ERP transaction code is system/batch/process driven.
EC,F111,TECHNICAL_USER,NOT_MANUAL,NO,"Posted by technical/system user, treated as automated/system-generated."
EC,F111,NON_TECHNICAL_USER,NOT_MANUAL,NO,ERP transaction code is system/batch/process driven.
EC,FAGL_IT_02,TECHNICAL_USER,NOT_MANUAL,NO,"Posted by technical/system user, treated as automated/system-generated."
EC,FAGL_IT_02,NON_TECHNICAL_USER,NOT_MANUAL,NO,ERP transaction code is system/batch/process driven.
EC,FB01,TECHNICAL_USER,NOT_MANUAL,NO,"Posted by technical/system user, treated as automated/system-generated."
EC,FB01,NON_TECHNICAL_USER,MANUAL,YES,Human-initiated posting with high-risk tcode and/or high-risk document type; maker-checker approval required before posting.
EC,FB05,TECHNICAL_USER,NOT_MANUAL,NO,"Posted by technical/system user, treated as automated/system-generated."
EC,FB05,NON_TECHNICAL_USER,MANUAL,NO,"Human-initiated posting, but operational document/tcode pattern; standard workflow controls apply."
EC,FB08,TECHNICAL_USER,NOT_MANUAL,NO,"Posted by technical/system user, treated as automated/system-generated."
EC,FB08,NON_TECHNICAL_USER,MANUAL,YES,Human-initiated posting with high-risk tcode and/or high-risk document type; maker-checker approval required before posting.
EC,FB1K,TECHNICAL_USER,NOT_MANUAL,NO,"Posted by technical/system user, treated as automated/system-generated."
EC,FB1K,NON_TECHNICAL_USER,MANUAL,NO,"Human-initiated posting, but operational document/tcode pattern; standard workflow controls apply."
EC,FB1S,TECHNICAL_USER,NOT_MANUAL,NO,"Posted by technical/system user, treated as automated/system-generated."
EC,FB1S,NON_TECHNICAL_USER,MANUAL,NO,"Human-initiated posting, but operational document/tcode pattern; standard workflow controls apply."
EC,FB70,TECHNICAL_USER,NOT_MANUAL,NO,"Posted by technical/system user, treated as automated/system-generated."
EC,FB70,NON_TECHNICAL_USER,MANUAL,NO,"Human-initiated posting, but operational document/tcode pattern; standard workflow controls apply."
EC,FBA7,TECHNICAL_USER,NOT_MANUAL,NO,"Posted by technical/system user, treated as automated/system-generated."
EC,FBA7,NON_TECHNICAL_USER,MANUAL,NO,"Human-initiated posting, but operational document/tcode pattern; standard workflow controls apply."
EC,FBB1,TECHNICAL_USER,NOT_MANUAL,NO,"Posted by technical/system user, treated as automated/system-generated."
EC,FBB1,NON_TECHNICAL_USER,MANUAL,YES,Human-initiated posting with high-risk tcode and/or high-risk document type; maker-checker approval required before posting.
EC,FBD5,TECHNICAL_USER,NOT_MANUAL,NO,"Posted by technical/system user, treated as automated/system-generated."
EC,FBD5,NON_TECHNICAL_USER,MANUAL,YES,Human-initiated posting with high-risk tcode and/or high-risk document type; maker-checker approval required before posting.
EC,FBDC_C002,TECHNICAL_USER,NOT_MANUAL,NO,"Posted by technical/system user, treated as automated/system-generated."
EC,FBDC_C002,NON_TECHNICAL_USER,MANUAL,NO,"Human-initiated posting, but operational document/tcode pattern; standard workflow controls apply."
EC,FBDC_C014,TECHNICAL_USER,NOT_MANUAL,NO,"Posted by technical/system user, treated as automated/system-generated."
EC,FBDC_C014,NON_TECHNICAL_USER,MANUAL,NO,"Human-initiated posting, but operational document/tcode pattern; standard workflow controls apply."
EC,FBDC_C022,TECHNICAL_USER,NOT_MANUAL,NO,"Posted by technical/system user, treated as automated/system-generated."
EC,FBDC_C022,NON_TECHNICAL_USER,MANUAL,NO,"Human-initiated posting, but operational document/tcode pattern; standard workflow controls apply."
EC,FBDC_C024,TECHNICAL_USER,NOT_MANUAL,NO,"Posted by technical/system user, treated as automated/system-generated."
EC,FBDC_C024,NON_TECHNICAL_USER,MANUAL,NO,"Human-initiated posting, but operational document/tcode pattern; standard workflow controls apply."
EC,FBDC_C080,TECHNICAL_USER,NOT_MANUAL,NO,"Posted by technical/system user, treated as automated/system-generated."
EC,FBDC_C080,NON_TECHNICAL_USER,MANUAL,NO,"Human-initiated posting, but operational document/tcode pattern; standard workflow controls apply."
EC,FBDC_P001,TECHNICAL_USER,NOT_MANUAL,NO,"Posted by technical/system user, treated as automated/system-generated."
EC,FBDC_P001,NON_TECHNICAL_USER,MANUAL,YES,Human-initiated posting with high-risk tcode and/or high-risk document type; maker-checker approval required before posting.
EC,FBL1N,TECHNICAL_USER,NOT_MANUAL,NO,"Posted by technical/system user, treated as automated/system-generated."
EC,FBL1N,NON_TECHNICAL_USER,NOT_MANUAL,NO,ERP transaction code is system/batch/process driven.
EC,FBVB,TECHNICAL_USER,NOT_MANUAL,NO,"Posted by technical/system user, treated as automated/system-generated."
EC,FBVB,NON_TECHNICAL_USER,NOT_MANUAL,NO,ERP transaction code is system/batch/process driven.
EC,FBZ2,TECHNICAL_USER,NOT_MANUAL,NO,"Posted by technical/system user, treated as automated/system-generated."
EC,FBZ2,NON_TECHNICAL_USER,MANUAL,NO,"Human-initiated posting, but operational document/tcode pattern; standard workflow controls apply."
EC,FV60,TECHNICAL_USER,NOT_MANUAL,NO,"Posted by technical/system user, treated as automated/system-generated."
EC,FV60,NON_TECHNICAL_USER,MANUAL,NO,"Human-initiated posting, but operational document/tcode pattern; standard workflow controls apply."
EC,KO88,TECHNICAL_USER,NOT_MANUAL,NO,"Posted by technical/system user, treated as automated/system-generated."
EC,KO88,NON_TECHNICAL_USER,NOT_MANUAL,NO,ERP transaction code is system/batch/process driven.
EC,KO8G,TECHNICAL_USER,NOT_MANUAL,NO,"Posted by technical/system user, treated as automated/system-generated."
EC,KO8G,NON_TECHNICAL_USER,NOT_MANUAL,NO,ERP transaction code is system/batch/process driven.
EC,KSV5,TECHNICAL_USER,NOT_MANUAL,NO,"Posted by technical/system user, treated as automated/system-generated."
EC,KSV5,NON_TECHNICAL_USER,NOT_MANUAL,NO,ERP transaction code is system/batch/process driven.
EC,LSMW,TECHNICAL_USER,NOT_MANUAL,NO,"Posted by technical/system user, treated as automated/system-generated."
EC,LSMW,NON_TECHNICAL_USER,MANUAL,YES,Human-initiated posting with high-risk tcode and/or high-risk document type; maker-checker approval required before posting.
EC,MIR4,TECHNICAL_USER,NOT_MANUAL,NO,"Posted by technical/system user, treated as automated/system-generated."
EC,MIR4,NON_TECHNICAL_USER,NOT_MANUAL,NO,ERP transaction code is system/batch/process driven.
EC,MIRO,TECHNICAL_USER,NOT_MANUAL,NO,"Posted by technical/system user, treated as automated/system-generated."
EC,MIRO,NON_TECHNICAL_USER,MANUAL,NO,"Human-initiated posting, but operational document/tcode pattern; standard workflow controls apply."
EC,MR8M,TECHNICAL_USER,NOT_MANUAL,NO,"Posted by technical/system user, treated as automated/system-generated."
EC,MR8M,NON_TECHNICAL_USER,MANUAL,NO,"Human-initiated posting, but operational document/tcode pattern; standard workflow controls apply."
EC,ZFI_ADP,TECHNICAL_USER,NOT_MANUAL,NO,"Posted by technical/system user, treated as automated/system-generated."
EC,ZFI_ADP,NON_TECHNICAL_USER,MANUAL,YES,Human-initiated posting with high-risk tcode and/or high-risk document type; maker-checker approval required before posting.
EC,ZLIA_COCKPIT,TECHNICAL_USER,NOT_MANUAL,NO,"Posted by technical/system user, treated as automated/system-generated."
EC,ZLIA_COCKPIT,NON_TECHNICAL_USER,NOT_MANUAL,NO,ERP transaction code is system/batch/process driven.
EC,ZMM_CARGA_MIRO_MX,TECHNICAL_USER,NOT_MANUAL,NO,"Posted by technical/system user, treated as automated/system-generated."
EC,ZMM_CARGA_MIRO_MX,NON_TECHNICAL_USER,MANUAL,NO,"Human-initiated posting, but operational document/tcode pattern; standard workflow controls apply."
ES,,TECHNICAL_USER,NOT_MANUAL,NO,"Posted by technical/system user, treated as automated/system-generated."
ES,,NON_TECHNICAL_USER,NOT_MANUAL,NO,ERP transaction code is system/batch/process driven.
ES,AB01L,TECHNICAL_USER,NOT_MANUAL,NO,"Posted by technical/system user, treated as automated/system-generated."
ES,AB01L,NON_TECHNICAL_USER,MANUAL,YES,Human-initiated posting with high-risk tcode and/or high-risk document type; maker-checker approval required before posting.
ES,AB08,TECHNICAL_USER,NOT_MANUAL,NO,"Posted by technical/system user, treated as automated/system-generated."
ES,AB08,NON_TECHNICAL_USER,MANUAL,YES,Human-initiated posting with high-risk tcode and/or high-risk document type; maker-checker approval required before posting.
ES,ABAVN,TECHNICAL_USER,NOT_MANUAL,NO,"Posted by technical/system user, treated as automated/system-generated."
ES,ABAVN,NON_TECHNICAL_USER,MANUAL,YES,Human-initiated posting with high-risk tcode and/or high-risk document type; maker-checker approval required before posting.
ES,ABUMN,TECHNICAL_USER,NOT_MANUAL,NO,"Posted by technical/system user, treated as automated/system-generated."
ES,ABUMN,NON_TECHNICAL_USER,MANUAL,YES,Human-initiated posting with high-risk tcode and/or high-risk document type; maker-checker approval required before posting.
ES,ABZON,TECHNICAL_USER,NOT_MANUAL,NO,"Posted by technical/system user, treated as automated/system-generated."
ES,ABZON,NON_TECHNICAL_USER,MANUAL,YES,Human-initiated posting with high-risk tcode and/or high-risk document type; maker-checker approval required before posting.
ES,AFABN,TECHNICAL_USER,NOT_MANUAL,NO,"Posted by technical/system user, treated as automated/system-generated."
ES,AFABN,NON_TECHNICAL_USER,NOT_MANUAL,NO,ERP transaction code is system/batch/process driven.
ES,AS02,TECHNICAL_USER,NOT_MANUAL,NO,"Posted by technical/system user, treated as automated/system-generated."
ES,AS02,NON_TECHNICAL_USER,MANUAL,YES,Human-initiated posting with high-risk tcode and/or high-risk document type; maker-checker approval required before posting.
ES,F110,TECHNICAL_USER,NOT_MANUAL,NO,"Posted by technical/system user, treated as automated/system-generated."
ES,F110,NON_TECHNICAL_USER,NOT_MANUAL,NO,ERP transaction code is system/batch/process driven.
ES,F111,TECHNICAL_USER,NOT_MANUAL,NO,"Posted by technical/system user, treated as automated/system-generated."
ES,F111,NON_TECHNICAL_USER,NOT_MANUAL,NO,ERP transaction code is system/batch/process driven.
ES,FAGL_IT_02,TECHNICAL_USER,NOT_MANUAL,NO,"Posted by technical/system user, treated as automated/system-generated."
ES,FAGL_IT_02,NON_TECHNICAL_USER,NOT_MANUAL,NO,ERP transaction code is system/batch/process driven.
ES,FB01,TECHNICAL_USER,NOT_MANUAL,NO,"Posted by technical/system user, treated as automated/system-generated."
ES,FB01,NON_TECHNICAL_USER,MANUAL,YES,Human-initiated posting with high-risk tcode and/or high-risk document type; maker-checker approval required before posting.
ES,FB05,TECHNICAL_USER,NOT_MANUAL,NO,"Posted by technical/system user, treated as automated/system-generated."
ES,FB05,NON_TECHNICAL_USER,MANUAL,NO,"Human-initiated posting, but operational document/tcode pattern; standard workflow controls apply."
ES,FB08,TECHNICAL_USER,NOT_MANUAL,NO,"Posted by technical/system user, treated as automated/system-generated."
ES,FB08,NON_TECHNICAL_USER,MANUAL,YES,Human-initiated posting with high-risk tcode and/or high-risk document type; maker-checker approval required before posting.
ES,FB1K,TECHNICAL_USER,NOT_MANUAL,NO,"Posted by technical/system user, treated as automated/system-generated."
ES,FB1K,NON_TECHNICAL_USER,MANUAL,NO,"Human-initiated posting, but operational document/tcode pattern; standard workflow controls apply."
ES,FB1S,TECHNICAL_USER,NOT_MANUAL,NO,"Posted by technical/system user, treated as automated/system-generated."
ES,FB1S,NON_TECHNICAL_USER,MANUAL,NO,"Human-initiated posting, but operational document/tcode pattern; standard workflow controls apply."
ES,FB70,TECHNICAL_USER,NOT_MANUAL,NO,"Posted by technical/system user, treated as automated/system-generated."
ES,FB70,NON_TECHNICAL_USER,MANUAL,NO,"Human-initiated posting, but operational document/tcode pattern; standard workflow controls apply."
ES,FBA7,TECHNICAL_USER,NOT_MANUAL,NO,"Posted by technical/system user, treated as automated/system-generated."
ES,FBA7,NON_TECHNICAL_USER,MANUAL,NO,"Human-initiated posting, but operational document/tcode pattern; standard workflow controls apply."
ES,FBB1,TECHNICAL_USER,NOT_MANUAL,NO,"Posted by technical/system user, treated as automated/system-generated."
ES,FBB1,NON_TECHNICAL_USER,MANUAL,YES,Human-initiated posting with high-risk tcode and/or high-risk document type; maker-checker approval required before posting.
ES,FBD5,TECHNICAL_USER,NOT_MANUAL,NO,"Posted by technical/system user, treated as automated/system-generated."
ES,FBD5,NON_TECHNICAL_USER,MANUAL,YES,Human-initiated posting with high-risk tcode and/or high-risk document type; maker-checker approval required before posting.
ES,FBDC_C002,TECHNICAL_USER,NOT_MANUAL,NO,"Posted by technical/system user, treated as automated/system-generated."
ES,FBDC_C002,NON_TECHNICAL_USER,MANUAL,NO,"Human-initiated posting, but operational document/tcode pattern; standard workflow controls apply."
ES,FBDC_C014,TECHNICAL_USER,NOT_MANUAL,NO,"Posted by technical/system user, treated as automated/system-generated."
ES,FBDC_C014,NON_TECHNICAL_USER,MANUAL,NO,"Human-initiated posting, but operational document/tcode pattern; standard workflow controls apply."
ES,FBDC_C022,TECHNICAL_USER,NOT_MANUAL,NO,"Posted by technical/system user, treated as automated/system-generated."
ES,FBDC_C022,NON_TECHNICAL_USER,MANUAL,NO,"Human-initiated posting, but operational document/tcode pattern; standard workflow controls apply."
ES,FBDC_C024,TECHNICAL_USER,NOT_MANUAL,NO,"Posted by technical/system user, treated as automated/system-generated."
ES,FBDC_C024,NON_TECHNICAL_USER,MANUAL,NO,"Human-initiated posting, but operational document/tcode pattern; standard workflow controls apply."
ES,FBDC_C080,TECHNICAL_USER,NOT_MANUAL,NO,"Posted by technical/system user, treated as automated/system-generated."
ES,FBDC_C080,NON_TECHNICAL_USER,MANUAL,NO,"Human-initiated posting, but operational document/tcode pattern; standard workflow controls apply."
ES,FBDC_P001,TECHNICAL_USER,NOT_MANUAL,NO,"Posted by technical/system user, treated as automated/system-generated."
ES,FBDC_P001,NON_TECHNICAL_USER,MANUAL,YES,Human-initiated posting with high-risk tcode and/or high-risk document type; maker-checker approval required before posting.
ES,FBL1N,TECHNICAL_USER,NOT_MANUAL,NO,"Posted by technical/system user, treated as automated/system-generated."
ES,FBL1N,NON_TECHNICAL_USER,NOT_MANUAL,NO,ERP transaction code is system/batch/process driven.
ES,FBVB,TECHNICAL_USER,NOT_MANUAL,NO,"Posted by technical/system user, treated as automated/system-generated."
ES,FBVB,NON_TECHNICAL_USER,NOT_MANUAL,NO,ERP transaction code is system/batch/process driven.
ES,FBZ2,TECHNICAL_USER,NOT_MANUAL,NO,"Posted by technical/system user, treated as automated/system-generated."
ES,FBZ2,NON_TECHNICAL_USER,MANUAL,NO,"Human-initiated posting, but operational document/tcode pattern; standard workflow controls apply."
ES,FV60,TECHNICAL_USER,NOT_MANUAL,NO,"Posted by technical/system user, treated as automated/system-generated."
ES,FV60,NON_TECHNICAL_USER,MANUAL,NO,"Human-initiated posting, but operational document/tcode pattern; standard workflow controls apply."
ES,KO88,TECHNICAL_USER,NOT_MANUAL,NO,"Posted by technical/system user, treated as automated/system-generated."
ES,KO88,NON_TECHNICAL_USER,NOT_MANUAL,NO,ERP transaction code is system/batch/process driven.
ES,KO8G,TECHNICAL_USER,NOT_MANUAL,NO,"Posted by technical/system user, treated as automated/system-generated."
ES,KO8G,NON_TECHNICAL_USER,NOT_MANUAL,NO,ERP transaction code is system/batch/process driven.
ES,KSV5,TECHNICAL_USER,NOT_MANUAL,NO,"Posted by technical/system user, treated as automated/system-generated."
ES,KSV5,NON_TECHNICAL_USER,NOT_MANUAL,NO,ERP transaction code is system/batch/process driven.
ES,LSMW,TECHNICAL_USER,NOT_MANUAL,NO,"Posted by technical/system user, treated as automated/system-generated."
ES,LSMW,NON_TECHNICAL_USER,MANUAL,YES,Human-initiated posting with high-risk tcode and/or high-risk document type; maker-checker approval required before posting.
ES,MIR4,TECHNICAL_USER,NOT_MANUAL,NO,"Posted by technical/system user, treated as automated/system-generated."
ES,MIR4,NON_TECHNICAL_USER,NOT_MANUAL,NO,ERP transaction code is system/batch/process driven.
ES,MIRO,TECHNICAL_USER,NOT_MANUAL,NO,"Posted by technical/system user, treated as automated/system-generated."
ES,MIRO,NON_TECHNICAL_USER,MANUAL,NO,"Human-initiated posting, but operational document/tcode pattern; standard workflow controls apply."
ES,MR8M,TECHNICAL_USER,NOT_MANUAL,NO,"Posted by technical/system user, treated as automated/system-generated."
ES,MR8M,NON_TECHNICAL_USER,MANUAL,NO,"Human-initiated posting, but operational document/tcode pattern; standard workflow controls apply."
ES,ZFI_ADP,TECHNICAL_USER,NOT_MANUAL,NO,"Posted by technical/system user, treated as automated/system-generated."
ES,ZFI_ADP,NON_TECHNICAL_USER,MANUAL,YES,Human-initiated posting with high-risk tcode and/or high-risk document type; maker-checker approval required before posting.
ES,ZLIA_COCKPIT,TECHNICAL_USER,NOT_MANUAL,NO,"Posted by technical/system user, treated as automated/system-generated."
ES,ZLIA_COCKPIT,NON_TECHNICAL_USER,NOT_MANUAL,NO,ERP transaction code is system/batch/process driven.
ES,ZMM_CARGA_MIRO_MX,TECHNICAL_USER,NOT_MANUAL,NO,"Posted by technical/system user, treated as automated/system-generated."
ES,ZMM_CARGA_MIRO_MX,NON_TECHNICAL_USER,MANUAL,NO,"Human-initiated posting, but operational document/tcode pattern; standard workflow controls apply."
FI,,TECHNICAL_USER,NOT_MANUAL,NO,"Posted by technical/system user, treated as automated/system-generated."
FI,,NON_TECHNICAL_USER,NOT_MANUAL,NO,ERP transaction code is system/batch/process driven.
FI,AB01L,TECHNICAL_USER,NOT_MANUAL,NO,"Posted by technical/system user, treated as automated/system-generated."
FI,AB01L,NON_TECHNICAL_USER,MANUAL,YES,Human-initiated posting with high-risk tcode and/or high-risk document type; maker-checker approval required before posting.
FI,AB08,TECHNICAL_USER,NOT_MANUAL,NO,"Posted by technical/system user, treated as automated/system-generated."
FI,AB08,NON_TECHNICAL_USER,MANUAL,YES,Human-initiated posting with high-risk tcode and/or high-risk document type; maker-checker approval required before posting.
FI,ABAVN,TECHNICAL_USER,NOT_MANUAL,NO,"Posted by technical/system user, treated as automated/system-generated."
FI,ABAVN,NON_TECHNICAL_USER,MANUAL,YES,Human-initiated posting with high-risk tcode and/or high-risk document type; maker-checker approval required before posting.
FI,ABUMN,TECHNICAL_USER,NOT_MANUAL,NO,"Posted by technical/system user, treated as automated/system-generated."
FI,ABUMN,NON_TECHNICAL_USER,MANUAL,YES,Human-initiated posting with high-risk tcode and/or high-risk document type; maker-checker approval required before posting.
FI,ABZON,TECHNICAL_USER,NOT_MANUAL,NO,"Posted by technical/system user, treated as automated/system-generated."
FI,ABZON,NON_TECHNICAL_USER,MANUAL,YES,Human-initiated posting with high-risk tcode and/or high-risk document type; maker-checker approval required before posting.
FI,AFABN,TECHNICAL_USER,NOT_MANUAL,NO,"Posted by technical/system user, treated as automated/system-generated."
FI,AFABN,NON_TECHNICAL_USER,NOT_MANUAL,NO,ERP transaction code is system/batch/process driven.
FI,AS02,TECHNICAL_USER,NOT_MANUAL,NO,"Posted by technical/system user, treated as automated/system-generated."
FI,AS02,NON_TECHNICAL_USER,MANUAL,YES,Human-initiated posting with high-risk tcode and/or high-risk document type; maker-checker approval required before posting.
FI,F110,TECHNICAL_USER,NOT_MANUAL,NO,"Posted by technical/system user, treated as automated/system-generated."
FI,F110,NON_TECHNICAL_USER,NOT_MANUAL,NO,ERP transaction code is system/batch/process driven.
FI,F111,TECHNICAL_USER,NOT_MANUAL,NO,"Posted by technical/system user, treated as automated/system-generated."
FI,F111,NON_TECHNICAL_USER,NOT_MANUAL,NO,ERP transaction code is system/batch/process driven.
FI,FAGL_IT_02,TECHNICAL_USER,NOT_MANUAL,NO,"Posted by technical/system user, treated as automated/system-generated."
FI,FAGL_IT_02,NON_TECHNICAL_USER,NOT_MANUAL,NO,ERP transaction code is system/batch/process driven.
FI,FB01,TECHNICAL_USER,NOT_MANUAL,NO,"Posted by technical/system user, treated as automated/system-generated."
FI,FB01,NON_TECHNICAL_USER,MANUAL,YES,Human-initiated posting with high-risk tcode and/or high-risk document type; maker-checker approval required before posting.
FI,FB05,TECHNICAL_USER,NOT_MANUAL,NO,"Posted by technical/system user, treated as automated/system-generated."
FI,FB05,NON_TECHNICAL_USER,MANUAL,YES,Human-initiated posting with high-risk tcode and/or high-risk document type; maker-checker approval required before posting.
FI,FB08,TECHNICAL_USER,NOT_MANUAL,NO,"Posted by technical/system user, treated as automated/system-generated."
FI,FB08,NON_TECHNICAL_USER,MANUAL,YES,Human-initiated posting with high-risk tcode and/or high-risk document type; maker-checker approval required before posting.
FI,FB1K,TECHNICAL_USER,NOT_MANUAL,NO,"Posted by technical/system user, treated as automated/system-generated."
FI,FB1K,NON_TECHNICAL_USER,MANUAL,YES,Human-initiated posting with high-risk tcode and/or high-risk document type; maker-checker approval required before posting.
FI,FB1S,TECHNICAL_USER,NOT_MANUAL,NO,"Posted by technical/system user, treated as automated/system-generated."
FI,FB1S,NON_TECHNICAL_USER,MANUAL,YES,Human-initiated posting with high-risk tcode and/or high-risk document type; maker-checker approval required before posting.
FI,FB70,TECHNICAL_USER,NOT_MANUAL,NO,"Posted by technical/system user, treated as automated/system-generated."
FI,FB70,NON_TECHNICAL_USER,MANUAL,YES,Human-initiated posting with high-risk tcode and/or high-risk document type; maker-checker approval required before posting.
FI,FBA7,TECHNICAL_USER,NOT_MANUAL,NO,"Posted by technical/system user, treated as automated/system-generated."
FI,FBA7,NON_TECHNICAL_USER,MANUAL,YES,Human-initiated posting with high-risk tcode and/or high-risk document type; maker-checker approval required before posting.
FI,FBB1,TECHNICAL_USER,NOT_MANUAL,NO,"Posted by technical/system user, treated as automated/system-generated."
FI,FBB1,NON_TECHNICAL_USER,MANUAL,YES,Human-initiated posting with high-risk tcode and/or high-risk document type; maker-checker approval required before posting.
FI,FBD5,TECHNICAL_USER,NOT_MANUAL,NO,"Posted by technical/system user, treated as automated/system-generated."
FI,FBD5,NON_TECHNICAL_USER,MANUAL,YES,Human-initiated posting with high-risk tcode and/or high-risk document type; maker-checker approval required before posting.
FI,FBDC_C002,TECHNICAL_USER,NOT_MANUAL,NO,"Posted by technical/system user, treated as automated/system-generated."
FI,FBDC_C002,NON_TECHNICAL_USER,MANUAL,YES,Human-initiated posting with high-risk tcode and/or high-risk document type; maker-checker approval required before posting.
FI,FBDC_C014,TECHNICAL_USER,NOT_MANUAL,NO,"Posted by technical/system user, treated as automated/system-generated."
FI,FBDC_C014,NON_TECHNICAL_USER,MANUAL,YES,Human-initiated posting with high-risk tcode and/or high-risk document type; maker-checker approval required before posting.
FI,FBDC_C022,TECHNICAL_USER,NOT_MANUAL,NO,"Posted by technical/system user, treated as automated/system-generated."
FI,FBDC_C022,NON_TECHNICAL_USER,MANUAL,YES,Human-initiated posting with high-risk tcode and/or high-risk document type; maker-checker approval required before posting.
FI,FBDC_C024,TECHNICAL_USER,NOT_MANUAL,NO,"Posted by technical/system user, treated as automated/system-generated."
FI,FBDC_C024,NON_TECHNICAL_USER,MANUAL,YES,Human-initiated posting with high-risk tcode and/or high-risk document type; maker-checker approval required before posting.
FI,FBDC_C080,TECHNICAL_USER,NOT_MANUAL,NO,"Posted by technical/system user, treated as automated/system-generated."
FI,FBDC_C080,NON_TECHNICAL_USER,MANUAL,YES,Human-initiated posting with high-risk tcode and/or high-risk document type; maker-checker approval required before posting.
FI,FBDC_P001,TECHNICAL_USER,NOT_MANUAL,NO,"Posted by technical/system user, treated as automated/system-generated."
FI,FBDC_P001,NON_TECHNICAL_USER,MANUAL,YES,Human-initiated posting with high-risk tcode and/or high-risk document type; maker-checker approval required before posting.
FI,FBL1N,TECHNICAL_USER,NOT_MANUAL,NO,"Posted by technical/system user, treated as automated/system-generated."
FI,FBL1N,NON_TECHNICAL_USER,NOT_MANUAL,NO,ERP transaction code is system/batch/process driven.
FI,FBVB,TECHNICAL_USER,NOT_MANUAL,NO,"Posted by technical/system user, treated as automated/system-generated."
FI,FBVB,NON_TECHNICAL_USER,NOT_MANUAL,NO,ERP transaction code is system/batch/process driven.
FI,FBZ2,TECHNICAL_USER,NOT_MANUAL,NO,"Posted by technical/system user, treated as automated/system-generated."
FI,FBZ2,NON_TECHNICAL_USER,MANUAL,YES,Human-initiated posting with high-risk tcode and/or high-risk document type; maker-checker approval required before posting.
FI,FV60,TECHNICAL_USER,NOT_MANUAL,NO,"Posted by technical/system user, treated as automated/system-generated."
FI,FV60,NON_TECHNICAL_USER,MANUAL,YES,Human-initiated posting with high-risk tcode and/or high-risk document type; maker-checker approval required before posting.
FI,KO88,TECHNICAL_USER,NOT_MANUAL,NO,"Posted by technical/system user, treated as automated/system-generated."
FI,KO88,NON_TECHNICAL_USER,NOT_MANUAL,NO,ERP transaction code is system/batch/process driven.
FI,KO8G,TECHNICAL_USER,NOT_MANUAL,NO,"Posted by technical/system user, treated as automated/system-generated."
FI,KO8G,NON_TECHNICAL_USER,NOT_MANUAL,NO,ERP transaction code is system/batch/process driven.
FI,KSV5,TECHNICAL_USER,NOT_MANUAL,NO,"Posted by technical/system user, treated as automated/system-generated."
FI,KSV5,NON_TECHNICAL_USER,NOT_MANUAL,NO,ERP transaction code is system/batch/process driven.
FI,LSMW,TECHNICAL_USER,NOT_MANUAL,NO,"Posted by technical/system user, treated as automated/system-generated."
FI,LSMW,NON_TECHNICAL_USER,MANUAL,YES,Human-initiated posting with high-risk tcode and/or high-risk document type; maker-checker approval required before posting.
FI,MIR4,TECHNICAL_USER,NOT_MANUAL,NO,"Posted by technical/system user, treated as automated/system-generated."
FI,MIR4,NON_TECHNICAL_USER,NOT_MANUAL,NO,ERP transaction code is system/batch/process driven.
FI,MIRO,TECHNICAL_USER,NOT_MANUAL,NO,"Posted by technical/system user, treated as automated/system-generated."
FI,MIRO,NON_TECHNICAL_USER,MANUAL,YES,Human-initiated posting with high-risk tcode and/or high-risk document type; maker-checker approval required before posting.
FI,MR8M,TECHNICAL_USER,NOT_MANUAL,NO,"Posted by technical/system user, treated as automated/system-generated."
FI,MR8M,NON_TECHNICAL_USER,MANUAL,YES,Human-initiated posting with high-risk tcode and/or high-risk document type; maker-checker approval required before posting.
FI,ZFI_ADP,TECHNICAL_USER,NOT_MANUAL,NO,"Posted by technical/system user, treated as automated/system-generated."
FI,ZFI_ADP,NON_TECHNICAL_USER,MANUAL,YES,Human-initiated posting with high-risk tcode and/or high-risk document type; maker-checker approval required before posting.
FI,ZLIA_COCKPIT,TECHNICAL_USER,NOT_MANUAL,NO,"Posted by technical/system user, treated as automated/system-generated."
FI,ZLIA_COCKPIT,NON_TECHNICAL_USER,NOT_MANUAL,NO,ERP transaction code is system/batch/process driven.
FI,ZMM_CARGA_MIRO_MX,TECHNICAL_USER,NOT_MANUAL,NO,"Posted by technical/system user, treated as automated/system-generated."
FI,ZMM_CARGA_MIRO_MX,NON_TECHNICAL_USER,MANUAL,YES,Human-initiated posting with high-risk tcode and/or high-risk document type; maker-checker approval required before posting.
FP,,TECHNICAL_USER,NOT_MANUAL,NO,"Posted by technical/system user, treated as automated/system-generated."
FP,,NON_TECHNICAL_USER,NOT_MANUAL,NO,ERP transaction code is system/batch/process driven.
FP,AB01L,TECHNICAL_USER,NOT_MANUAL,NO,"Posted by technical/system user, treated as automated/system-generated."
FP,AB01L,NON_TECHNICAL_USER,MANUAL,YES,Human-initiated posting with high-risk tcode and/or high-risk document type; maker-checker approval required before posting.
FP,AB08,TECHNICAL_USER,NOT_MANUAL,NO,"Posted by technical/system user, treated as automated/system-generated."
FP,AB08,NON_TECHNICAL_USER,MANUAL,YES,Human-initiated posting with high-risk tcode and/or high-risk document type; maker-checker approval required before posting.
FP,ABAVN,TECHNICAL_USER,NOT_MANUAL,NO,"Posted by technical/system user, treated as automated/system-generated."
FP,ABAVN,NON_TECHNICAL_USER,MANUAL,YES,Human-initiated posting with high-risk tcode and/or high-risk document type; maker-checker approval required before posting.
FP,ABUMN,TECHNICAL_USER,NOT_MANUAL,NO,"Posted by technical/system user, treated as automated/system-generated."
FP,ABUMN,NON_TECHNICAL_USER,MANUAL,YES,Human-initiated posting with high-risk tcode and/or high-risk document type; maker-checker approval required before posting.
FP,ABZON,TECHNICAL_USER,NOT_MANUAL,NO,"Posted by technical/system user, treated as automated/system-generated."
FP,ABZON,NON_TECHNICAL_USER,MANUAL,YES,Human-initiated posting with high-risk tcode and/or high-risk document type; maker-checker approval required before posting.
FP,AFABN,TECHNICAL_USER,NOT_MANUAL,NO,"Posted by technical/system user, treated as automated/system-generated."
FP,AFABN,NON_TECHNICAL_USER,NOT_MANUAL,NO,ERP transaction code is system/batch/process driven.
FP,AS02,TECHNICAL_USER,NOT_MANUAL,NO,"Posted by technical/system user, treated as automated/system-generated."
FP,AS02,NON_TECHNICAL_USER,MANUAL,YES,Human-initiated posting with high-risk tcode and/or high-risk document type; maker-checker approval required before posting.
FP,F110,TECHNICAL_USER,NOT_MANUAL,NO,"Posted by technical/system user, treated as automated/system-generated."
FP,F110,NON_TECHNICAL_USER,NOT_MANUAL,NO,ERP transaction code is system/batch/process driven.
FP,F111,TECHNICAL_USER,NOT_MANUAL,NO,"Posted by technical/system user, treated as automated/system-generated."
FP,F111,NON_TECHNICAL_USER,NOT_MANUAL,NO,ERP transaction code is system/batch/process driven.
FP,FAGL_IT_02,TECHNICAL_USER,NOT_MANUAL,NO,"Posted by technical/system user, treated as automated/system-generated."
FP,FAGL_IT_02,NON_TECHNICAL_USER,NOT_MANUAL,NO,ERP transaction code is system/batch/process driven.
FP,FB01,TECHNICAL_USER,NOT_MANUAL,NO,"Posted by technical/system user, treated as automated/system-generated."
FP,FB01,NON_TECHNICAL_USER,MANUAL,YES,Human-initiated posting with high-risk tcode and/or high-risk document type; maker-checker approval required before posting.
FP,FB05,TECHNICAL_USER,NOT_MANUAL,NO,"Posted by technical/system user, treated as automated/system-generated."
FP,FB05,NON_TECHNICAL_USER,MANUAL,YES,Human-initiated posting with high-risk tcode and/or high-risk document type; maker-checker approval required before posting.
FP,FB08,TECHNICAL_USER,NOT_MANUAL,NO,"Posted by technical/system user, treated as automated/system-generated."
FP,FB08,NON_TECHNICAL_USER,MANUAL,YES,Human-initiated posting with high-risk tcode and/or high-risk document type; maker-checker approval required before posting.
FP,FB1K,TECHNICAL_USER,NOT_MANUAL,NO,"Posted by technical/system user, treated as automated/system-generated."
FP,FB1K,NON_TECHNICAL_USER,MANUAL,YES,Human-initiated posting with high-risk tcode and/or high-risk document type; maker-checker approval required before posting.
FP,FB1S,TECHNICAL_USER,NOT_MANUAL,NO,"Posted by technical/system user, treated as automated/system-generated."
FP,FB1S,NON_TECHNICAL_USER,MANUAL,YES,Human-initiated posting with high-risk tcode and/or high-risk document type; maker-checker approval required before posting.
FP,FB70,TECHNICAL_USER,NOT_MANUAL,NO,"Posted by technical/system user, treated as automated/system-generated."
FP,FB70,NON_TECHNICAL_USER,MANUAL,YES,Human-initiated posting with high-risk tcode and/or high-risk document type; maker-checker approval required before posting.
FP,FBA7,TECHNICAL_USER,NOT_MANUAL,NO,"Posted by technical/system user, treated as automated/system-generated."
FP,FBA7,NON_TECHNICAL_USER,MANUAL,YES,Human-initiated posting with high-risk tcode and/or high-risk document type; maker-checker approval required before posting.
FP,FBB1,TECHNICAL_USER,NOT_MANUAL,NO,"Posted by technical/system user, treated as automated/system-generated."
FP,FBB1,NON_TECHNICAL_USER,MANUAL,YES,Human-initiated posting with high-risk tcode and/or high-risk document type; maker-checker approval required before posting.
FP,FBD5,TECHNICAL_USER,NOT_MANUAL,NO,"Posted by technical/system user, treated as automated/system-generated."
FP,FBD5,NON_TECHNICAL_USER,MANUAL,YES,Human-initiated posting with high-risk tcode and/or high-risk document type; maker-checker approval required before posting.
FP,FBDC_C002,TECHNICAL_USER,NOT_MANUAL,NO,"Posted by technical/system user, treated as automated/system-generated."
FP,FBDC_C002,NON_TECHNICAL_USER,MANUAL,YES,Human-initiated posting with high-risk tcode and/or high-risk document type; maker-checker approval required before posting.
FP,FBDC_C014,TECHNICAL_USER,NOT_MANUAL,NO,"Posted by technical/system user, treated as automated/system-generated."
FP,FBDC_C014,NON_TECHNICAL_USER,MANUAL,YES,Human-initiated posting with high-risk tcode and/or high-risk document type; maker-checker approval required before posting.
FP,FBDC_C022,TECHNICAL_USER,NOT_MANUAL,NO,"Posted by technical/system user, treated as automated/system-generated."
FP,FBDC_C022,NON_TECHNICAL_USER,MANUAL,YES,Human-initiated posting with high-risk tcode and/or high-risk document type; maker-checker approval required before posting.
FP,FBDC_C024,TECHNICAL_USER,NOT_MANUAL,NO,"Posted by technical/system user, treated as automated/system-generated."
FP,FBDC_C024,NON_TECHNICAL_USER,MANUAL,YES,Human-initiated posting with high-risk tcode and/or high-risk document type; maker-checker approval required before posting.
FP,FBDC_C080,TECHNICAL_USER,NOT_MANUAL,NO,"Posted by technical/system user, treated as automated/system-generated."
FP,FBDC_C080,NON_TECHNICAL_USER,MANUAL,YES,Human-initiated posting with high-risk tcode and/or high-risk document type; maker-checker approval required before posting.
FP,FBDC_P001,TECHNICAL_USER,NOT_MANUAL,NO,"Posted by technical/system user, treated as automated/system-generated."
FP,FBDC_P001,NON_TECHNICAL_USER,MANUAL,YES,Human-initiated posting with high-risk tcode and/or high-risk document type; maker-checker approval required before posting.
FP,FBL1N,TECHNICAL_USER,NOT_MANUAL,NO,"Posted by technical/system user, treated as automated/system-generated."
FP,FBL1N,NON_TECHNICAL_USER,NOT_MANUAL,NO,ERP transaction code is system/batch/process driven.
FP,FBVB,TECHNICAL_USER,NOT_MANUAL,NO,"Posted by technical/system user, treated as automated/system-generated."
FP,FBVB,NON_TECHNICAL_USER,NOT_MANUAL,NO,ERP transaction code is system/batch/process driven.
FP,FBZ2,TECHNICAL_USER,NOT_MANUAL,NO,"Posted by technical/system user, treated as automated/system-generated."
FP,FBZ2,NON_TECHNICAL_USER,MANUAL,YES,Human-initiated posting with high-risk tcode and/or high-risk document type; maker-checker approval required before posting.
FP,FV60,TECHNICAL_USER,NOT_MANUAL,NO,"Posted by technical/system user, treated as automated/system-generated."
FP,FV60,NON_TECHNICAL_USER,MANUAL,YES,Human-initiated posting with high-risk tcode and/or high-risk document type; maker-checker approval required before posting.
FP,KO88,TECHNICAL_USER,NOT_MANUAL,NO,"Posted by technical/system user, treated as automated/system-generated."
FP,KO88,NON_TECHNICAL_USER,NOT_MANUAL,NO,ERP transaction code is system/batch/process driven.
FP,KO8G,TECHNICAL_USER,NOT_MANUAL,NO,"Posted by technical/system user, treated as automated/system-generated."
FP,KO8G,NON_TECHNICAL_USER,NOT_MANUAL,NO,ERP transaction code is system/batch/process driven.
FP,KSV5,TECHNICAL_USER,NOT_MANUAL,NO,"Posted by technical/system user, treated as automated/system-generated."
FP,KSV5,NON_TECHNICAL_USER,NOT_MANUAL,NO,ERP transaction code is system/batch/process driven.
FP,LSMW,TECHNICAL_USER,NOT_MANUAL,NO,"Posted by technical/system user, treated as automated/system-generated."
FP,LSMW,NON_TECHNICAL_USER,MANUAL,YES,Human-initiated posting with high-risk tcode and/or high-risk document type; maker-checker approval required before posting.
FP,MIR4,TECHNICAL_USER,NOT_MANUAL,NO,"Posted by technical/system user, treated as automated/system-generated."
FP,MIR4,NON_TECHNICAL_USER,NOT_MANUAL,NO,ERP transaction code is system/batch/process driven.
FP,MIRO,TECHNICAL_USER,NOT_MANUAL,NO,"Posted by technical/system user, treated as automated/system-generated."
FP,MIRO,NON_TECHNICAL_USER,MANUAL,YES,Human-initiated posting with high-risk tcode and/or high-risk document type; maker-checker approval required before posting.
FP,MR8M,TECHNICAL_USER,NOT_MANUAL,NO,"Posted by technical/system user, treated as automated/system-generated."
FP,MR8M,NON_TECHNICAL_USER,MANUAL,YES,Human-initiated posting with high-risk tcode and/or high-risk document type; maker-checker approval required before posting.
FP,ZFI_ADP,TECHNICAL_USER,NOT_MANUAL,NO,"Posted by technical/system user, treated as automated/system-generated."
FP,ZFI_ADP,NON_TECHNICAL_USER,MANUAL,YES,Human-initiated posting with high-risk tcode and/or high-risk document type; maker-checker approval required before posting.
FP,ZLIA_COCKPIT,TECHNICAL_USER,NOT_MANUAL,NO,"Posted by technical/system user, treated as automated/system-generated."
FP,ZLIA_COCKPIT,NON_TECHNICAL_USER,NOT_MANUAL,NO,ERP transaction code is system/batch/process driven.
FP,ZMM_CARGA_MIRO_MX,TECHNICAL_USER,NOT_MANUAL,NO,"Posted by technical/system user, treated as automated/system-generated."
FP,ZMM_CARGA_MIRO_MX,NON_TECHNICAL_USER,MANUAL,YES,Human-initiated posting with high-risk tcode and/or high-risk document type; maker-checker approval required before posting.
GO,,TECHNICAL_USER,NOT_MANUAL,NO,"Posted by technical/system user, treated as automated/system-generated."
GO,,NON_TECHNICAL_USER,NOT_MANUAL,NO,ERP transaction code is system/batch/process driven.
GO,AB01L,TECHNICAL_USER,NOT_MANUAL,NO,"Posted by technical/system user, treated as automated/system-generated."
GO,AB01L,NON_TECHNICAL_USER,MANUAL,YES,Human-initiated posting with high-risk tcode and/or high-risk document type; maker-checker approval required before posting.
GO,AB08,TECHNICAL_USER,NOT_MANUAL,NO,"Posted by technical/system user, treated as automated/system-generated."
GO,AB08,NON_TECHNICAL_USER,MANUAL,YES,Human-initiated posting with high-risk tcode and/or high-risk document type; maker-checker approval required before posting.
GO,ABAVN,TECHNICAL_USER,NOT_MANUAL,NO,"Posted by technical/system user, treated as automated/system-generated."
GO,ABAVN,NON_TECHNICAL_USER,MANUAL,YES,Human-initiated posting with high-risk tcode and/or high-risk document type; maker-checker approval required before posting.
GO,ABUMN,TECHNICAL_USER,NOT_MANUAL,NO,"Posted by technical/system user, treated as automated/system-generated."
GO,ABUMN,NON_TECHNICAL_USER,MANUAL,YES,Human-initiated posting with high-risk tcode and/or high-risk document type; maker-checker approval required before posting.
GO,ABZON,TECHNICAL_USER,NOT_MANUAL,NO,"Posted by technical/system user, treated as automated/system-generated."
GO,ABZON,NON_TECHNICAL_USER,MANUAL,YES,Human-initiated posting with high-risk tcode and/or high-risk document type; maker-checker approval required before posting.
GO,AFABN,TECHNICAL_USER,NOT_MANUAL,NO,"Posted by technical/system user, treated as automated/system-generated."
GO,AFABN,NON_TECHNICAL_USER,NOT_MANUAL,NO,ERP transaction code is system/batch/process driven.
GO,AS02,TECHNICAL_USER,NOT_MANUAL,NO,"Posted by technical/system user, treated as automated/system-generated."
GO,AS02,NON_TECHNICAL_USER,MANUAL,YES,Human-initiated posting with high-risk tcode and/or high-risk document type; maker-checker approval required before posting.
GO,F110,TECHNICAL_USER,NOT_MANUAL,NO,"Posted by technical/system user, treated as automated/system-generated."
GO,F110,NON_TECHNICAL_USER,NOT_MANUAL,NO,ERP transaction code is system/batch/process driven.
GO,F111,TECHNICAL_USER,NOT_MANUAL,NO,"Posted by technical/system user, treated as automated/system-generated."
GO,F111,NON_TECHNICAL_USER,NOT_MANUAL,NO,ERP transaction code is system/batch/process driven.
GO,FAGL_IT_02,TECHNICAL_USER,NOT_MANUAL,NO,"Posted by technical/system user, treated as automated/system-generated."
GO,FAGL_IT_02,NON_TECHNICAL_USER,NOT_MANUAL,NO,ERP transaction code is system/batch/process driven.
GO,FB01,TECHNICAL_USER,NOT_MANUAL,NO,"Posted by technical/system user, treated as automated/system-generated."
GO,FB01,NON_TECHNICAL_USER,MANUAL,YES,Human-initiated posting with high-risk tcode and/or high-risk document type; maker-checker approval required before posting.
GO,FB05,TECHNICAL_USER,NOT_MANUAL,NO,"Posted by technical/system user, treated as automated/system-generated."
GO,FB05,NON_TECHNICAL_USER,MANUAL,YES,Human-initiated posting with high-risk tcode and/or high-risk document type; maker-checker approval required before posting.
GO,FB08,TECHNICAL_USER,NOT_MANUAL,NO,"Posted by technical/system user, treated as automated/system-generated."
GO,FB08,NON_TECHNICAL_USER,MANUAL,YES,Human-initiated posting with high-risk tcode and/or high-risk document type; maker-checker approval required before posting.
GO,FB1K,TECHNICAL_USER,NOT_MANUAL,NO,"Posted by technical/system user, treated as automated/system-generated."
GO,FB1K,NON_TECHNICAL_USER,MANUAL,YES,Human-initiated posting with high-risk tcode and/or high-risk document type; maker-checker approval required before posting.
GO,FB1S,TECHNICAL_USER,NOT_MANUAL,NO,"Posted by technical/system user, treated as automated/system-generated."
GO,FB1S,NON_TECHNICAL_USER,MANUAL,YES,Human-initiated posting with high-risk tcode and/or high-risk document type; maker-checker approval required before posting.
GO,FB70,TECHNICAL_USER,NOT_MANUAL,NO,"Posted by technical/system user, treated as automated/system-generated."
GO,FB70,NON_TECHNICAL_USER,MANUAL,YES,Human-initiated posting with high-risk tcode and/or high-risk document type; maker-checker approval required before posting.
GO,FBA7,TECHNICAL_USER,NOT_MANUAL,NO,"Posted by technical/system user, treated as automated/system-generated."
GO,FBA7,NON_TECHNICAL_USER,MANUAL,YES,Human-initiated posting with high-risk tcode and/or high-risk document type; maker-checker approval required before posting.
GO,FBB1,TECHNICAL_USER,NOT_MANUAL,NO,"Posted by technical/system user, treated as automated/system-generated."
GO,FBB1,NON_TECHNICAL_USER,MANUAL,YES,Human-initiated posting with high-risk tcode and/or high-risk document type; maker-checker approval required before posting.
GO,FBD5,TECHNICAL_USER,NOT_MANUAL,NO,"Posted by technical/system user, treated as automated/system-generated."
GO,FBD5,NON_TECHNICAL_USER,MANUAL,YES,Human-initiated posting with high-risk tcode and/or high-risk document type; maker-checker approval required before posting.
GO,FBDC_C002,TECHNICAL_USER,NOT_MANUAL,NO,"Posted by technical/system user, treated as automated/system-generated."
GO,FBDC_C002,NON_TECHNICAL_USER,MANUAL,YES,Human-initiated posting with high-risk tcode and/or high-risk document type; maker-checker approval required before posting.
GO,FBDC_C014,TECHNICAL_USER,NOT_MANUAL,NO,"Posted by technical/system user, treated as automated/system-generated."
GO,FBDC_C014,NON_TECHNICAL_USER,MANUAL,YES,Human-initiated posting with high-risk tcode and/or high-risk document type; maker-checker approval required before posting.
GO,FBDC_C022,TECHNICAL_USER,NOT_MANUAL,NO,"Posted by technical/system user, treated as automated/system-generated."
GO,FBDC_C022,NON_TECHNICAL_USER,MANUAL,YES,Human-initiated posting with high-risk tcode and/or high-risk document type; maker-checker approval required before posting.
GO,FBDC_C024,TECHNICAL_USER,NOT_MANUAL,NO,"Posted by technical/system user, treated as automated/system-generated."
GO,FBDC_C024,NON_TECHNICAL_USER,MANUAL,YES,Human-initiated posting with high-risk tcode and/or high-risk document type; maker-checker approval required before posting.
GO,FBDC_C080,TECHNICAL_USER,NOT_MANUAL,NO,"Posted by technical/system user, treated as automated/system-generated."
GO,FBDC_C080,NON_TECHNICAL_USER,MANUAL,YES,Human-initiated posting with high-risk tcode and/or high-risk document type; maker-checker approval required before posting.
GO,FBDC_P001,TECHNICAL_USER,NOT_MANUAL,NO,"Posted by technical/system user, treated as automated/system-generated."
GO,FBDC_P001,NON_TECHNICAL_USER,MANUAL,YES,Human-initiated posting with high-risk tcode and/or high-risk document type; maker-checker approval required before posting.
GO,FBL1N,TECHNICAL_USER,NOT_MANUAL,NO,"Posted by technical/system user, treated as automated/system-generated."
GO,FBL1N,NON_TECHNICAL_USER,NOT_MANUAL,NO,ERP transaction code is system/batch/process driven.
GO,FBVB,TECHNICAL_USER,NOT_MANUAL,NO,"Posted by technical/system user, treated as automated/system-generated."
GO,FBVB,NON_TECHNICAL_USER,NOT_MANUAL,NO,ERP transaction code is system/batch/process driven.
GO,FBZ2,TECHNICAL_USER,NOT_MANUAL,NO,"Posted by technical/system user, treated as automated/system-generated."
GO,FBZ2,NON_TECHNICAL_USER,MANUAL,YES,Human-initiated posting with high-risk tcode and/or high-risk document type; maker-checker approval required before posting.
GO,FV60,TECHNICAL_USER,NOT_MANUAL,NO,"Posted by technical/system user, treated as automated/system-generated."
GO,FV60,NON_TECHNICAL_USER,MANUAL,YES,Human-initiated posting with high-risk tcode and/or high-risk document type; maker-checker approval required before posting.
GO,KO88,TECHNICAL_USER,NOT_MANUAL,NO,"Posted by technical/system user, treated as automated/system-generated."
GO,KO88,NON_TECHNICAL_USER,NOT_MANUAL,NO,ERP transaction code is system/batch/process driven.
GO,KO8G,TECHNICAL_USER,NOT_MANUAL,NO,"Posted by technical/system user, treated as automated/system-generated."
GO,KO8G,NON_TECHNICAL_USER,NOT_MANUAL,NO,ERP transaction code is system/batch/process driven.
GO,KSV5,TECHNICAL_USER,NOT_MANUAL,NO,"Posted by technical/system user, treated as automated/system-generated."
GO,KSV5,NON_TECHNICAL_USER,NOT_MANUAL,NO,ERP transaction code is system/batch/process driven.
GO,LSMW,TECHNICAL_USER,NOT_MANUAL,NO,"Posted by technical/system user, treated as automated/system-generated."
GO,LSMW,NON_TECHNICAL_USER,MANUAL,YES,Human-initiated posting with high-risk tcode and/or high-risk document type; maker-checker approval required before posting.
GO,MIR4,TECHNICAL_USER,NOT_MANUAL,NO,"Posted by technical/system user, treated as automated/system-generated."
GO,MIR4,NON_TECHNICAL_USER,NOT_MANUAL,NO,ERP transaction code is system/batch/process driven.
GO,MIRO,TECHNICAL_USER,NOT_MANUAL,NO,"Posted by technical/system user, treated as automated/system-generated."
GO,MIRO,NON_TECHNICAL_USER,MANUAL,YES,Human-initiated posting with high-risk tcode and/or high-risk document type; maker-checker approval required before posting.
GO,MR8M,TECHNICAL_USER,NOT_MANUAL,NO,"Posted by technical/system user, treated as automated/system-generated."
GO,MR8M,NON_TECHNICAL_USER,MANUAL,YES,Human-initiated posting with high-risk tcode and/or high-risk document type; maker-checker approval required before posting.
GO,ZFI_ADP,TECHNICAL_USER,NOT_MANUAL,NO,"Posted by technical/system user, treated as automated/system-generated."
GO,ZFI_ADP,NON_TECHNICAL_USER,MANUAL,YES,Human-initiated posting with high-risk tcode and/or high-risk document type; maker-checker approval required before posting.
GO,ZLIA_COCKPIT,TECHNICAL_USER,NOT_MANUAL,NO,"Posted by technical/system user, treated as automated/system-generated."
GO,ZLIA_COCKPIT,NON_TECHNICAL_USER,NOT_MANUAL,NO,ERP transaction code is system/batch/process driven.
GO,ZMM_CARGA_MIRO_MX,TECHNICAL_USER,NOT_MANUAL,NO,"Posted by technical/system user, treated as automated/system-generated."
GO,ZMM_CARGA_MIRO_MX,NON_TECHNICAL_USER,MANUAL,YES,Human-initiated posting with high-risk tcode and/or high-risk document type; maker-checker approval required before posting.
HR,,TECHNICAL_USER,NOT_MANUAL,NO,"Posted by technical/system user, treated as automated/system-generated."
HR,,NON_TECHNICAL_USER,NOT_MANUAL,NO,ERP transaction code is system/batch/process driven.
HR,AB01L,TECHNICAL_USER,NOT_MANUAL,NO,"Posted by technical/system user, treated as automated/system-generated."
HR,AB01L,NON_TECHNICAL_USER,MANUAL,YES,Human-initiated posting with high-risk tcode and/or high-risk document type; maker-checker approval required before posting.
HR,AB08,TECHNICAL_USER,NOT_MANUAL,NO,"Posted by technical/system user, treated as automated/system-generated."
HR,AB08,NON_TECHNICAL_USER,MANUAL,YES,Human-initiated posting with high-risk tcode and/or high-risk document type; maker-checker approval required before posting.
HR,ABAVN,TECHNICAL_USER,NOT_MANUAL,NO,"Posted by technical/system user, treated as automated/system-generated."
HR,ABAVN,NON_TECHNICAL_USER,MANUAL,YES,Human-initiated posting with high-risk tcode and/or high-risk document type; maker-checker approval required before posting.
HR,ABUMN,TECHNICAL_USER,NOT_MANUAL,NO,"Posted by technical/system user, treated as automated/system-generated."
HR,ABUMN,NON_TECHNICAL_USER,MANUAL,YES,Human-initiated posting with high-risk tcode and/or high-risk document type; maker-checker approval required before posting.
HR,ABZON,TECHNICAL_USER,NOT_MANUAL,NO,"Posted by technical/system user, treated as automated/system-generated."
HR,ABZON,NON_TECHNICAL_USER,MANUAL,YES,Human-initiated posting with high-risk tcode and/or high-risk document type; maker-checker approval required before posting.
HR,AFABN,TECHNICAL_USER,NOT_MANUAL,NO,"Posted by technical/system user, treated as automated/system-generated."
HR,AFABN,NON_TECHNICAL_USER,NOT_MANUAL,NO,ERP transaction code is system/batch/process driven.
HR,AS02,TECHNICAL_USER,NOT_MANUAL,NO,"Posted by technical/system user, treated as automated/system-generated."
HR,AS02,NON_TECHNICAL_USER,MANUAL,YES,Human-initiated posting with high-risk tcode and/or high-risk document type; maker-checker approval required before posting.
HR,F110,TECHNICAL_USER,NOT_MANUAL,NO,"Posted by technical/system user, treated as automated/system-generated."
HR,F110,NON_TECHNICAL_USER,NOT_MANUAL,NO,ERP transaction code is system/batch/process driven.
HR,F111,TECHNICAL_USER,NOT_MANUAL,NO,"Posted by technical/system user, treated as automated/system-generated."
HR,F111,NON_TECHNICAL_USER,NOT_MANUAL,NO,ERP transaction code is system/batch/process driven.
HR,FAGL_IT_02,TECHNICAL_USER,NOT_MANUAL,NO,"Posted by technical/system user, treated as automated/system-generated."
HR,FAGL_IT_02,NON_TECHNICAL_USER,NOT_MANUAL,NO,ERP transaction code is system/batch/process driven.
HR,FB01,TECHNICAL_USER,NOT_MANUAL,NO,"Posted by technical/system user, treated as automated/system-generated."
HR,FB01,NON_TECHNICAL_USER,MANUAL,YES,Human-initiated posting with high-risk tcode and/or high-risk document type; maker-checker approval required before posting.
HR,FB05,TECHNICAL_USER,NOT_MANUAL,NO,"Posted by technical/system user, treated as automated/system-generated."
HR,FB05,NON_TECHNICAL_USER,MANUAL,NO,"Human-initiated posting, but operational document/tcode pattern; standard workflow controls apply."
HR,FB08,TECHNICAL_USER,NOT_MANUAL,NO,"Posted by technical/system user, treated as automated/system-generated."
HR,FB08,NON_TECHNICAL_USER,MANUAL,YES,Human-initiated posting with high-risk tcode and/or high-risk document type; maker-checker approval required before posting.
HR,FB1K,TECHNICAL_USER,NOT_MANUAL,NO,"Posted by technical/system user, treated as automated/system-generated."
HR,FB1K,NON_TECHNICAL_USER,MANUAL,NO,"Human-initiated posting, but operational document/tcode pattern; standard workflow controls apply."
HR,FB1S,TECHNICAL_USER,NOT_MANUAL,NO,"Posted by technical/system user, treated as automated/system-generated."
HR,FB1S,NON_TECHNICAL_USER,MANUAL,NO,"Human-initiated posting, but operational document/tcode pattern; standard workflow controls apply."
HR,FB70,TECHNICAL_USER,NOT_MANUAL,NO,"Posted by technical/system user, treated as automated/system-generated."
HR,FB70,NON_TECHNICAL_USER,MANUAL,NO,"Human-initiated posting, but operational document/tcode pattern; standard workflow controls apply."
HR,FBA7,TECHNICAL_USER,NOT_MANUAL,NO,"Posted by technical/system user, treated as automated/system-generated."
HR,FBA7,NON_TECHNICAL_USER,MANUAL,NO,"Human-initiated posting, but operational document/tcode pattern; standard workflow controls apply."
HR,FBB1,TECHNICAL_USER,NOT_MANUAL,NO,"Posted by technical/system user, treated as automated/system-generated."
HR,FBB1,NON_TECHNICAL_USER,MANUAL,YES,Human-initiated posting with high-risk tcode and/or high-risk document type; maker-checker approval required before posting.
HR,FBD5,TECHNICAL_USER,NOT_MANUAL,NO,"Posted by technical/system user, treated as automated/system-generated."
HR,FBD5,NON_TECHNICAL_USER,MANUAL,YES,Human-initiated posting with high-risk tcode and/or high-risk document type; maker-checker approval required before posting.
HR,FBDC_C002,TECHNICAL_USER,NOT_MANUAL,NO,"Posted by technical/system user, treated as automated/system-generated."
HR,FBDC_C002,NON_TECHNICAL_USER,MANUAL,NO,"Human-initiated posting, but operational document/tcode pattern; standard workflow controls apply."
HR,FBDC_C014,TECHNICAL_USER,NOT_MANUAL,NO,"Posted by technical/system user, treated as automated/system-generated."
HR,FBDC_C014,NON_TECHNICAL_USER,MANUAL,NO,"Human-initiated posting, but operational document/tcode pattern; standard workflow controls apply."
HR,FBDC_C022,TECHNICAL_USER,NOT_MANUAL,NO,"Posted by technical/system user, treated as automated/system-generated."
HR,FBDC_C022,NON_TECHNICAL_USER,MANUAL,NO,"Human-initiated posting, but operational document/tcode pattern; standard workflow controls apply."
HR,FBDC_C024,TECHNICAL_USER,NOT_MANUAL,NO,"Posted by technical/system user, treated as automated/system-generated."
HR,FBDC_C024,NON_TECHNICAL_USER,MANUAL,NO,"Human-initiated posting, but operational document/tcode pattern; standard workflow controls apply."
HR,FBDC_C080,TECHNICAL_USER,NOT_MANUAL,NO,"Posted by technical/system user, treated as automated/system-generated."
HR,FBDC_C080,NON_TECHNICAL_USER,MANUAL,NO,"Human-initiated posting, but operational document/tcode pattern; standard workflow controls apply."
HR,FBDC_P001,TECHNICAL_USER,NOT_MANUAL,NO,"Posted by technical/system user, treated as automated/system-generated."
HR,FBDC_P001,NON_TECHNICAL_USER,MANUAL,YES,Human-initiated posting with high-risk tcode and/or high-risk document type; maker-checker approval required before posting.
HR,FBL1N,TECHNICAL_USER,NOT_MANUAL,NO,"Posted by technical/system user, treated as automated/system-generated."
HR,FBL1N,NON_TECHNICAL_USER,NOT_MANUAL,NO,ERP transaction code is system/batch/process driven.
HR,FBVB,TECHNICAL_USER,NOT_MANUAL,NO,"Posted by technical/system user, treated as automated/system-generated."
HR,FBVB,NON_TECHNICAL_USER,NOT_MANUAL,NO,ERP transaction code is system/batch/process driven.
HR,FBZ2,TECHNICAL_USER,NOT_MANUAL,NO,"Posted by technical/system user, treated as automated/system-generated."
HR,FBZ2,NON_TECHNICAL_USER,MANUAL,NO,"Human-initiated posting, but operational document/tcode pattern; standard workflow controls apply."
HR,FV60,TECHNICAL_USER,NOT_MANUAL,NO,"Posted by technical/system user, treated as automated/system-generated."
HR,FV60,NON_TECHNICAL_USER,MANUAL,NO,"Human-initiated posting, but operational document/tcode pattern; standard workflow controls apply."
HR,KO88,TECHNICAL_USER,NOT_MANUAL,NO,"Posted by technical/system user, treated as automated/system-generated."
HR,KO88,NON_TECHNICAL_USER,NOT_MANUAL,NO,ERP transaction code is system/batch/process driven.
HR,KO8G,TECHNICAL_USER,NOT_MANUAL,NO,"Posted by technical/system user, treated as automated/system-generated."
HR,KO8G,NON_TECHNICAL_USER,NOT_MANUAL,NO,ERP transaction code is system/batch/process driven.
HR,KSV5,TECHNICAL_USER,NOT_MANUAL,NO,"Posted by technical/system user, treated as automated/system-generated."
HR,KSV5,NON_TECHNICAL_USER,NOT_MANUAL,NO,ERP transaction code is system/batch/process driven.
HR,LSMW,TECHNICAL_USER,NOT_MANUAL,NO,"Posted by technical/system user, treated as automated/system-generated."
HR,LSMW,NON_TECHNICAL_USER,MANUAL,YES,Human-initiated posting with high-risk tcode and/or high-risk document type; maker-checker approval required before posting.
HR,MIR4,TECHNICAL_USER,NOT_MANUAL,NO,"Posted by technical/system user, treated as automated/system-generated."
HR,MIR4,NON_TECHNICAL_USER,NOT_MANUAL,NO,ERP transaction code is system/batch/process driven.
HR,MIRO,TECHNICAL_USER,NOT_MANUAL,NO,"Posted by technical/system user, treated as automated/system-generated."
HR,MIRO,NON_TECHNICAL_USER,MANUAL,NO,"Human-initiated posting, but operational document/tcode pattern; standard workflow controls apply."
HR,MR8M,TECHNICAL_USER,NOT_MANUAL,NO,"Posted by technical/system user, treated as automated/system-generated."
HR,MR8M,NON_TECHNICAL_USER,MANUAL,NO,"Human-initiated posting, but operational document/tcode pattern; standard workflow controls apply."
HR,ZFI_ADP,TECHNICAL_USER,NOT_MANUAL,NO,"Posted by technical/system user, treated as automated/system-generated."
HR,ZFI_ADP,NON_TECHNICAL_USER,MANUAL,YES,Human-initiated posting with high-risk tcode and/or high-risk document type; maker-checker approval required before posting.
HR,ZLIA_COCKPIT,TECHNICAL_USER,NOT_MANUAL,NO,"Posted by technical/system user, treated as automated/system-generated."
HR,ZLIA_COCKPIT,NON_TECHNICAL_USER,NOT_MANUAL,NO,ERP transaction code is system/batch/process driven.
HR,ZMM_CARGA_MIRO_MX,TECHNICAL_USER,NOT_MANUAL,NO,"Posted by technical/system user, treated as automated/system-generated."
HR,ZMM_CARGA_MIRO_MX,NON_TECHNICAL_USER,MANUAL,NO,"Human-initiated posting, but operational document/tcode pattern; standard workflow controls apply."
IC,,TECHNICAL_USER,NOT_MANUAL,NO,"Posted by technical/system user, treated as automated/system-generated."
IC,,NON_TECHNICAL_USER,NOT_MANUAL,NO,ERP transaction code is system/batch/process driven.
IC,AB01L,TECHNICAL_USER,NOT_MANUAL,NO,"Posted by technical/system user, treated as automated/system-generated."
IC,AB01L,NON_TECHNICAL_USER,MANUAL,YES,Human-initiated posting with high-risk tcode and/or high-risk document type; maker-checker approval required before posting.
IC,AB08,TECHNICAL_USER,NOT_MANUAL,NO,"Posted by technical/system user, treated as automated/system-generated."
IC,AB08,NON_TECHNICAL_USER,MANUAL,YES,Human-initiated posting with high-risk tcode and/or high-risk document type; maker-checker approval required before posting.
IC,ABAVN,TECHNICAL_USER,NOT_MANUAL,NO,"Posted by technical/system user, treated as automated/system-generated."
IC,ABAVN,NON_TECHNICAL_USER,MANUAL,YES,Human-initiated posting with high-risk tcode and/or high-risk document type; maker-checker approval required before posting.
IC,ABUMN,TECHNICAL_USER,NOT_MANUAL,NO,"Posted by technical/system user, treated as automated/system-generated."
IC,ABUMN,NON_TECHNICAL_USER,MANUAL,YES,Human-initiated posting with high-risk tcode and/or high-risk document type; maker-checker approval required before posting.
IC,ABZON,TECHNICAL_USER,NOT_MANUAL,NO,"Posted by technical/system user, treated as automated/system-generated."
IC,ABZON,NON_TECHNICAL_USER,MANUAL,YES,Human-initiated posting with high-risk tcode and/or high-risk document type; maker-checker approval required before posting.
IC,AFABN,TECHNICAL_USER,NOT_MANUAL,NO,"Posted by technical/system user, treated as automated/system-generated."
IC,AFABN,NON_TECHNICAL_USER,NOT_MANUAL,NO,ERP transaction code is system/batch/process driven.
IC,AS02,TECHNICAL_USER,NOT_MANUAL,NO,"Posted by technical/system user, treated as automated/system-generated."
IC,AS02,NON_TECHNICAL_USER,MANUAL,YES,Human-initiated posting with high-risk tcode and/or high-risk document type; maker-checker approval required before posting.
IC,F110,TECHNICAL_USER,NOT_MANUAL,NO,"Posted by technical/system user, treated as automated/system-generated."
IC,F110,NON_TECHNICAL_USER,NOT_MANUAL,NO,ERP transaction code is system/batch/process driven.
IC,F111,TECHNICAL_USER,NOT_MANUAL,NO,"Posted by technical/system user, treated as automated/system-generated."
IC,F111,NON_TECHNICAL_USER,NOT_MANUAL,NO,ERP transaction code is system/batch/process driven.
IC,FAGL_IT_02,TECHNICAL_USER,NOT_MANUAL,NO,"Posted by technical/system user, treated as automated/system-generated."
IC,FAGL_IT_02,NON_TECHNICAL_USER,NOT_MANUAL,NO,ERP transaction code is system/batch/process driven.
IC,FB01,TECHNICAL_USER,NOT_MANUAL,NO,"Posted by technical/system user, treated as automated/system-generated."
IC,FB01,NON_TECHNICAL_USER,MANUAL,YES,Human-initiated posting with high-risk tcode and/or high-risk document type; maker-checker approval required before posting.
IC,FB05,TECHNICAL_USER,NOT_MANUAL,NO,"Posted by technical/system user, treated as automated/system-generated."
IC,FB05,NON_TECHNICAL_USER,MANUAL,YES,Human-initiated posting with high-risk tcode and/or high-risk document type; maker-checker approval required before posting.
IC,FB08,TECHNICAL_USER,NOT_MANUAL,NO,"Posted by technical/system user, treated as automated/system-generated."
IC,FB08,NON_TECHNICAL_USER,MANUAL,YES,Human-initiated posting with high-risk tcode and/or high-risk document type; maker-checker approval required before posting.
IC,FB1K,TECHNICAL_USER,NOT_MANUAL,NO,"Posted by technical/system user, treated as automated/system-generated."
IC,FB1K,NON_TECHNICAL_USER,MANUAL,YES,Human-initiated posting with high-risk tcode and/or high-risk document type; maker-checker approval required before posting.
IC,FB1S,TECHNICAL_USER,NOT_MANUAL,NO,"Posted by technical/system user, treated as automated/system-generated."
IC,FB1S,NON_TECHNICAL_USER,MANUAL,YES,Human-initiated posting with high-risk tcode and/or high-risk document type; maker-checker approval required before posting.
IC,FB70,TECHNICAL_USER,NOT_MANUAL,NO,"Posted by technical/system user, treated as automated/system-generated."
IC,FB70,NON_TECHNICAL_USER,MANUAL,YES,Human-initiated posting with high-risk tcode and/or high-risk document type; maker-checker approval required before posting.
IC,FBA7,TECHNICAL_USER,NOT_MANUAL,NO,"Posted by technical/system user, treated as automated/system-generated."
IC,FBA7,NON_TECHNICAL_USER,MANUAL,YES,Human-initiated posting with high-risk tcode and/or high-risk document type; maker-checker approval required before posting.
IC,FBB1,TECHNICAL_USER,NOT_MANUAL,NO,"Posted by technical/system user, treated as automated/system-generated."
IC,FBB1,NON_TECHNICAL_USER,MANUAL,YES,Human-initiated posting with high-risk tcode and/or high-risk document type; maker-checker approval required before posting.
IC,FBD5,TECHNICAL_USER,NOT_MANUAL,NO,"Posted by technical/system user, treated as automated/system-generated."
IC,FBD5,NON_TECHNICAL_USER,MANUAL,YES,Human-initiated posting with high-risk tcode and/or high-risk document type; maker-checker approval required before posting.
IC,FBDC_C002,TECHNICAL_USER,NOT_MANUAL,NO,"Posted by technical/system user, treated as automated/system-generated."
IC,FBDC_C002,NON_TECHNICAL_USER,MANUAL,YES,Human-initiated posting with high-risk tcode and/or high-risk document type; maker-checker approval required before posting.
IC,FBDC_C014,TECHNICAL_USER,NOT_MANUAL,NO,"Posted by technical/system user, treated as automated/system-generated."
IC,FBDC_C014,NON_TECHNICAL_USER,MANUAL,YES,Human-initiated posting with high-risk tcode and/or high-risk document type; maker-checker approval required before posting.
IC,FBDC_C022,TECHNICAL_USER,NOT_MANUAL,NO,"Posted by technical/system user, treated as automated/system-generated."
IC,FBDC_C022,NON_TECHNICAL_USER,MANUAL,YES,Human-initiated posting with high-risk tcode and/or high-risk document type; maker-checker approval required before posting.
IC,FBDC_C024,TECHNICAL_USER,NOT_MANUAL,NO,"Posted by technical/system user, treated as automated/system-generated."
IC,FBDC_C024,NON_TECHNICAL_USER,MANUAL,YES,Human-initiated posting with high-risk tcode and/or high-risk document type; maker-checker approval required before posting.
IC,FBDC_C080,TECHNICAL_USER,NOT_MANUAL,NO,"Posted by technical/system user, treated as automated/system-generated."
IC,FBDC_C080,NON_TECHNICAL_USER,MANUAL,YES,Human-initiated posting with high-risk tcode and/or high-risk document type; maker-checker approval required before posting.
IC,FBDC_P001,TECHNICAL_USER,NOT_MANUAL,NO,"Posted by technical/system user, treated as automated/system-generated."
IC,FBDC_P001,NON_TECHNICAL_USER,MANUAL,YES,Human-initiated posting with high-risk tcode and/or high-risk document type; maker-checker approval required before posting.
IC,FBL1N,TECHNICAL_USER,NOT_MANUAL,NO,"Posted by technical/system user, treated as automated/system-generated."
IC,FBL1N,NON_TECHNICAL_USER,NOT_MANUAL,NO,ERP transaction code is system/batch/process driven.
IC,FBVB,TECHNICAL_USER,NOT_MANUAL,NO,"Posted by technical/system user, treated as automated/system-generated."
IC,FBVB,NON_TECHNICAL_USER,NOT_MANUAL,NO,ERP transaction code is system/batch/process driven.
IC,FBZ2,TECHNICAL_USER,NOT_MANUAL,NO,"Posted by technical/system user, treated as automated/system-generated."
IC,FBZ2,NON_TECHNICAL_USER,MANUAL,YES,Human-initiated posting with high-risk tcode and/or high-risk document type; maker-checker approval required before posting.
IC,FV60,TECHNICAL_USER,NOT_MANUAL,NO,"Posted by technical/system user, treated as automated/system-generated."
IC,FV60,NON_TECHNICAL_USER,MANUAL,YES,Human-initiated posting with high-risk tcode and/or high-risk document type; maker-checker approval required before posting.
IC,KO88,TECHNICAL_USER,NOT_MANUAL,NO,"Posted by technical/system user, treated as automated/system-generated."
IC,KO88,NON_TECHNICAL_USER,NOT_MANUAL,NO,ERP transaction code is system/batch/process driven.
IC,KO8G,TECHNICAL_USER,NOT_MANUAL,NO,"Posted by technical/system user, treated as automated/system-generated."
IC,KO8G,NON_TECHNICAL_USER,NOT_MANUAL,NO,ERP transaction code is system/batch/process driven.
IC,KSV5,TECHNICAL_USER,NOT_MANUAL,NO,"Posted by technical/system user, treated as automated/system-generated."
IC,KSV5,NON_TECHNICAL_USER,NOT_MANUAL,NO,ERP transaction code is system/batch/process driven.
IC,LSMW,TECHNICAL_USER,NOT_MANUAL,NO,"Posted by technical/system user, treated as automated/system-generated."
IC,LSMW,NON_TECHNICAL_USER,MANUAL,YES,Human-initiated posting with high-risk tcode and/or high-risk document type; maker-checker approval required before posting.
IC,MIR4,TECHNICAL_USER,NOT_MANUAL,NO,"Posted by technical/system user, treated as automated/system-generated."
IC,MIR4,NON_TECHNICAL_USER,NOT_MANUAL,NO,ERP transaction code is system/batch/process driven.
IC,MIRO,TECHNICAL_USER,NOT_MANUAL,NO,"Posted by technical/system user, treated as automated/system-generated."
IC,MIRO,NON_TECHNICAL_USER,MANUAL,YES,Human-initiated posting with high-risk tcode and/or high-risk document type; maker-checker approval required before posting.
IC,MR8M,TECHNICAL_USER,NOT_MANUAL,NO,"Posted by technical/system user, treated as automated/system-generated."
IC,MR8M,NON_TECHNICAL_USER,MANUAL,YES,Human-initiated posting with high-risk tcode and/or high-risk document type; maker-checker approval required before posting.
IC,ZFI_ADP,TECHNICAL_USER,NOT_MANUAL,NO,"Posted by technical/system user, treated as automated/system-generated."
IC,ZFI_ADP,NON_TECHNICAL_USER,MANUAL,YES,Human-initiated posting with high-risk tcode and/or high-risk document type; maker-checker approval required before posting.
IC,ZLIA_COCKPIT,TECHNICAL_USER,NOT_MANUAL,NO,"Posted by technical/system user, treated as automated/system-generated."
IC,ZLIA_COCKPIT,NON_TECHNICAL_USER,NOT_MANUAL,NO,ERP transaction code is system/batch/process driven.
IC,ZMM_CARGA_MIRO_MX,TECHNICAL_USER,NOT_MANUAL,NO,"Posted by technical/system user, treated as automated/system-generated."
IC,ZMM_CARGA_MIRO_MX,NON_TECHNICAL_USER,MANUAL,YES,Human-initiated posting with high-risk tcode and/or high-risk document type; maker-checker approval required before posting.
KG,,TECHNICAL_USER,NOT_MANUAL,NO,"Posted by technical/system user, treated as automated/system-generated."
KG,,NON_TECHNICAL_USER,NOT_MANUAL,NO,ERP transaction code is system/batch/process driven.
KG,AB01L,TECHNICAL_USER,NOT_MANUAL,NO,"Posted by technical/system user, treated as automated/system-generated."
KG,AB01L,NON_TECHNICAL_USER,MANUAL,YES,Human-initiated posting with high-risk tcode and/or high-risk document type; maker-checker approval required before posting.
KG,AB08,TECHNICAL_USER,NOT_MANUAL,NO,"Posted by technical/system user, treated as automated/system-generated."
KG,AB08,NON_TECHNICAL_USER,MANUAL,YES,Human-initiated posting with high-risk tcode and/or high-risk document type; maker-checker approval required before posting.
KG,ABAVN,TECHNICAL_USER,NOT_MANUAL,NO,"Posted by technical/system user, treated as automated/system-generated."
KG,ABAVN,NON_TECHNICAL_USER,MANUAL,YES,Human-initiated posting with high-risk tcode and/or high-risk document type; maker-checker approval required before posting.
KG,ABUMN,TECHNICAL_USER,NOT_MANUAL,NO,"Posted by technical/system user, treated as automated/system-generated."
KG,ABUMN,NON_TECHNICAL_USER,MANUAL,YES,Human-initiated posting with high-risk tcode and/or high-risk document type; maker-checker approval required before posting.
KG,ABZON,TECHNICAL_USER,NOT_MANUAL,NO,"Posted by technical/system user, treated as automated/system-generated."
KG,ABZON,NON_TECHNICAL_USER,MANUAL,YES,Human-initiated posting with high-risk tcode and/or high-risk document type; maker-checker approval required before posting.
KG,AFABN,TECHNICAL_USER,NOT_MANUAL,NO,"Posted by technical/system user, treated as automated/system-generated."
KG,AFABN,NON_TECHNICAL_USER,NOT_MANUAL,NO,ERP transaction code is system/batch/process driven.
KG,AS02,TECHNICAL_USER,NOT_MANUAL,NO,"Posted by technical/system user, treated as automated/system-generated."
KG,AS02,NON_TECHNICAL_USER,MANUAL,YES,Human-initiated posting with high-risk tcode and/or high-risk document type; maker-checker approval required before posting.
KG,F110,TECHNICAL_USER,NOT_MANUAL,NO,"Posted by technical/system user, treated as automated/system-generated."
KG,F110,NON_TECHNICAL_USER,NOT_MANUAL,NO,ERP transaction code is system/batch/process driven.
KG,F111,TECHNICAL_USER,NOT_MANUAL,NO,"Posted by technical/system user, treated as automated/system-generated."
KG,F111,NON_TECHNICAL_USER,NOT_MANUAL,NO,ERP transaction code is system/batch/process driven.
KG,FAGL_IT_02,TECHNICAL_USER,NOT_MANUAL,NO,"Posted by technical/system user, treated as automated/system-generated."
KG,FAGL_IT_02,NON_TECHNICAL_USER,NOT_MANUAL,NO,ERP transaction code is system/batch/process driven.
KG,FB01,TECHNICAL_USER,NOT_MANUAL,NO,"Posted by technical/system user, treated as automated/system-generated."
KG,FB01,NON_TECHNICAL_USER,MANUAL,YES,Human-initiated posting with high-risk tcode and/or high-risk document type; maker-checker approval required before posting.
KG,FB05,TECHNICAL_USER,NOT_MANUAL,NO,"Posted by technical/system user, treated as automated/system-generated."
KG,FB05,NON_TECHNICAL_USER,MANUAL,NO,"Human-initiated posting, but operational document/tcode pattern; standard workflow controls apply."
KG,FB08,TECHNICAL_USER,NOT_MANUAL,NO,"Posted by technical/system user, treated as automated/system-generated."
KG,FB08,NON_TECHNICAL_USER,MANUAL,YES,Human-initiated posting with high-risk tcode and/or high-risk document type; maker-checker approval required before posting.
KG,FB1K,TECHNICAL_USER,NOT_MANUAL,NO,"Posted by technical/system user, treated as automated/system-generated."
KG,FB1K,NON_TECHNICAL_USER,MANUAL,NO,"Human-initiated posting, but operational document/tcode pattern; standard workflow controls apply."
KG,FB1S,TECHNICAL_USER,NOT_MANUAL,NO,"Posted by technical/system user, treated as automated/system-generated."
KG,FB1S,NON_TECHNICAL_USER,MANUAL,NO,"Human-initiated posting, but operational document/tcode pattern; standard workflow controls apply."
KG,FB70,TECHNICAL_USER,NOT_MANUAL,NO,"Posted by technical/system user, treated as automated/system-generated."
KG,FB70,NON_TECHNICAL_USER,MANUAL,NO,"Human-initiated posting, but operational document/tcode pattern; standard workflow controls apply."
KG,FBA7,TECHNICAL_USER,NOT_MANUAL,NO,"Posted by technical/system user, treated as automated/system-generated."
KG,FBA7,NON_TECHNICAL_USER,MANUAL,NO,"Human-initiated posting, but operational document/tcode pattern; standard workflow controls apply."
KG,FBB1,TECHNICAL_USER,NOT_MANUAL,NO,"Posted by technical/system user, treated as automated/system-generated."
KG,FBB1,NON_TECHNICAL_USER,MANUAL,YES,Human-initiated posting with high-risk tcode and/or high-risk document type; maker-checker approval required before posting.
KG,FBD5,TECHNICAL_USER,NOT_MANUAL,NO,"Posted by technical/system user, treated as automated/system-generated."
KG,FBD5,NON_TECHNICAL_USER,MANUAL,YES,Human-initiated posting with high-risk tcode and/or high-risk document type; maker-checker approval required before posting.
KG,FBDC_C002,TECHNICAL_USER,NOT_MANUAL,NO,"Posted by technical/system user, treated as automated/system-generated."
KG,FBDC_C002,NON_TECHNICAL_USER,MANUAL,NO,"Human-initiated posting, but operational document/tcode pattern; standard workflow controls apply."
KG,FBDC_C014,TECHNICAL_USER,NOT_MANUAL,NO,"Posted by technical/system user, treated as automated/system-generated."
KG,FBDC_C014,NON_TECHNICAL_USER,MANUAL,NO,"Human-initiated posting, but operational document/tcode pattern; standard workflow controls apply."
KG,FBDC_C022,TECHNICAL_USER,NOT_MANUAL,NO,"Posted by technical/system user, treated as automated/system-generated."
KG,FBDC_C022,NON_TECHNICAL_USER,MANUAL,NO,"Human-initiated posting, but operational document/tcode pattern; standard workflow controls apply."
KG,FBDC_C024,TECHNICAL_USER,NOT_MANUAL,NO,"Posted by technical/system user, treated as automated/system-generated."
KG,FBDC_C024,NON_TECHNICAL_USER,MANUAL,NO,"Human-initiated posting, but operational document/tcode pattern; standard workflow controls apply."
KG,FBDC_C080,TECHNICAL_USER,NOT_MANUAL,NO,"Posted by technical/system user, treated as automated/system-generated."
KG,FBDC_C080,NON_TECHNICAL_USER,MANUAL,NO,"Human-initiated posting, but operational document/tcode pattern; standard workflow controls apply."
KG,FBDC_P001,TECHNICAL_USER,NOT_MANUAL,NO,"Posted by technical/system user, treated as automated/system-generated."
KG,FBDC_P001,NON_TECHNICAL_USER,MANUAL,YES,Human-initiated posting with high-risk tcode and/or high-risk document type; maker-checker approval required before posting.
KG,FBL1N,TECHNICAL_USER,NOT_MANUAL,NO,"Posted by technical/system user, treated as automated/system-generated."
KG,FBL1N,NON_TECHNICAL_USER,NOT_MANUAL,NO,ERP transaction code is system/batch/process driven.
KG,FBVB,TECHNICAL_USER,NOT_MANUAL,NO,"Posted by technical/system user, treated as automated/system-generated."
KG,FBVB,NON_TECHNICAL_USER,NOT_MANUAL,NO,ERP transaction code is system/batch/process driven.
KG,FBZ2,TECHNICAL_USER,NOT_MANUAL,NO,"Posted by technical/system user, treated as automated/system-generated."
KG,FBZ2,NON_TECHNICAL_USER,MANUAL,NO,"Human-initiated posting, but operational document/tcode pattern; standard workflow controls apply."
KG,FV60,TECHNICAL_USER,NOT_MANUAL,NO,"Posted by technical/system user, treated as automated/system-generated."
KG,FV60,NON_TECHNICAL_USER,MANUAL,NO,"Human-initiated posting, but operational document/tcode pattern; standard workflow controls apply."
KG,KO88,TECHNICAL_USER,NOT_MANUAL,NO,"Posted by technical/system user, treated as automated/system-generated."
KG,KO88,NON_TECHNICAL_USER,NOT_MANUAL,NO,ERP transaction code is system/batch/process driven.
KG,KO8G,TECHNICAL_USER,NOT_MANUAL,NO,"Posted by technical/system user, treated as automated/system-generated."
KG,KO8G,NON_TECHNICAL_USER,NOT_MANUAL,NO,ERP transaction code is system/batch/process driven.
KG,KSV5,TECHNICAL_USER,NOT_MANUAL,NO,"Posted by technical/system user, treated as automated/system-generated."
KG,KSV5,NON_TECHNICAL_USER,NOT_MANUAL,NO,ERP transaction code is system/batch/process driven.
KG,LSMW,TECHNICAL_USER,NOT_MANUAL,NO,"Posted by technical/system user, treated as automated/system-generated."
KG,LSMW,NON_TECHNICAL_USER,MANUAL,YES,Human-initiated posting with high-risk tcode and/or high-risk document type; maker-checker approval required before posting.
KG,MIR4,TECHNICAL_USER,NOT_MANUAL,NO,"Posted by technical/system user, treated as automated/system-generated."
KG,MIR4,NON_TECHNICAL_USER,NOT_MANUAL,NO,ERP transaction code is system/batch/process driven.
KG,MIRO,TECHNICAL_USER,NOT_MANUAL,NO,"Posted by technical/system user, treated as automated/system-generated."
KG,MIRO,NON_TECHNICAL_USER,MANUAL,NO,"Human-initiated posting, but operational document/tcode pattern; standard workflow controls apply."
KG,MR8M,TECHNICAL_USER,NOT_MANUAL,NO,"Posted by technical/system user, treated as automated/system-generated."
KG,MR8M,NON_TECHNICAL_USER,MANUAL,NO,"Human-initiated posting, but operational document/tcode pattern; standard workflow controls apply."
KG,ZFI_ADP,TECHNICAL_USER,NOT_MANUAL,NO,"Posted by technical/system user, treated as automated/system-generated."
KG,ZFI_ADP,NON_TECHNICAL_USER,MANUAL,YES,Human-initiated posting with high-risk tcode and/or high-risk document type; maker-checker approval required before posting.
KG,ZLIA_COCKPIT,TECHNICAL_USER,NOT_MANUAL,NO,"Posted by technical/system user, treated as automated/system-generated."
KG,ZLIA_COCKPIT,NON_TECHNICAL_USER,NOT_MANUAL,NO,ERP transaction code is system/batch/process driven.
KG,ZMM_CARGA_MIRO_MX,TECHNICAL_USER,NOT_MANUAL,NO,"Posted by technical/system user, treated as automated/system-generated."
KG,ZMM_CARGA_MIRO_MX,NON_TECHNICAL_USER,MANUAL,NO,"Human-initiated posting, but operational document/tcode pattern; standard workflow controls apply."
KR,,TECHNICAL_USER,NOT_MANUAL,NO,"Posted by technical/system user, treated as automated/system-generated."
KR,,NON_TECHNICAL_USER,NOT_MANUAL,NO,ERP transaction code is system/batch/process driven.
KR,AB01L,TECHNICAL_USER,NOT_MANUAL,NO,"Posted by technical/system user, treated as automated/system-generated."
KR,AB01L,NON_TECHNICAL_USER,MANUAL,YES,Human-initiated posting with high-risk tcode and/or high-risk document type; maker-checker approval required before posting.
KR,AB08,TECHNICAL_USER,NOT_MANUAL,NO,"Posted by technical/system user, treated as automated/system-generated."
KR,AB08,NON_TECHNICAL_USER,MANUAL,YES,Human-initiated posting with high-risk tcode and/or high-risk document type; maker-checker approval required before posting.
KR,ABAVN,TECHNICAL_USER,NOT_MANUAL,NO,"Posted by technical/system user, treated as automated/system-generated."
KR,ABAVN,NON_TECHNICAL_USER,MANUAL,YES,Human-initiated posting with high-risk tcode and/or high-risk document type; maker-checker approval required before posting.
KR,ABUMN,TECHNICAL_USER,NOT_MANUAL,NO,"Posted by technical/system user, treated as automated/system-generated."
KR,ABUMN,NON_TECHNICAL_USER,MANUAL,YES,Human-initiated posting with high-risk tcode and/or high-risk document type; maker-checker approval required before posting.
KR,ABZON,TECHNICAL_USER,NOT_MANUAL,NO,"Posted by technical/system user, treated as automated/system-generated."
KR,ABZON,NON_TECHNICAL_USER,MANUAL,YES,Human-initiated posting with high-risk tcode and/or high-risk document type; maker-checker approval required before posting.
KR,AFABN,TECHNICAL_USER,NOT_MANUAL,NO,"Posted by technical/system user, treated as automated/system-generated."
KR,AFABN,NON_TECHNICAL_USER,NOT_MANUAL,NO,ERP transaction code is system/batch/process driven.
KR,AS02,TECHNICAL_USER,NOT_MANUAL,NO,"Posted by technical/system user, treated as automated/system-generated."
KR,AS02,NON_TECHNICAL_USER,MANUAL,YES,Human-initiated posting with high-risk tcode and/or high-risk document type; maker-checker approval required before posting.
KR,F110,TECHNICAL_USER,NOT_MANUAL,NO,"Posted by technical/system user, treated as automated/system-generated."
KR,F110,NON_TECHNICAL_USER,NOT_MANUAL,NO,ERP transaction code is system/batch/process driven.
KR,F111,TECHNICAL_USER,NOT_MANUAL,NO,"Posted by technical/system user, treated as automated/system-generated."
KR,F111,NON_TECHNICAL_USER,NOT_MANUAL,NO,ERP transaction code is system/batch/process driven.
KR,FAGL_IT_02,TECHNICAL_USER,NOT_MANUAL,NO,"Posted by technical/system user, treated as automated/system-generated."
KR,FAGL_IT_02,NON_TECHNICAL_USER,NOT_MANUAL,NO,ERP transaction code is system/batch/process driven.
KR,FB01,TECHNICAL_USER,NOT_MANUAL,NO,"Posted by technical/system user, treated as automated/system-generated."
KR,FB01,NON_TECHNICAL_USER,MANUAL,YES,Human-initiated posting with high-risk tcode and/or high-risk document type; maker-checker approval required before posting.
KR,FB05,TECHNICAL_USER,NOT_MANUAL,NO,"Posted by technical/system user, treated as automated/system-generated."
KR,FB05,NON_TECHNICAL_USER,MANUAL,NO,"Human-initiated posting, but operational document/tcode pattern; standard workflow controls apply."
KR,FB08,TECHNICAL_USER,NOT_MANUAL,NO,"Posted by technical/system user, treated as automated/system-generated."
KR,FB08,NON_TECHNICAL_USER,MANUAL,YES,Human-initiated posting with high-risk tcode and/or high-risk document type; maker-checker approval required before posting.
KR,FB1K,TECHNICAL_USER,NOT_MANUAL,NO,"Posted by technical/system user, treated as automated/system-generated."
KR,FB1K,NON_TECHNICAL_USER,MANUAL,NO,"Human-initiated posting, but operational document/tcode pattern; standard workflow controls apply."
KR,FB1S,TECHNICAL_USER,NOT_MANUAL,NO,"Posted by technical/system user, treated as automated/system-generated."
KR,FB1S,NON_TECHNICAL_USER,MANUAL,NO,"Human-initiated posting, but operational document/tcode pattern; standard workflow controls apply."
KR,FB70,TECHNICAL_USER,NOT_MANUAL,NO,"Posted by technical/system user, treated as automated/system-generated."
KR,FB70,NON_TECHNICAL_USER,MANUAL,NO,"Human-initiated posting, but operational document/tcode pattern; standard workflow controls apply."
KR,FBA7,TECHNICAL_USER,NOT_MANUAL,NO,"Posted by technical/system user, treated as automated/system-generated."
KR,FBA7,NON_TECHNICAL_USER,MANUAL,NO,"Human-initiated posting, but operational document/tcode pattern; standard workflow controls apply."
KR,FBB1,TECHNICAL_USER,NOT_MANUAL,NO,"Posted by technical/system user, treated as automated/system-generated."
KR,FBB1,NON_TECHNICAL_USER,MANUAL,YES,Human-initiated posting with high-risk tcode and/or high-risk document type; maker-checker approval required before posting.
KR,FBD5,TECHNICAL_USER,NOT_MANUAL,NO,"Posted by technical/system user, treated as automated/system-generated."
KR,FBD5,NON_TECHNICAL_USER,MANUAL,YES,Human-initiated posting with high-risk tcode and/or high-risk document type; maker-checker approval required before posting.
KR,FBDC_C002,TECHNICAL_USER,NOT_MANUAL,NO,"Posted by technical/system user, treated as automated/system-generated."
KR,FBDC_C002,NON_TECHNICAL_USER,MANUAL,NO,"Human-initiated posting, but operational document/tcode pattern; standard workflow controls apply."
KR,FBDC_C014,TECHNICAL_USER,NOT_MANUAL,NO,"Posted by technical/system user, treated as automated/system-generated."
KR,FBDC_C014,NON_TECHNICAL_USER,MANUAL,NO,"Human-initiated posting, but operational document/tcode pattern; standard workflow controls apply."
KR,FBDC_C022,TECHNICAL_USER,NOT_MANUAL,NO,"Posted by technical/system user, treated as automated/system-generated."
KR,FBDC_C022,NON_TECHNICAL_USER,MANUAL,NO,"Human-initiated posting, but operational document/tcode pattern; standard workflow controls apply."
KR,FBDC_C024,TECHNICAL_USER,NOT_MANUAL,NO,"Posted by technical/system user, treated as automated/system-generated."
KR,FBDC_C024,NON_TECHNICAL_USER,MANUAL,NO,"Human-initiated posting, but operational document/tcode pattern; standard workflow controls apply."
KR,FBDC_C080,TECHNICAL_USER,NOT_MANUAL,NO,"Posted by technical/system user, treated as automated/system-generated."
KR,FBDC_C080,NON_TECHNICAL_USER,MANUAL,NO,"Human-initiated posting, but operational document/tcode pattern; standard workflow controls apply."
KR,FBDC_P001,TECHNICAL_USER,NOT_MANUAL,NO,"Posted by technical/system user, treated as automated/system-generated."
KR,FBDC_P001,NON_TECHNICAL_USER,MANUAL,YES,Human-initiated posting with high-risk tcode and/or high-risk document type; maker-checker approval required before posting.
KR,FBL1N,TECHNICAL_USER,NOT_MANUAL,NO,"Posted by technical/system user, treated as automated/system-generated."
KR,FBL1N,NON_TECHNICAL_USER,NOT_MANUAL,NO,ERP transaction code is system/batch/process driven.
KR,FBVB,TECHNICAL_USER,NOT_MANUAL,NO,"Posted by technical/system user, treated as automated/system-generated."
KR,FBVB,NON_TECHNICAL_USER,NOT_MANUAL,NO,ERP transaction code is system/batch/process driven.
KR,FBZ2,TECHNICAL_USER,NOT_MANUAL,NO,"Posted by technical/system user, treated as automated/system-generated."
KR,FBZ2,NON_TECHNICAL_USER,MANUAL,NO,"Human-initiated posting, but operational document/tcode pattern; standard workflow controls apply."
KR,FV60,TECHNICAL_USER,NOT_MANUAL,NO,"Posted by technical/system user, treated as automated/system-generated."
KR,FV60,NON_TECHNICAL_USER,MANUAL,NO,"Human-initiated posting, but operational document/tcode pattern; standard workflow controls apply."
KR,KO88,TECHNICAL_USER,NOT_MANUAL,NO,"Posted by technical/system user, treated as automated/system-generated."
KR,KO88,NON_TECHNICAL_USER,NOT_MANUAL,NO,ERP transaction code is system/batch/process driven.
KR,KO8G,TECHNICAL_USER,NOT_MANUAL,NO,"Posted by technical/system user, treated as automated/system-generated."
KR,KO8G,NON_TECHNICAL_USER,NOT_MANUAL,NO,ERP transaction code is system/batch/process driven.
KR,KSV5,TECHNICAL_USER,NOT_MANUAL,NO,"Posted by technical/system user, treated as automated/system-generated."
KR,KSV5,NON_TECHNICAL_USER,NOT_MANUAL,NO,ERP transaction code is system/batch/process driven.
KR,LSMW,TECHNICAL_USER,NOT_MANUAL,NO,"Posted by technical/system user, treated as automated/system-generated."
KR,LSMW,NON_TECHNICAL_USER,MANUAL,YES,Human-initiated posting with high-risk tcode and/or high-risk document type; maker-checker approval required before posting.
KR,MIR4,TECHNICAL_USER,NOT_MANUAL,NO,"Posted by technical/system user, treated as automated/system-generated."
KR,MIR4,NON_TECHNICAL_USER,NOT_MANUAL,NO,ERP transaction code is system/batch/process driven.
KR,MIRO,TECHNICAL_USER,NOT_MANUAL,NO,"Posted by technical/system user, treated as automated/system-generated."
KR,MIRO,NON_TECHNICAL_USER,MANUAL,NO,"Human-initiated posting, but operational document/tcode pattern; standard workflow controls apply."
KR,MR8M,TECHNICAL_USER,NOT_MANUAL,NO,"Posted by technical/system user, treated as automated/system-generated."
KR,MR8M,NON_TECHNICAL_USER,MANUAL,NO,"Human-initiated posting, but operational document/tcode pattern; standard workflow controls apply."
KR,ZFI_ADP,TECHNICAL_USER,NOT_MANUAL,NO,"Posted by technical/system user, treated as automated/system-generated."
KR,ZFI_ADP,NON_TECHNICAL_USER,MANUAL,YES,Human-initiated posting with high-risk tcode and/or high-risk document type; maker-checker approval required before posting.
KR,ZLIA_COCKPIT,TECHNICAL_USER,NOT_MANUAL,NO,"Posted by technical/system user, treated as automated/system-generated."
KR,ZLIA_COCKPIT,NON_TECHNICAL_USER,NOT_MANUAL,NO,ERP transaction code is system/batch/process driven.
KR,ZMM_CARGA_MIRO_MX,TECHNICAL_USER,NOT_MANUAL,NO,"Posted by technical/system user, treated as automated/system-generated."
KR,ZMM_CARGA_MIRO_MX,NON_TECHNICAL_USER,MANUAL,NO,"Human-initiated posting, but operational document/tcode pattern; standard workflow controls apply."
KS,,TECHNICAL_USER,NOT_MANUAL,NO,"Posted by technical/system user, treated as automated/system-generated."
KS,,NON_TECHNICAL_USER,NOT_MANUAL,NO,ERP transaction code is system/batch/process driven.
KS,AB01L,TECHNICAL_USER,NOT_MANUAL,NO,"Posted by technical/system user, treated as automated/system-generated."
KS,AB01L,NON_TECHNICAL_USER,MANUAL,YES,Human-initiated posting with high-risk tcode and/or high-risk document type; maker-checker approval required before posting.
KS,AB08,TECHNICAL_USER,NOT_MANUAL,NO,"Posted by technical/system user, treated as automated/system-generated."
KS,AB08,NON_TECHNICAL_USER,MANUAL,YES,Human-initiated posting with high-risk tcode and/or high-risk document type; maker-checker approval required before posting.
KS,ABAVN,TECHNICAL_USER,NOT_MANUAL,NO,"Posted by technical/system user, treated as automated/system-generated."
KS,ABAVN,NON_TECHNICAL_USER,MANUAL,YES,Human-initiated posting with high-risk tcode and/or high-risk document type; maker-checker approval required before posting.
KS,ABUMN,TECHNICAL_USER,NOT_MANUAL,NO,"Posted by technical/system user, treated as automated/system-generated."
KS,ABUMN,NON_TECHNICAL_USER,MANUAL,YES,Human-initiated posting with high-risk tcode and/or high-risk document type; maker-checker approval required before posting.
KS,ABZON,TECHNICAL_USER,NOT_MANUAL,NO,"Posted by technical/system user, treated as automated/system-generated."
KS,ABZON,NON_TECHNICAL_USER,MANUAL,YES,Human-initiated posting with high-risk tcode and/or high-risk document type; maker-checker approval required before posting.
KS,AFABN,TECHNICAL_USER,NOT_MANUAL,NO,"Posted by technical/system user, treated as automated/system-generated."
KS,AFABN,NON_TECHNICAL_USER,NOT_MANUAL,NO,ERP transaction code is system/batch/process driven.
KS,AS02,TECHNICAL_USER,NOT_MANUAL,NO,"Posted by technical/system user, treated as automated/system-generated."
KS,AS02,NON_TECHNICAL_USER,MANUAL,YES,Human-initiated posting with high-risk tcode and/or high-risk document type; maker-checker approval required before posting.
KS,F110,TECHNICAL_USER,NOT_MANUAL,NO,"Posted by technical/system user, treated as automated/system-generated."
KS,F110,NON_TECHNICAL_USER,NOT_MANUAL,NO,ERP transaction code is system/batch/process driven.
KS,F111,TECHNICAL_USER,NOT_MANUAL,NO,"Posted by technical/system user, treated as automated/system-generated."
KS,F111,NON_TECHNICAL_USER,NOT_MANUAL,NO,ERP transaction code is system/batch/process driven.
KS,FAGL_IT_02,TECHNICAL_USER,NOT_MANUAL,NO,"Posted by technical/system user, treated as automated/system-generated."
KS,FAGL_IT_02,NON_TECHNICAL_USER,NOT_MANUAL,NO,ERP transaction code is system/batch/process driven.
KS,FB01,TECHNICAL_USER,NOT_MANUAL,NO,"Posted by technical/system user, treated as automated/system-generated."
KS,FB01,NON_TECHNICAL_USER,MANUAL,YES,Human-initiated posting with high-risk tcode and/or high-risk document type; maker-checker approval required before posting.
KS,FB05,TECHNICAL_USER,NOT_MANUAL,NO,"Posted by technical/system user, treated as automated/system-generated."
KS,FB05,NON_TECHNICAL_USER,MANUAL,NO,"Human-initiated posting, but operational document/tcode pattern; standard workflow controls apply."
KS,FB08,TECHNICAL_USER,NOT_MANUAL,NO,"Posted by technical/system user, treated as automated/system-generated."
KS,FB08,NON_TECHNICAL_USER,MANUAL,YES,Human-initiated posting with high-risk tcode and/or high-risk document type; maker-checker approval required before posting.
KS,FB1K,TECHNICAL_USER,NOT_MANUAL,NO,"Posted by technical/system user, treated as automated/system-generated."
KS,FB1K,NON_TECHNICAL_USER,MANUAL,NO,"Human-initiated posting, but operational document/tcode pattern; standard workflow controls apply."
KS,FB1S,TECHNICAL_USER,NOT_MANUAL,NO,"Posted by technical/system user, treated as automated/system-generated."
KS,FB1S,NON_TECHNICAL_USER,MANUAL,NO,"Human-initiated posting, but operational document/tcode pattern; standard workflow controls apply."
KS,FB70,TECHNICAL_USER,NOT_MANUAL,NO,"Posted by technical/system user, treated as automated/system-generated."
KS,FB70,NON_TECHNICAL_USER,MANUAL,NO,"Human-initiated posting, but operational document/tcode pattern; standard workflow controls apply."
KS,FBA7,TECHNICAL_USER,NOT_MANUAL,NO,"Posted by technical/system user, treated as automated/system-generated."
KS,FBA7,NON_TECHNICAL_USER,MANUAL,NO,"Human-initiated posting, but operational document/tcode pattern; standard workflow controls apply."
KS,FBB1,TECHNICAL_USER,NOT_MANUAL,NO,"Posted by technical/system user, treated as automated/system-generated."
KS,FBB1,NON_TECHNICAL_USER,MANUAL,YES,Human-initiated posting with high-risk tcode and/or high-risk document type; maker-checker approval required before posting.
KS,FBD5,TECHNICAL_USER,NOT_MANUAL,NO,"Posted by technical/system user, treated as automated/system-generated."
KS,FBD5,NON_TECHNICAL_USER,MANUAL,YES,Human-initiated posting with high-risk tcode and/or high-risk document type; maker-checker approval required before posting.
KS,FBDC_C002,TECHNICAL_USER,NOT_MANUAL,NO,"Posted by technical/system user, treated as automated/system-generated."
KS,FBDC_C002,NON_TECHNICAL_USER,MANUAL,NO,"Human-initiated posting, but operational document/tcode pattern; standard workflow controls apply."
KS,FBDC_C014,TECHNICAL_USER,NOT_MANUAL,NO,"Posted by technical/system user, treated as automated/system-generated."
KS,FBDC_C014,NON_TECHNICAL_USER,MANUAL,NO,"Human-initiated posting, but operational document/tcode pattern; standard workflow controls apply."
KS,FBDC_C022,TECHNICAL_USER,NOT_MANUAL,NO,"Posted by technical/system user, treated as automated/system-generated."
KS,FBDC_C022,NON_TECHNICAL_USER,MANUAL,NO,"Human-initiated posting, but operational document/tcode pattern; standard workflow controls apply."
KS,FBDC_C024,TECHNICAL_USER,NOT_MANUAL,NO,"Posted by technical/system user, treated as automated/system-generated."
KS,FBDC_C024,NON_TECHNICAL_USER,MANUAL,NO,"Human-initiated posting, but operational document/tcode pattern; standard workflow controls apply."
KS,FBDC_C080,TECHNICAL_USER,NOT_MANUAL,NO,"Posted by technical/system user, treated as automated/system-generated."
KS,FBDC_C080,NON_TECHNICAL_USER,MANUAL,NO,"Human-initiated posting, but operational document/tcode pattern; standard workflow controls apply."
KS,FBDC_P001,TECHNICAL_USER,NOT_MANUAL,NO,"Posted by technical/system user, treated as automated/system-generated."
KS,FBDC_P001,NON_TECHNICAL_USER,MANUAL,YES,Human-initiated posting with high-risk tcode and/or high-risk document type; maker-checker approval required before posting.
KS,FBL1N,TECHNICAL_USER,NOT_MANUAL,NO,"Posted by technical/system user, treated as automated/system-generated."
KS,FBL1N,NON_TECHNICAL_USER,NOT_MANUAL,NO,ERP transaction code is system/batch/process driven.
KS,FBVB,TECHNICAL_USER,NOT_MANUAL,NO,"Posted by technical/system user, treated as automated/system-generated."
KS,FBVB,NON_TECHNICAL_USER,NOT_MANUAL,NO,ERP transaction code is system/batch/process driven.
KS,FBZ2,TECHNICAL_USER,NOT_MANUAL,NO,"Posted by technical/system user, treated as automated/system-generated."
KS,FBZ2,NON_TECHNICAL_USER,MANUAL,NO,"Human-initiated posting, but operational document/tcode pattern; standard workflow controls apply."
KS,FV60,TECHNICAL_USER,NOT_MANUAL,NO,"Posted by technical/system user, treated as automated/system-generated."
KS,FV60,NON_TECHNICAL_USER,MANUAL,NO,"Human-initiated posting, but operational document/tcode pattern; standard workflow controls apply."
KS,KO88,TECHNICAL_USER,NOT_MANUAL,NO,"Posted by technical/system user, treated as automated/system-generated."
KS,KO88,NON_TECHNICAL_USER,NOT_MANUAL,NO,ERP transaction code is system/batch/process driven.
KS,KO8G,TECHNICAL_USER,NOT_MANUAL,NO,"Posted by technical/system user, treated as automated/system-generated."
KS,KO8G,NON_TECHNICAL_USER,NOT_MANUAL,NO,ERP transaction code is system/batch/process driven.
KS,KSV5,TECHNICAL_USER,NOT_MANUAL,NO,"Posted by technical/system user, treated as automated/system-generated."
KS,KSV5,NON_TECHNICAL_USER,NOT_MANUAL,NO,ERP transaction code is system/batch/process driven.
KS,LSMW,TECHNICAL_USER,NOT_MANUAL,NO,"Posted by technical/system user, treated as automated/system-generated."
KS,LSMW,NON_TECHNICAL_USER,MANUAL,YES,Human-initiated posting with high-risk tcode and/or high-risk document type; maker-checker approval required before posting.
KS,MIR4,TECHNICAL_USER,NOT_MANUAL,NO,"Posted by technical/system user, treated as automated/system-generated."
KS,MIR4,NON_TECHNICAL_USER,NOT_MANUAL,NO,ERP transaction code is system/batch/process driven.
KS,MIRO,TECHNICAL_USER,NOT_MANUAL,NO,"Posted by technical/system user, treated as automated/system-generated."
KS,MIRO,NON_TECHNICAL_USER,MANUAL,NO,"Human-initiated posting, but operational document/tcode pattern; standard workflow controls apply."
KS,MR8M,TECHNICAL_USER,NOT_MANUAL,NO,"Posted by technical/system user, treated as automated/system-generated."
KS,MR8M,NON_TECHNICAL_USER,MANUAL,NO,"Human-initiated posting, but operational document/tcode pattern; standard workflow controls apply."
KS,ZFI_ADP,TECHNICAL_USER,NOT_MANUAL,NO,"Posted by technical/system user, treated as automated/system-generated."
KS,ZFI_ADP,NON_TECHNICAL_USER,MANUAL,YES,Human-initiated posting with high-risk tcode and/or high-risk document type; maker-checker approval required before posting.
KS,ZLIA_COCKPIT,TECHNICAL_USER,NOT_MANUAL,NO,"Posted by technical/system user, treated as automated/system-generated."
KS,ZLIA_COCKPIT,NON_TECHNICAL_USER,NOT_MANUAL,NO,ERP transaction code is system/batch/process driven.
KS,ZMM_CARGA_MIRO_MX,TECHNICAL_USER,NOT_MANUAL,NO,"Posted by technical/system user, treated as automated/system-generated."
KS,ZMM_CARGA_MIRO_MX,NON_TECHNICAL_USER,MANUAL,NO,"Human-initiated posting, but operational document/tcode pattern; standard workflow controls apply."
KZ,,TECHNICAL_USER,NOT_MANUAL,NO,"Posted by technical/system user, treated as automated/system-generated."
KZ,,NON_TECHNICAL_USER,NOT_MANUAL,NO,ERP transaction code is system/batch/process driven.
KZ,AB01L,TECHNICAL_USER,NOT_MANUAL,NO,"Posted by technical/system user, treated as automated/system-generated."
KZ,AB01L,NON_TECHNICAL_USER,MANUAL,YES,Human-initiated posting with high-risk tcode and/or high-risk document type; maker-checker approval required before posting.
KZ,AB08,TECHNICAL_USER,NOT_MANUAL,NO,"Posted by technical/system user, treated as automated/system-generated."
KZ,AB08,NON_TECHNICAL_USER,MANUAL,YES,Human-initiated posting with high-risk tcode and/or high-risk document type; maker-checker approval required before posting.
KZ,ABAVN,TECHNICAL_USER,NOT_MANUAL,NO,"Posted by technical/system user, treated as automated/system-generated."
KZ,ABAVN,NON_TECHNICAL_USER,MANUAL,YES,Human-initiated posting with high-risk tcode and/or high-risk document type; maker-checker approval required before posting.
KZ,ABUMN,TECHNICAL_USER,NOT_MANUAL,NO,"Posted by technical/system user, treated as automated/system-generated."
KZ,ABUMN,NON_TECHNICAL_USER,MANUAL,YES,Human-initiated posting with high-risk tcode and/or high-risk document type; maker-checker approval required before posting.
KZ,ABZON,TECHNICAL_USER,NOT_MANUAL,NO,"Posted by technical/system user, treated as automated/system-generated."
KZ,ABZON,NON_TECHNICAL_USER,MANUAL,YES,Human-initiated posting with high-risk tcode and/or high-risk document type; maker-checker approval required before posting.
KZ,AFABN,TECHNICAL_USER,NOT_MANUAL,NO,"Posted by technical/system user, treated as automated/system-generated."
KZ,AFABN,NON_TECHNICAL_USER,NOT_MANUAL,NO,ERP transaction code is system/batch/process driven.
KZ,AS02,TECHNICAL_USER,NOT_MANUAL,NO,"Posted by technical/system user, treated as automated/system-generated."
KZ,AS02,NON_TECHNICAL_USER,MANUAL,YES,Human-initiated posting with high-risk tcode and/or high-risk document type; maker-checker approval required before posting.
KZ,F110,TECHNICAL_USER,NOT_MANUAL,NO,"Posted by technical/system user, treated as automated/system-generated."
KZ,F110,NON_TECHNICAL_USER,NOT_MANUAL,NO,ERP transaction code is system/batch/process driven.
KZ,F111,TECHNICAL_USER,NOT_MANUAL,NO,"Posted by technical/system user, treated as automated/system-generated."
KZ,F111,NON_TECHNICAL_USER,NOT_MANUAL,NO,ERP transaction code is system/batch/process driven.
KZ,FAGL_IT_02,TECHNICAL_USER,NOT_MANUAL,NO,"Posted by technical/system user, treated as automated/system-generated."
KZ,FAGL_IT_02,NON_TECHNICAL_USER,NOT_MANUAL,NO,ERP transaction code is system/batch/process driven.
KZ,FB01,TECHNICAL_USER,NOT_MANUAL,NO,"Posted by technical/system user, treated as automated/system-generated."
KZ,FB01,NON_TECHNICAL_USER,MANUAL,YES,Human-initiated posting with high-risk tcode and/or high-risk document type; maker-checker approval required before posting.
KZ,FB05,TECHNICAL_USER,NOT_MANUAL,NO,"Posted by technical/system user, treated as automated/system-generated."
KZ,FB05,NON_TECHNICAL_USER,MANUAL,NO,"Human-initiated posting, but operational document/tcode pattern; standard workflow controls apply."
KZ,FB08,TECHNICAL_USER,NOT_MANUAL,NO,"Posted by technical/system user, treated as automated/system-generated."
KZ,FB08,NON_TECHNICAL_USER,MANUAL,YES,Human-initiated posting with high-risk tcode and/or high-risk document type; maker-checker approval required before posting.
KZ,FB1K,TECHNICAL_USER,NOT_MANUAL,NO,"Posted by technical/system user, treated as automated/system-generated."
KZ,FB1K,NON_TECHNICAL_USER,MANUAL,NO,"Human-initiated posting, but operational document/tcode pattern; standard workflow controls apply."
KZ,FB1S,TECHNICAL_USER,NOT_MANUAL,NO,"Posted by technical/system user, treated as automated/system-generated."
KZ,FB1S,NON_TECHNICAL_USER,MANUAL,NO,"Human-initiated posting, but operational document/tcode pattern; standard workflow controls apply."
KZ,FB70,TECHNICAL_USER,NOT_MANUAL,NO,"Posted by technical/system user, treated as automated/system-generated."
KZ,FB70,NON_TECHNICAL_USER,MANUAL,NO,"Human-initiated posting, but operational document/tcode pattern; standard workflow controls apply."
KZ,FBA7,TECHNICAL_USER,NOT_MANUAL,NO,"Posted by technical/system user, treated as automated/system-generated."
KZ,FBA7,NON_TECHNICAL_USER,MANUAL,NO,"Human-initiated posting, but operational document/tcode pattern; standard workflow controls apply."
KZ,FBB1,TECHNICAL_USER,NOT_MANUAL,NO,"Posted by technical/system user, treated as automated/system-generated."
KZ,FBB1,NON_TECHNICAL_USER,MANUAL,YES,Human-initiated posting with high-risk tcode and/or high-risk document type; maker-checker approval required before posting.
KZ,FBD5,TECHNICAL_USER,NOT_MANUAL,NO,"Posted by technical/system user, treated as automated/system-generated."
KZ,FBD5,NON_TECHNICAL_USER,MANUAL,YES,Human-initiated posting with high-risk tcode and/or high-risk document type; maker-checker approval required before posting.
KZ,FBDC_C002,TECHNICAL_USER,NOT_MANUAL,NO,"Posted by technical/system user, treated as automated/system-generated."
KZ,FBDC_C002,NON_TECHNICAL_USER,MANUAL,NO,"Human-initiated posting, but operational document/tcode pattern; standard workflow controls apply."
KZ,FBDC_C014,TECHNICAL_USER,NOT_MANUAL,NO,"Posted by technical/system user, treated as automated/system-generated."
KZ,FBDC_C014,NON_TECHNICAL_USER,MANUAL,NO,"Human-initiated posting, but operational document/tcode pattern; standard workflow controls apply."
KZ,FBDC_C022,TECHNICAL_USER,NOT_MANUAL,NO,"Posted by technical/system user, treated as automated/system-generated."
KZ,FBDC_C022,NON_TECHNICAL_USER,MANUAL,NO,"Human-initiated posting, but operational document/tcode pattern; standard workflow controls apply."
KZ,FBDC_C024,TECHNICAL_USER,NOT_MANUAL,NO,"Posted by technical/system user, treated as automated/system-generated."
KZ,FBDC_C024,NON_TECHNICAL_USER,MANUAL,NO,"Human-initiated posting, but operational document/tcode pattern; standard workflow controls apply."
KZ,FBDC_C080,TECHNICAL_USER,NOT_MANUAL,NO,"Posted by technical/system user, treated as automated/system-generated."
KZ,FBDC_C080,NON_TECHNICAL_USER,MANUAL,NO,"Human-initiated posting, but operational document/tcode pattern; standard workflow controls apply."
KZ,FBDC_P001,TECHNICAL_USER,NOT_MANUAL,NO,"Posted by technical/system user, treated as automated/system-generated."
KZ,FBDC_P001,NON_TECHNICAL_USER,MANUAL,YES,Human-initiated posting with high-risk tcode and/or high-risk document type; maker-checker approval required before posting.
KZ,FBL1N,TECHNICAL_USER,NOT_MANUAL,NO,"Posted by technical/system user, treated as automated/system-generated."
KZ,FBL1N,NON_TECHNICAL_USER,NOT_MANUAL,NO,ERP transaction code is system/batch/process driven.
KZ,FBVB,TECHNICAL_USER,NOT_MANUAL,NO,"Posted by technical/system user, treated as automated/system-generated."
KZ,FBVB,NON_TECHNICAL_USER,NOT_MANUAL,NO,ERP transaction code is system/batch/process driven.
KZ,FBZ2,TECHNICAL_USER,NOT_MANUAL,NO,"Posted by technical/system user, treated as automated/system-generated."
KZ,FBZ2,NON_TECHNICAL_USER,MANUAL,NO,"Human-initiated posting, but operational document/tcode pattern; standard workflow controls apply."
KZ,FV60,TECHNICAL_USER,NOT_MANUAL,NO,"Posted by technical/system user, treated as automated/system-generated."
KZ,FV60,NON_TECHNICAL_USER,MANUAL,NO,"Human-initiated posting, but operational document/tcode pattern; standard workflow controls apply."
KZ,KO88,TECHNICAL_USER,NOT_MANUAL,NO,"Posted by technical/system user, treated as automated/system-generated."
KZ,KO88,NON_TECHNICAL_USER,NOT_MANUAL,NO,ERP transaction code is system/batch/process driven.
KZ,KO8G,TECHNICAL_USER,NOT_MANUAL,NO,"Posted by technical/system user, treated as automated/system-generated."
KZ,KO8G,NON_TECHNICAL_USER,NOT_MANUAL,NO,ERP transaction code is system/batch/process driven.
KZ,KSV5,TECHNICAL_USER,NOT_MANUAL,NO,"Posted by technical/system user, treated as automated/system-generated."
KZ,KSV5,NON_TECHNICAL_USER,NOT_MANUAL,NO,ERP transaction code is system/batch/process driven.
KZ,LSMW,TECHNICAL_USER,NOT_MANUAL,NO,"Posted by technical/system user, treated as automated/system-generated."
KZ,LSMW,NON_TECHNICAL_USER,MANUAL,YES,Human-initiated posting with high-risk tcode and/or high-risk document type; maker-checker approval required before posting.
KZ,MIR4,TECHNICAL_USER,NOT_MANUAL,NO,"Posted by technical/system user, treated as automated/system-generated."
KZ,MIR4,NON_TECHNICAL_USER,NOT_MANUAL,NO,ERP transaction code is system/batch/process driven.
KZ,MIRO,TECHNICAL_USER,NOT_MANUAL,NO,"Posted by technical/system user, treated as automated/system-generated."
KZ,MIRO,NON_TECHNICAL_USER,MANUAL,NO,"Human-initiated posting, but operational document/tcode pattern; standard workflow controls apply."
KZ,MR8M,TECHNICAL_USER,NOT_MANUAL,NO,"Posted by technical/system user, treated as automated/system-generated."
KZ,MR8M,NON_TECHNICAL_USER,MANUAL,NO,"Human-initiated posting, but operational document/tcode pattern; standard workflow controls apply."
KZ,ZFI_ADP,TECHNICAL_USER,NOT_MANUAL,NO,"Posted by technical/system user, treated as automated/system-generated."
KZ,ZFI_ADP,NON_TECHNICAL_USER,MANUAL,YES,Human-initiated posting with high-risk tcode and/or high-risk document type; maker-checker approval required before posting.
KZ,ZLIA_COCKPIT,TECHNICAL_USER,NOT_MANUAL,NO,"Posted by technical/system user, treated as automated/system-generated."
KZ,ZLIA_COCKPIT,NON_TECHNICAL_USER,NOT_MANUAL,NO,ERP transaction code is system/batch/process driven.
KZ,ZMM_CARGA_MIRO_MX,TECHNICAL_USER,NOT_MANUAL,NO,"Posted by technical/system user, treated as automated/system-generated."
KZ,ZMM_CARGA_MIRO_MX,NON_TECHNICAL_USER,MANUAL,NO,"Human-initiated posting, but operational document/tcode pattern; standard workflow controls apply."
N1,,TECHNICAL_USER,NOT_MANUAL,NO,"Posted by technical/system user, treated as automated/system-generated."
N1,,NON_TECHNICAL_USER,NOT_MANUAL,NO,ERP transaction code is system/batch/process driven.
N1,AB01L,TECHNICAL_USER,NOT_MANUAL,NO,"Posted by technical/system user, treated as automated/system-generated."
N1,AB01L,NON_TECHNICAL_USER,MANUAL,YES,Human-initiated posting with high-risk tcode and/or high-risk document type; maker-checker approval required before posting.
N1,AB08,TECHNICAL_USER,NOT_MANUAL,NO,"Posted by technical/system user, treated as automated/system-generated."
N1,AB08,NON_TECHNICAL_USER,MANUAL,YES,Human-initiated posting with high-risk tcode and/or high-risk document type; maker-checker approval required before posting.
N1,ABAVN,TECHNICAL_USER,NOT_MANUAL,NO,"Posted by technical/system user, treated as automated/system-generated."
N1,ABAVN,NON_TECHNICAL_USER,MANUAL,YES,Human-initiated posting with high-risk tcode and/or high-risk document type; maker-checker approval required before posting.
N1,ABUMN,TECHNICAL_USER,NOT_MANUAL,NO,"Posted by technical/system user, treated as automated/system-generated."
N1,ABUMN,NON_TECHNICAL_USER,MANUAL,YES,Human-initiated posting with high-risk tcode and/or high-risk document type; maker-checker approval required before posting.
N1,ABZON,TECHNICAL_USER,NOT_MANUAL,NO,"Posted by technical/system user, treated as automated/system-generated."
N1,ABZON,NON_TECHNICAL_USER,MANUAL,YES,Human-initiated posting with high-risk tcode and/or high-risk document type; maker-checker approval required before posting.
N1,AFABN,TECHNICAL_USER,NOT_MANUAL,NO,"Posted by technical/system user, treated as automated/system-generated."
N1,AFABN,NON_TECHNICAL_USER,NOT_MANUAL,NO,ERP transaction code is system/batch/process driven.
N1,AS02,TECHNICAL_USER,NOT_MANUAL,NO,"Posted by technical/system user, treated as automated/system-generated."
N1,AS02,NON_TECHNICAL_USER,MANUAL,YES,Human-initiated posting with high-risk tcode and/or high-risk document type; maker-checker approval required before posting.
N1,F110,TECHNICAL_USER,NOT_MANUAL,NO,"Posted by technical/system user, treated as automated/system-generated."
N1,F110,NON_TECHNICAL_USER,NOT_MANUAL,NO,ERP transaction code is system/batch/process driven.
N1,F111,TECHNICAL_USER,NOT_MANUAL,NO,"Posted by technical/system user, treated as automated/system-generated."
N1,F111,NON_TECHNICAL_USER,NOT_MANUAL,NO,ERP transaction code is system/batch/process driven.
N1,FAGL_IT_02,TECHNICAL_USER,NOT_MANUAL,NO,"Posted by technical/system user, treated as automated/system-generated."
N1,FAGL_IT_02,NON_TECHNICAL_USER,NOT_MANUAL,NO,ERP transaction code is system/batch/process driven.
N1,FB01,TECHNICAL_USER,NOT_MANUAL,NO,"Posted by technical/system user, treated as automated/system-generated."
N1,FB01,NON_TECHNICAL_USER,MANUAL,YES,Human-initiated posting with high-risk tcode and/or high-risk document type; maker-checker approval required before posting.
N1,FB05,TECHNICAL_USER,NOT_MANUAL,NO,"Posted by technical/system user, treated as automated/system-generated."
N1,FB05,NON_TECHNICAL_USER,MANUAL,YES,Human-initiated posting with high-risk tcode and/or high-risk document type; maker-checker approval required before posting.
N1,FB08,TECHNICAL_USER,NOT_MANUAL,NO,"Posted by technical/system user, treated as automated/system-generated."
N1,FB08,NON_TECHNICAL_USER,MANUAL,YES,Human-initiated posting with high-risk tcode and/or high-risk document type; maker-checker approval required before posting.
N1,FB1K,TECHNICAL_USER,NOT_MANUAL,NO,"Posted by technical/system user, treated as automated/system-generated."
N1,FB1K,NON_TECHNICAL_USER,MANUAL,YES,Human-initiated posting with high-risk tcode and/or high-risk document type; maker-checker approval required before posting.
N1,FB1S,TECHNICAL_USER,NOT_MANUAL,NO,"Posted by technical/system user, treated as automated/system-generated."
N1,FB1S,NON_TECHNICAL_USER,MANUAL,YES,Human-initiated posting with high-risk tcode and/or high-risk document type; maker-checker approval required before posting.
N1,FB70,TECHNICAL_USER,NOT_MANUAL,NO,"Posted by technical/system user, treated as automated/system-generated."
N1,FB70,NON_TECHNICAL_USER,MANUAL,YES,Human-initiated posting with high-risk tcode and/or high-risk document type; maker-checker approval required before posting.
N1,FBA7,TECHNICAL_USER,NOT_MANUAL,NO,"Posted by technical/system user, treated as automated/system-generated."
N1,FBA7,NON_TECHNICAL_USER,MANUAL,YES,Human-initiated posting with high-risk tcode and/or high-risk document type; maker-checker approval required before posting.
N1,FBB1,TECHNICAL_USER,NOT_MANUAL,NO,"Posted by technical/system user, treated as automated/system-generated."
N1,FBB1,NON_TECHNICAL_USER,MANUAL,YES,Human-initiated posting with high-risk tcode and/or high-risk document type; maker-checker approval required before posting.
N1,FBD5,TECHNICAL_USER,NOT_MANUAL,NO,"Posted by technical/system user, treated as automated/system-generated."
N1,FBD5,NON_TECHNICAL_USER,MANUAL,YES,Human-initiated posting with high-risk tcode and/or high-risk document type; maker-checker approval required before posting.
N1,FBDC_C002,TECHNICAL_USER,NOT_MANUAL,NO,"Posted by technical/system user, treated as automated/system-generated."
N1,FBDC_C002,NON_TECHNICAL_USER,MANUAL,YES,Human-initiated posting with high-risk tcode and/or high-risk document type; maker-checker approval required before posting.
N1,FBDC_C014,TECHNICAL_USER,NOT_MANUAL,NO,"Posted by technical/system user, treated as automated/system-generated."
N1,FBDC_C014,NON_TECHNICAL_USER,MANUAL,YES,Human-initiated posting with high-risk tcode and/or high-risk document type; maker-checker approval required before posting.
N1,FBDC_C022,TECHNICAL_USER,NOT_MANUAL,NO,"Posted by technical/system user, treated as automated/system-generated."
N1,FBDC_C022,NON_TECHNICAL_USER,MANUAL,YES,Human-initiated posting with high-risk tcode and/or high-risk document type; maker-checker approval required before posting.
N1,FBDC_C024,TECHNICAL_USER,NOT_MANUAL,NO,"Posted by technical/system user, treated as automated/system-generated."
N1,FBDC_C024,NON_TECHNICAL_USER,MANUAL,YES,Human-initiated posting with high-risk tcode and/or high-risk document type; maker-checker approval required before posting.
N1,FBDC_C080,TECHNICAL_USER,NOT_MANUAL,NO,"Posted by technical/system user, treated as automated/system-generated."
N1,FBDC_C080,NON_TECHNICAL_USER,MANUAL,YES,Human-initiated posting with high-risk tcode and/or high-risk document type; maker-checker approval required before posting.
N1,FBDC_P001,TECHNICAL_USER,NOT_MANUAL,NO,"Posted by technical/system user, treated as automated/system-generated."
N1,FBDC_P001,NON_TECHNICAL_USER,MANUAL,YES,Human-initiated posting with high-risk tcode and/or high-risk document type; maker-checker approval required before posting.
N1,FBL1N,TECHNICAL_USER,NOT_MANUAL,NO,"Posted by technical/system user, treated as automated/system-generated."
N1,FBL1N,NON_TECHNICAL_USER,NOT_MANUAL,NO,ERP transaction code is system/batch/process driven.
N1,FBVB,TECHNICAL_USER,NOT_MANUAL,NO,"Posted by technical/system user, treated as automated/system-generated."
N1,FBVB,NON_TECHNICAL_USER,NOT_MANUAL,NO,ERP transaction code is system/batch/process driven.
N1,FBZ2,TECHNICAL_USER,NOT_MANUAL,NO,"Posted by technical/system user, treated as automated/system-generated."
N1,FBZ2,NON_TECHNICAL_USER,MANUAL,YES,Human-initiated posting with high-risk tcode and/or high-risk document type; maker-checker approval required before posting.
N1,FV60,TECHNICAL_USER,NOT_MANUAL,NO,"Posted by technical/system user, treated as automated/system-generated."
N1,FV60,NON_TECHNICAL_USER,MANUAL,YES,Human-initiated posting with high-risk tcode and/or high-risk document type; maker-checker approval required before posting.
N1,KO88,TECHNICAL_USER,NOT_MANUAL,NO,"Posted by technical/system user, treated as automated/system-generated."
N1,KO88,NON_TECHNICAL_USER,NOT_MANUAL,NO,ERP transaction code is system/batch/process driven.
N1,KO8G,TECHNICAL_USER,NOT_MANUAL,NO,"Posted by technical/system user, treated as automated/system-generated."
N1,KO8G,NON_TECHNICAL_USER,NOT_MANUAL,NO,ERP transaction code is system/batch/process driven.
N1,KSV5,TECHNICAL_USER,NOT_MANUAL,NO,"Posted by technical/system user, treated as automated/system-generated."
N1,KSV5,NON_TECHNICAL_USER,NOT_MANUAL,NO,ERP transaction code is system/batch/process driven.
N1,LSMW,TECHNICAL_USER,NOT_MANUAL,NO,"Posted by technical/system user, treated as automated/system-generated."
N1,LSMW,NON_TECHNICAL_USER,MANUAL,YES,Human-initiated posting with high-risk tcode and/or high-risk document type; maker-checker approval required before posting.
N1,MIR4,TECHNICAL_USER,NOT_MANUAL,NO,"Posted by technical/system user, treated as automated/system-generated."
N1,MIR4,NON_TECHNICAL_USER,NOT_MANUAL,NO,ERP transaction code is system/batch/process driven.
N1,MIRO,TECHNICAL_USER,NOT_MANUAL,NO,"Posted by technical/system user, treated as automated/system-generated."
N1,MIRO,NON_TECHNICAL_USER,MANUAL,YES,Human-initiated posting with high-risk tcode and/or high-risk document type; maker-checker approval required before posting.
N1,MR8M,TECHNICAL_USER,NOT_MANUAL,NO,"Posted by technical/system user, treated as automated/system-generated."
N1,MR8M,NON_TECHNICAL_USER,MANUAL,YES,Human-initiated posting with high-risk tcode and/or high-risk document type; maker-checker approval required before posting.
N1,ZFI_ADP,TECHNICAL_USER,NOT_MANUAL,NO,"Posted by technical/system user, treated as automated/system-generated."
N1,ZFI_ADP,NON_TECHNICAL_USER,MANUAL,YES,Human-initiated posting with high-risk tcode and/or high-risk document type; maker-checker approval required before posting.
N1,ZLIA_COCKPIT,TECHNICAL_USER,NOT_MANUAL,NO,"Posted by technical/system user, treated as automated/system-generated."
N1,ZLIA_COCKPIT,NON_TECHNICAL_USER,NOT_MANUAL,NO,ERP transaction code is system/batch/process driven.
N1,ZMM_CARGA_MIRO_MX,TECHNICAL_USER,NOT_MANUAL,NO,"Posted by technical/system user, treated as automated/system-generated."
N1,ZMM_CARGA_MIRO_MX,NON_TECHNICAL_USER,MANUAL,YES,Human-initiated posting with high-risk tcode and/or high-risk document type; maker-checker approval required before posting.
PR,,TECHNICAL_USER,NOT_MANUAL,NO,"Posted by technical/system user, treated as automated/system-generated."
PR,,NON_TECHNICAL_USER,NOT_MANUAL,NO,ERP transaction code is system/batch/process driven.
PR,AB01L,TECHNICAL_USER,NOT_MANUAL,NO,"Posted by technical/system user, treated as automated/system-generated."
PR,AB01L,NON_TECHNICAL_USER,MANUAL,YES,Human-initiated posting with high-risk tcode and/or high-risk document type; maker-checker approval required before posting.
PR,AB08,TECHNICAL_USER,NOT_MANUAL,NO,"Posted by technical/system user, treated as automated/system-generated."
PR,AB08,NON_TECHNICAL_USER,MANUAL,YES,Human-initiated posting with high-risk tcode and/or high-risk document type; maker-checker approval required before posting.
PR,ABAVN,TECHNICAL_USER,NOT_MANUAL,NO,"Posted by technical/system user, treated as automated/system-generated."
PR,ABAVN,NON_TECHNICAL_USER,MANUAL,YES,Human-initiated posting with high-risk tcode and/or high-risk document type; maker-checker approval required before posting.
PR,ABUMN,TECHNICAL_USER,NOT_MANUAL,NO,"Posted by technical/system user, treated as automated/system-generated."
PR,ABUMN,NON_TECHNICAL_USER,MANUAL,YES,Human-initiated posting with high-risk tcode and/or high-risk document type; maker-checker approval required before posting.
PR,ABZON,TECHNICAL_USER,NOT_MANUAL,NO,"Posted by technical/system user, treated as automated/system-generated."
PR,ABZON,NON_TECHNICAL_USER,MANUAL,YES,Human-initiated posting with high-risk tcode and/or high-risk document type; maker-checker approval required before posting.
PR,AFABN,TECHNICAL_USER,NOT_MANUAL,NO,"Posted by technical/system user, treated as automated/system-generated."
PR,AFABN,NON_TECHNICAL_USER,NOT_MANUAL,NO,ERP transaction code is system/batch/process driven.
PR,AS02,TECHNICAL_USER,NOT_MANUAL,NO,"Posted by technical/system user, treated as automated/system-generated."
PR,AS02,NON_TECHNICAL_USER,MANUAL,YES,Human-initiated posting with high-risk tcode and/or high-risk document type; maker-checker approval required before posting.
PR,F110,TECHNICAL_USER,NOT_MANUAL,NO,"Posted by technical/system user, treated as automated/system-generated."
PR,F110,NON_TECHNICAL_USER,NOT_MANUAL,NO,ERP transaction code is system/batch/process driven.
PR,F111,TECHNICAL_USER,NOT_MANUAL,NO,"Posted by technical/system user, treated as automated/system-generated."
PR,F111,NON_TECHNICAL_USER,NOT_MANUAL,NO,ERP transaction code is system/batch/process driven.
PR,FAGL_IT_02,TECHNICAL_USER,NOT_MANUAL,NO,"Posted by technical/system user, treated as automated/system-generated."
PR,FAGL_IT_02,NON_TECHNICAL_USER,NOT_MANUAL,NO,ERP transaction code is system/batch/process driven.
PR,FB01,TECHNICAL_USER,NOT_MANUAL,NO,"Posted by technical/system user, treated as automated/system-generated."
PR,FB01,NON_TECHNICAL_USER,MANUAL,YES,Human-initiated posting with high-risk tcode and/or high-risk document type; maker-checker approval required before posting.
PR,FB05,TECHNICAL_USER,NOT_MANUAL,NO,"Posted by technical/system user, treated as automated/system-generated."
PR,FB05,NON_TECHNICAL_USER,MANUAL,YES,Human-initiated posting with high-risk tcode and/or high-risk document type; maker-checker approval required before posting.
PR,FB08,TECHNICAL_USER,NOT_MANUAL,NO,"Posted by technical/system user, treated as automated/system-generated."
PR,FB08,NON_TECHNICAL_USER,MANUAL,YES,Human-initiated posting with high-risk tcode and/or high-risk document type; maker-checker approval required before posting.
PR,FB1K,TECHNICAL_USER,NOT_MANUAL,NO,"Posted by technical/system user, treated as automated/system-generated."
PR,FB1K,NON_TECHNICAL_USER,MANUAL,YES,Human-initiated posting with high-risk tcode and/or high-risk document type; maker-checker approval required before posting.
PR,FB1S,TECHNICAL_USER,NOT_MANUAL,NO,"Posted by technical/system user, treated as automated/system-generated."
PR,FB1S,NON_TECHNICAL_USER,MANUAL,YES,Human-initiated posting with high-risk tcode and/or high-risk document type; maker-checker approval required before posting.
PR,FB70,TECHNICAL_USER,NOT_MANUAL,NO,"Posted by technical/system user, treated as automated/system-generated."
PR,FB70,NON_TECHNICAL_USER,MANUAL,YES,Human-initiated posting with high-risk tcode and/or high-risk document type; maker-checker approval required before posting.
PR,FBA7,TECHNICAL_USER,NOT_MANUAL,NO,"Posted by technical/system user, treated as automated/system-generated."
PR,FBA7,NON_TECHNICAL_USER,MANUAL,YES,Human-initiated posting with high-risk tcode and/or high-risk document type; maker-checker approval required before posting.
PR,FBB1,TECHNICAL_USER,NOT_MANUAL,NO,"Posted by technical/system user, treated as automated/system-generated."
PR,FBB1,NON_TECHNICAL_USER,MANUAL,YES,Human-initiated posting with high-risk tcode and/or high-risk document type; maker-checker approval required before posting.
PR,FBD5,TECHNICAL_USER,NOT_MANUAL,NO,"Posted by technical/system user, treated as automated/system-generated."
PR,FBD5,NON_TECHNICAL_USER,MANUAL,YES,Human-initiated posting with high-risk tcode and/or high-risk document type; maker-checker approval required before posting.
PR,FBDC_C002,TECHNICAL_USER,NOT_MANUAL,NO,"Posted by technical/system user, treated as automated/system-generated."
PR,FBDC_C002,NON_TECHNICAL_USER,MANUAL,YES,Human-initiated posting with high-risk tcode and/or high-risk document type; maker-checker approval required before posting.
PR,FBDC_C014,TECHNICAL_USER,NOT_MANUAL,NO,"Posted by technical/system user, treated as automated/system-generated."
PR,FBDC_C014,NON_TECHNICAL_USER,MANUAL,YES,Human-initiated posting with high-risk tcode and/or high-risk document type; maker-checker approval required before posting.
PR,FBDC_C022,TECHNICAL_USER,NOT_MANUAL,NO,"Posted by technical/system user, treated as automated/system-generated."
PR,FBDC_C022,NON_TECHNICAL_USER,MANUAL,YES,Human-initiated posting with high-risk tcode and/or high-risk document type; maker-checker approval required before posting.
PR,FBDC_C024,TECHNICAL_USER,NOT_MANUAL,NO,"Posted by technical/system user, treated as automated/system-generated."
PR,FBDC_C024,NON_TECHNICAL_USER,MANUAL,YES,Human-initiated posting with high-risk tcode and/or high-risk document type; maker-checker approval required before posting.
PR,FBDC_C080,TECHNICAL_USER,NOT_MANUAL,NO,"Posted by technical/system user, treated as automated/system-generated."
PR,FBDC_C080,NON_TECHNICAL_USER,MANUAL,YES,Human-initiated posting with high-risk tcode and/or high-risk document type; maker-checker approval required before posting.
PR,FBDC_P001,TECHNICAL_USER,NOT_MANUAL,NO,"Posted by technical/system user, treated as automated/system-generated."
PR,FBDC_P001,NON_TECHNICAL_USER,MANUAL,YES,Human-initiated posting with high-risk tcode and/or high-risk document type; maker-checker approval required before posting.
PR,FBL1N,TECHNICAL_USER,NOT_MANUAL,NO,"Posted by technical/system user, treated as automated/system-generated."
PR,FBL1N,NON_TECHNICAL_USER,NOT_MANUAL,NO,ERP transaction code is system/batch/process driven.
PR,FBVB,TECHNICAL_USER,NOT_MANUAL,NO,"Posted by technical/system user, treated as automated/system-generated."
PR,FBVB,NON_TECHNICAL_USER,NOT_MANUAL,NO,ERP transaction code is system/batch/process driven.
PR,FBZ2,TECHNICAL_USER,NOT_MANUAL,NO,"Posted by technical/system user, treated as automated/system-generated."
PR,FBZ2,NON_TECHNICAL_USER,MANUAL,YES,Human-initiated posting with high-risk tcode and/or high-risk document type; maker-checker approval required before posting.
PR,FV60,TECHNICAL_USER,NOT_MANUAL,NO,"Posted by technical/system user, treated as automated/system-generated."
PR,FV60,NON_TECHNICAL_USER,MANUAL,YES,Human-initiated posting with high-risk tcode and/or high-risk document type; maker-checker approval required before posting.
PR,KO88,TECHNICAL_USER,NOT_MANUAL,NO,"Posted by technical/system user, treated as automated/system-generated."
PR,KO88,NON_TECHNICAL_USER,NOT_MANUAL,NO,ERP transaction code is system/batch/process driven.
PR,KO8G,TECHNICAL_USER,NOT_MANUAL,NO,"Posted by technical/system user, treated as automated/system-generated."
PR,KO8G,NON_TECHNICAL_USER,NOT_MANUAL,NO,ERP transaction code is system/batch/process driven.
PR,KSV5,TECHNICAL_USER,NOT_MANUAL,NO,"Posted by technical/system user, treated as automated/system-generated."
PR,KSV5,NON_TECHNICAL_USER,NOT_MANUAL,NO,ERP transaction code is system/batch/process driven.
PR,LSMW,TECHNICAL_USER,NOT_MANUAL,NO,"Posted by technical/system user, treated as automated/system-generated."
PR,LSMW,NON_TECHNICAL_USER,MANUAL,YES,Human-initiated posting with high-risk tcode and/or high-risk document type; maker-checker approval required before posting.
PR,MIR4,TECHNICAL_USER,NOT_MANUAL,NO,"Posted by technical/system user, treated as automated/system-generated."
PR,MIR4,NON_TECHNICAL_USER,NOT_MANUAL,NO,ERP transaction code is system/batch/process driven.
PR,MIRO,TECHNICAL_USER,NOT_MANUAL,NO,"Posted by technical/system user, treated as automated/system-generated."
PR,MIRO,NON_TECHNICAL_USER,MANUAL,YES,Human-initiated posting with high-risk tcode and/or high-risk document type; maker-checker approval required before posting.
PR,MR8M,TECHNICAL_USER,NOT_MANUAL,NO,"Posted by technical/system user, treated as automated/system-generated."
PR,MR8M,NON_TECHNICAL_USER,MANUAL,YES,Human-initiated posting with high-risk tcode and/or high-risk document type; maker-checker approval required before posting.
PR,ZFI_ADP,TECHNICAL_USER,NOT_MANUAL,NO,"Posted by technical/system user, treated as automated/system-generated."
PR,ZFI_ADP,NON_TECHNICAL_USER,MANUAL,YES,Human-initiated posting with high-risk tcode and/or high-risk document type; maker-checker approval required before posting.
PR,ZLIA_COCKPIT,TECHNICAL_USER,NOT_MANUAL,NO,"Posted by technical/system user, treated as automated/system-generated."
PR,ZLIA_COCKPIT,NON_TECHNICAL_USER,NOT_MANUAL,NO,ERP transaction code is system/batch/process driven.
PR,ZMM_CARGA_MIRO_MX,TECHNICAL_USER,NOT_MANUAL,NO,"Posted by technical/system user, treated as automated/system-generated."
PR,ZMM_CARGA_MIRO_MX,NON_TECHNICAL_USER,MANUAL,YES,Human-initiated posting with high-risk tcode and/or high-risk document type; maker-checker approval required before posting.
RE,,TECHNICAL_USER,NOT_MANUAL,NO,"Posted by technical/system user, treated as automated/system-generated."
RE,,NON_TECHNICAL_USER,NOT_MANUAL,NO,ERP transaction code is system/batch/process driven.
RE,AB01L,TECHNICAL_USER,NOT_MANUAL,NO,"Posted by technical/system user, treated as automated/system-generated."
RE,AB01L,NON_TECHNICAL_USER,MANUAL,YES,Human-initiated posting with high-risk tcode and/or high-risk document type; maker-checker approval required before posting.
RE,AB08,TECHNICAL_USER,NOT_MANUAL,NO,"Posted by technical/system user, treated as automated/system-generated."
RE,AB08,NON_TECHNICAL_USER,MANUAL,YES,Human-initiated posting with high-risk tcode and/or high-risk document type; maker-checker approval required before posting.
RE,ABAVN,TECHNICAL_USER,NOT_MANUAL,NO,"Posted by technical/system user, treated as automated/system-generated."
RE,ABAVN,NON_TECHNICAL_USER,MANUAL,YES,Human-initiated posting with high-risk tcode and/or high-risk document type; maker-checker approval required before posting.
RE,ABUMN,TECHNICAL_USER,NOT_MANUAL,NO,"Posted by technical/system user, treated as automated/system-generated."
RE,ABUMN,NON_TECHNICAL_USER,MANUAL,YES,Human-initiated posting with high-risk tcode and/or high-risk document type; maker-checker approval required before posting.
RE,ABZON,TECHNICAL_USER,NOT_MANUAL,NO,"Posted by technical/system user, treated as automated/system-generated."
RE,ABZON,NON_TECHNICAL_USER,MANUAL,YES,Human-initiated posting with high-risk tcode and/or high-risk document type; maker-checker approval required before posting.
RE,AFABN,TECHNICAL_USER,NOT_MANUAL,NO,"Posted by technical/system user, treated as automated/system-generated."
RE,AFABN,NON_TECHNICAL_USER,NOT_MANUAL,NO,ERP transaction code is system/batch/process driven.
RE,AS02,TECHNICAL_USER,NOT_MANUAL,NO,"Posted by technical/system user, treated as automated/system-generated."
RE,AS02,NON_TECHNICAL_USER,MANUAL,YES,Human-initiated posting with high-risk tcode and/or high-risk document type; maker-checker approval required before posting.
RE,F110,TECHNICAL_USER,NOT_MANUAL,NO,"Posted by technical/system user, treated as automated/system-generated."
RE,F110,NON_TECHNICAL_USER,NOT_MANUAL,NO,ERP transaction code is system/batch/process driven.
RE,F111,TECHNICAL_USER,NOT_MANUAL,NO,"Posted by technical/system user, treated as automated/system-generated."
RE,F111,NON_TECHNICAL_USER,NOT_MANUAL,NO,ERP transaction code is system/batch/process driven.
RE,FAGL_IT_02,TECHNICAL_USER,NOT_MANUAL,NO,"Posted by technical/system user, treated as automated/system-generated."
RE,FAGL_IT_02,NON_TECHNICAL_USER,NOT_MANUAL,NO,ERP transaction code is system/batch/process driven.
RE,FB01,TECHNICAL_USER,NOT_MANUAL,NO,"Posted by technical/system user, treated as automated/system-generated."
RE,FB01,NON_TECHNICAL_USER,MANUAL,YES,Human-initiated posting with high-risk tcode and/or high-risk document type; maker-checker approval required before posting.
RE,FB05,TECHNICAL_USER,NOT_MANUAL,NO,"Posted by technical/system user, treated as automated/system-generated."
RE,FB05,NON_TECHNICAL_USER,MANUAL,NO,"Human-initiated posting, but operational document/tcode pattern; standard workflow controls apply."
RE,FB08,TECHNICAL_USER,NOT_MANUAL,NO,"Posted by technical/system user, treated as automated/system-generated."
RE,FB08,NON_TECHNICAL_USER,MANUAL,YES,Human-initiated posting with high-risk tcode and/or high-risk document type; maker-checker approval required before posting.
RE,FB1K,TECHNICAL_USER,NOT_MANUAL,NO,"Posted by technical/system user, treated as automated/system-generated."
RE,FB1K,NON_TECHNICAL_USER,MANUAL,NO,"Human-initiated posting, but operational document/tcode pattern; standard workflow controls apply."
RE,FB1S,TECHNICAL_USER,NOT_MANUAL,NO,"Posted by technical/system user, treated as automated/system-generated."
RE,FB1S,NON_TECHNICAL_USER,MANUAL,NO,"Human-initiated posting, but operational document/tcode pattern; standard workflow controls apply."
RE,FB70,TECHNICAL_USER,NOT_MANUAL,NO,"Posted by technical/system user, treated as automated/system-generated."
RE,FB70,NON_TECHNICAL_USER,MANUAL,NO,"Human-initiated posting, but operational document/tcode pattern; standard workflow controls apply."
RE,FBA7,TECHNICAL_USER,NOT_MANUAL,NO,"Posted by technical/system user, treated as automated/system-generated."
RE,FBA7,NON_TECHNICAL_USER,MANUAL,NO,"Human-initiated posting, but operational document/tcode pattern; standard workflow controls apply."
RE,FBB1,TECHNICAL_USER,NOT_MANUAL,NO,"Posted by technical/system user, treated as automated/system-generated."
RE,FBB1,NON_TECHNICAL_USER,MANUAL,YES,Human-initiated posting with high-risk tcode and/or high-risk document type; maker-checker approval required before posting.
RE,FBD5,TECHNICAL_USER,NOT_MANUAL,NO,"Posted by technical/system user, treated as automated/system-generated."
RE,FBD5,NON_TECHNICAL_USER,MANUAL,YES,Human-initiated posting with high-risk tcode and/or high-risk document type; maker-checker approval required before posting.
RE,FBDC_C002,TECHNICAL_USER,NOT_MANUAL,NO,"Posted by technical/system user, treated as automated/system-generated."
RE,FBDC_C002,NON_TECHNICAL_USER,MANUAL,NO,"Human-initiated posting, but operational document/tcode pattern; standard workflow controls apply."
RE,FBDC_C014,TECHNICAL_USER,NOT_MANUAL,NO,"Posted by technical/system user, treated as automated/system-generated."
RE,FBDC_C014,NON_TECHNICAL_USER,MANUAL,NO,"Human-initiated posting, but operational document/tcode pattern; standard workflow controls apply."
RE,FBDC_C022,TECHNICAL_USER,NOT_MANUAL,NO,"Posted by technical/system user, treated as automated/system-generated."
RE,FBDC_C022,NON_TECHNICAL_USER,MANUAL,NO,"Human-initiated posting, but operational document/tcode pattern; standard workflow controls apply."
RE,FBDC_C024,TECHNICAL_USER,NOT_MANUAL,NO,"Posted by technical/system user, treated as automated/system-generated."
RE,FBDC_C024,NON_TECHNICAL_USER,MANUAL,NO,"Human-initiated posting, but operational document/tcode pattern; standard workflow controls apply."
RE,FBDC_C080,TECHNICAL_USER,NOT_MANUAL,NO,"Posted by technical/system user, treated as automated/system-generated."
RE,FBDC_C080,NON_TECHNICAL_USER,MANUAL,NO,"Human-initiated posting, but operational document/tcode pattern; standard workflow controls apply."
RE,FBDC_P001,TECHNICAL_USER,NOT_MANUAL,NO,"Posted by technical/system user, treated as automated/system-generated."
RE,FBDC_P001,NON_TECHNICAL_USER,MANUAL,YES,Human-initiated posting with high-risk tcode and/or high-risk document type; maker-checker approval required before posting.
RE,FBL1N,TECHNICAL_USER,NOT_MANUAL,NO,"Posted by technical/system user, treated as automated/system-generated."
RE,FBL1N,NON_TECHNICAL_USER,NOT_MANUAL,NO,ERP transaction code is system/batch/process driven.
RE,FBVB,TECHNICAL_USER,NOT_MANUAL,NO,"Posted by technical/system user, treated as automated/system-generated."
RE,FBVB,NON_TECHNICAL_USER,NOT_MANUAL,NO,ERP transaction code is system/batch/process driven.
RE,FBZ2,TECHNICAL_USER,NOT_MANUAL,NO,"Posted by technical/system user, treated as automated/system-generated."
RE,FBZ2,NON_TECHNICAL_USER,MANUAL,NO,"Human-initiated posting, but operational document/tcode pattern; standard workflow controls apply."
RE,FV60,TECHNICAL_USER,NOT_MANUAL,NO,"Posted by technical/system user, treated as automated/system-generated."
RE,FV60,NON_TECHNICAL_USER,MANUAL,NO,"Human-initiated posting, but operational document/tcode pattern; standard workflow controls apply."
RE,KO88,TECHNICAL_USER,NOT_MANUAL,NO,"Posted by technical/system user, treated as automated/system-generated."
RE,KO88,NON_TECHNICAL_USER,NOT_MANUAL,NO,ERP transaction code is system/batch/process driven.
RE,KO8G,TECHNICAL_USER,NOT_MANUAL,NO,"Posted by technical/system user, treated as automated/system-generated."
RE,KO8G,NON_TECHNICAL_USER,NOT_MANUAL,NO,ERP transaction code is system/batch/process driven.
RE,KSV5,TECHNICAL_USER,NOT_MANUAL,NO,"Posted by technical/system user, treated as automated/system-generated."
RE,KSV5,NON_TECHNICAL_USER,NOT_MANUAL,NO,ERP transaction code is system/batch/process driven.
RE,LSMW,TECHNICAL_USER,NOT_MANUAL,NO,"Posted by technical/system user, treated as automated/system-generated."
RE,LSMW,NON_TECHNICAL_USER,MANUAL,YES,Human-initiated posting with high-risk tcode and/or high-risk document type; maker-checker approval required before posting.
RE,MIR4,TECHNICAL_USER,NOT_MANUAL,NO,"Posted by technical/system user, treated as automated/system-generated."
RE,MIR4,NON_TECHNICAL_USER,NOT_MANUAL,NO,ERP transaction code is system/batch/process driven.
RE,MIRO,TECHNICAL_USER,NOT_MANUAL,NO,"Posted by technical/system user, treated as automated/system-generated."
RE,MIRO,NON_TECHNICAL_USER,MANUAL,NO,"Human-initiated posting, but operational document/tcode pattern; standard workflow controls apply."
RE,MR8M,TECHNICAL_USER,NOT_MANUAL,NO,"Posted by technical/system user, treated as automated/system-generated."
RE,MR8M,NON_TECHNICAL_USER,MANUAL,NO,"Human-initiated posting, but operational document/tcode pattern; standard workflow controls apply."
RE,ZFI_ADP,TECHNICAL_USER,NOT_MANUAL,NO,"Posted by technical/system user, treated as automated/system-generated."
RE,ZFI_ADP,NON_TECHNICAL_USER,MANUAL,YES,Human-initiated posting with high-risk tcode and/or high-risk document type; maker-checker approval required before posting.
RE,ZLIA_COCKPIT,TECHNICAL_USER,NOT_MANUAL,NO,"Posted by technical/system user, treated as automated/system-generated."
RE,ZLIA_COCKPIT,NON_TECHNICAL_USER,NOT_MANUAL,NO,ERP transaction code is system/batch/process driven.
RE,ZMM_CARGA_MIRO_MX,TECHNICAL_USER,NOT_MANUAL,NO,"Posted by technical/system user, treated as automated/system-generated."
RE,ZMM_CARGA_MIRO_MX,NON_TECHNICAL_USER,MANUAL,NO,"Human-initiated posting, but operational document/tcode pattern; standard workflow controls apply."
RF,,TECHNICAL_USER,NOT_MANUAL,NO,"Posted by technical/system user, treated as automated/system-generated."
RF,,NON_TECHNICAL_USER,NOT_MANUAL,NO,ERP transaction code is system/batch/process driven.
RF,AB01L,TECHNICAL_USER,NOT_MANUAL,NO,"Posted by technical/system user, treated as automated/system-generated."
RF,AB01L,NON_TECHNICAL_USER,MANUAL,YES,Human-initiated posting with high-risk tcode and/or high-risk document type; maker-checker approval required before posting.
RF,AB08,TECHNICAL_USER,NOT_MANUAL,NO,"Posted by technical/system user, treated as automated/system-generated."
RF,AB08,NON_TECHNICAL_USER,MANUAL,YES,Human-initiated posting with high-risk tcode and/or high-risk document type; maker-checker approval required before posting.
RF,ABAVN,TECHNICAL_USER,NOT_MANUAL,NO,"Posted by technical/system user, treated as automated/system-generated."
RF,ABAVN,NON_TECHNICAL_USER,MANUAL,YES,Human-initiated posting with high-risk tcode and/or high-risk document type; maker-checker approval required before posting.
RF,ABUMN,TECHNICAL_USER,NOT_MANUAL,NO,"Posted by technical/system user, treated as automated/system-generated."
RF,ABUMN,NON_TECHNICAL_USER,MANUAL,YES,Human-initiated posting with high-risk tcode and/or high-risk document type; maker-checker approval required before posting.
RF,ABZON,TECHNICAL_USER,NOT_MANUAL,NO,"Posted by technical/system user, treated as automated/system-generated."
RF,ABZON,NON_TECHNICAL_USER,MANUAL,YES,Human-initiated posting with high-risk tcode and/or high-risk document type; maker-checker approval required before posting.
RF,AFABN,TECHNICAL_USER,NOT_MANUAL,NO,"Posted by technical/system user, treated as automated/system-generated."
RF,AFABN,NON_TECHNICAL_USER,NOT_MANUAL,NO,ERP transaction code is system/batch/process driven.
RF,AS02,TECHNICAL_USER,NOT_MANUAL,NO,"Posted by technical/system user, treated as automated/system-generated."
RF,AS02,NON_TECHNICAL_USER,MANUAL,YES,Human-initiated posting with high-risk tcode and/or high-risk document type; maker-checker approval required before posting.
RF,F110,TECHNICAL_USER,NOT_MANUAL,NO,"Posted by technical/system user, treated as automated/system-generated."
RF,F110,NON_TECHNICAL_USER,NOT_MANUAL,NO,ERP transaction code is system/batch/process driven.
RF,F111,TECHNICAL_USER,NOT_MANUAL,NO,"Posted by technical/system user, treated as automated/system-generated."
RF,F111,NON_TECHNICAL_USER,NOT_MANUAL,NO,ERP transaction code is system/batch/process driven.
RF,FAGL_IT_02,TECHNICAL_USER,NOT_MANUAL,NO,"Posted by technical/system user, treated as automated/system-generated."
RF,FAGL_IT_02,NON_TECHNICAL_USER,NOT_MANUAL,NO,ERP transaction code is system/batch/process driven.
RF,FB01,TECHNICAL_USER,NOT_MANUAL,NO,"Posted by technical/system user, treated as automated/system-generated."
RF,FB01,NON_TECHNICAL_USER,MANUAL,YES,Human-initiated posting with high-risk tcode and/or high-risk document type; maker-checker approval required before posting.
RF,FB05,TECHNICAL_USER,NOT_MANUAL,NO,"Posted by technical/system user, treated as automated/system-generated."
RF,FB05,NON_TECHNICAL_USER,MANUAL,YES,Human-initiated posting with high-risk tcode and/or high-risk document type; maker-checker approval required before posting.
RF,FB08,TECHNICAL_USER,NOT_MANUAL,NO,"Posted by technical/system user, treated as automated/system-generated."
RF,FB08,NON_TECHNICAL_USER,MANUAL,YES,Human-initiated posting with high-risk tcode and/or high-risk document type; maker-checker approval required before posting.
RF,FB1K,TECHNICAL_USER,NOT_MANUAL,NO,"Posted by technical/system user, treated as automated/system-generated."
RF,FB1K,NON_TECHNICAL_USER,MANUAL,YES,Human-initiated posting with high-risk tcode and/or high-risk document type; maker-checker approval required before posting.
RF,FB1S,TECHNICAL_USER,NOT_MANUAL,NO,"Posted by technical/system user, treated as automated/system-generated."
RF,FB1S,NON_TECHNICAL_USER,MANUAL,YES,Human-initiated posting with high-risk tcode and/or high-risk document type; maker-checker approval required before posting.
RF,FB70,TECHNICAL_USER,NOT_MANUAL,NO,"Posted by technical/system user, treated as automated/system-generated."
RF,FB70,NON_TECHNICAL_USER,MANUAL,YES,Human-initiated posting with high-risk tcode and/or high-risk document type; maker-checker approval required before posting.
RF,FBA7,TECHNICAL_USER,NOT_MANUAL,NO,"Posted by technical/system user, treated as automated/system-generated."
RF,FBA7,NON_TECHNICAL_USER,MANUAL,YES,Human-initiated posting with high-risk tcode and/or high-risk document type; maker-checker approval required before posting.
RF,FBB1,TECHNICAL_USER,NOT_MANUAL,NO,"Posted by technical/system user, treated as automated/system-generated."
RF,FBB1,NON_TECHNICAL_USER,MANUAL,YES,Human-initiated posting with high-risk tcode and/or high-risk document type; maker-checker approval required before posting.
RF,FBD5,TECHNICAL_USER,NOT_MANUAL,NO,"Posted by technical/system user, treated as automated/system-generated."
RF,FBD5,NON_TECHNICAL_USER,MANUAL,YES,Human-initiated posting with high-risk tcode and/or high-risk document type; maker-checker approval required before posting.
RF,FBDC_C002,TECHNICAL_USER,NOT_MANUAL,NO,"Posted by technical/system user, treated as automated/system-generated."
RF,FBDC_C002,NON_TECHNICAL_USER,MANUAL,YES,Human-initiated posting with high-risk tcode and/or high-risk document type; maker-checker approval required before posting.
RF,FBDC_C014,TECHNICAL_USER,NOT_MANUAL,NO,"Posted by technical/system user, treated as automated/system-generated."
RF,FBDC_C014,NON_TECHNICAL_USER,MANUAL,YES,Human-initiated posting with high-risk tcode and/or high-risk document type; maker-checker approval required before posting.
RF,FBDC_C022,TECHNICAL_USER,NOT_MANUAL,NO,"Posted by technical/system user, treated as automated/system-generated."
RF,FBDC_C022,NON_TECHNICAL_USER,MANUAL,YES,Human-initiated posting with high-risk tcode and/or high-risk document type; maker-checker approval required before posting.
RF,FBDC_C024,TECHNICAL_USER,NOT_MANUAL,NO,"Posted by technical/system user, treated as automated/system-generated."
RF,FBDC_C024,NON_TECHNICAL_USER,MANUAL,YES,Human-initiated posting with high-risk tcode and/or high-risk document type; maker-checker approval required before posting.
RF,FBDC_C080,TECHNICAL_USER,NOT_MANUAL,NO,"Posted by technical/system user, treated as automated/system-generated."
RF,FBDC_C080,NON_TECHNICAL_USER,MANUAL,YES,Human-initiated posting with high-risk tcode and/or high-risk document type; maker-checker approval required before posting.
RF,FBDC_P001,TECHNICAL_USER,NOT_MANUAL,NO,"Posted by technical/system user, treated as automated/system-generated."
RF,FBDC_P001,NON_TECHNICAL_USER,MANUAL,YES,Human-initiated posting with high-risk tcode and/or high-risk document type; maker-checker approval required before posting.
RF,FBL1N,TECHNICAL_USER,NOT_MANUAL,NO,"Posted by technical/system user, treated as automated/system-generated."
RF,FBL1N,NON_TECHNICAL_USER,NOT_MANUAL,NO,ERP transaction code is system/batch/process driven.
RF,FBVB,TECHNICAL_USER,NOT_MANUAL,NO,"Posted by technical/system user, treated as automated/system-generated."
RF,FBVB,NON_TECHNICAL_USER,NOT_MANUAL,NO,ERP transaction code is system/batch/process driven.
RF,FBZ2,TECHNICAL_USER,NOT_MANUAL,NO,"Posted by technical/system user, treated as automated/system-generated."
RF,FBZ2,NON_TECHNICAL_USER,MANUAL,YES,Human-initiated posting with high-risk tcode and/or high-risk document type; maker-checker approval required before posting.
RF,FV60,TECHNICAL_USER,NOT_MANUAL,NO,"Posted by technical/system user, treated as automated/system-generated."
RF,FV60,NON_TECHNICAL_USER,MANUAL,YES,Human-initiated posting with high-risk tcode and/or high-risk document type; maker-checker approval required before posting.
RF,KO88,TECHNICAL_USER,NOT_MANUAL,NO,"Posted by technical/system user, treated as automated/system-generated."
RF,KO88,NON_TECHNICAL_USER,NOT_MANUAL,NO,ERP transaction code is system/batch/process driven.
RF,KO8G,TECHNICAL_USER,NOT_MANUAL,NO,"Posted by technical/system user, treated as automated/system-generated."
RF,KO8G,NON_TECHNICAL_USER,NOT_MANUAL,NO,ERP transaction code is system/batch/process driven.
RF,KSV5,TECHNICAL_USER,NOT_MANUAL,NO,"Posted by technical/system user, treated as automated/system-generated."
RF,KSV5,NON_TECHNICAL_USER,NOT_MANUAL,NO,ERP transaction code is system/batch/process driven.
RF,LSMW,TECHNICAL_USER,NOT_MANUAL,NO,"Posted by technical/system user, treated as automated/system-generated."
RF,LSMW,NON_TECHNICAL_USER,MANUAL,YES,Human-initiated posting with high-risk tcode and/or high-risk document type; maker-checker approval required before posting.
RF,MIR4,TECHNICAL_USER,NOT_MANUAL,NO,"Posted by technical/system user, treated as automated/system-generated."
RF,MIR4,NON_TECHNICAL_USER,NOT_MANUAL,NO,ERP transaction code is system/batch/process driven.
RF,MIRO,TECHNICAL_USER,NOT_MANUAL,NO,"Posted by technical/system user, treated as automated/system-generated."
RF,MIRO,NON_TECHNICAL_USER,MANUAL,YES,Human-initiated posting with high-risk tcode and/or high-risk document type; maker-checker approval required before posting.
RF,MR8M,TECHNICAL_USER,NOT_MANUAL,NO,"Posted by technical/system user, treated as automated/system-generated."
RF,MR8M,NON_TECHNICAL_USER,MANUAL,YES,Human-initiated posting with high-risk tcode and/or high-risk document type; maker-checker approval required before posting.
RF,ZFI_ADP,TECHNICAL_USER,NOT_MANUAL,NO,"Posted by technical/system user, treated as automated/system-generated."
RF,ZFI_ADP,NON_TECHNICAL_USER,MANUAL,YES,Human-initiated posting with high-risk tcode and/or high-risk document type; maker-checker approval required before posting.
RF,ZLIA_COCKPIT,TECHNICAL_USER,NOT_MANUAL,NO,"Posted by technical/system user, treated as automated/system-generated."
RF,ZLIA_COCKPIT,NON_TECHNICAL_USER,NOT_MANUAL,NO,ERP transaction code is system/batch/process driven.
RF,ZMM_CARGA_MIRO_MX,TECHNICAL_USER,NOT_MANUAL,NO,"Posted by technical/system user, treated as automated/system-generated."
RF,ZMM_CARGA_MIRO_MX,NON_TECHNICAL_USER,MANUAL,YES,Human-initiated posting with high-risk tcode and/or high-risk document type; maker-checker approval required before posting.
SA,,TECHNICAL_USER,NOT_MANUAL,NO,"Posted by technical/system user, treated as automated/system-generated."
SA,,NON_TECHNICAL_USER,NOT_MANUAL,NO,ERP transaction code is system/batch/process driven.
SA,AB01L,TECHNICAL_USER,NOT_MANUAL,NO,"Posted by technical/system user, treated as automated/system-generated."
SA,AB01L,NON_TECHNICAL_USER,MANUAL,YES,Human-initiated posting with high-risk tcode and/or high-risk document type; maker-checker approval required before posting.
SA,AB08,TECHNICAL_USER,NOT_MANUAL,NO,"Posted by technical/system user, treated as automated/system-generated."
SA,AB08,NON_TECHNICAL_USER,MANUAL,YES,Human-initiated posting with high-risk tcode and/or high-risk document type; maker-checker approval required before posting.
SA,ABAVN,TECHNICAL_USER,NOT_MANUAL,NO,"Posted by technical/system user, treated as automated/system-generated."
SA,ABAVN,NON_TECHNICAL_USER,MANUAL,YES,Human-initiated posting with high-risk tcode and/or high-risk document type; maker-checker approval required before posting.
SA,ABUMN,TECHNICAL_USER,NOT_MANUAL,NO,"Posted by technical/system user, treated as automated/system-generated."
SA,ABUMN,NON_TECHNICAL_USER,MANUAL,YES,Human-initiated posting with high-risk tcode and/or high-risk document type; maker-checker approval required before posting.
SA,ABZON,TECHNICAL_USER,NOT_MANUAL,NO,"Posted by technical/system user, treated as automated/system-generated."
SA,ABZON,NON_TECHNICAL_USER,MANUAL,YES,Human-initiated posting with high-risk tcode and/or high-risk document type; maker-checker approval required before posting.
SA,AFABN,TECHNICAL_USER,NOT_MANUAL,NO,"Posted by technical/system user, treated as automated/system-generated."
SA,AFABN,NON_TECHNICAL_USER,NOT_MANUAL,NO,ERP transaction code is system/batch/process driven.
SA,AS02,TECHNICAL_USER,NOT_MANUAL,NO,"Posted by technical/system user, treated as automated/system-generated."
SA,AS02,NON_TECHNICAL_USER,MANUAL,YES,Human-initiated posting with high-risk tcode and/or high-risk document type; maker-checker approval required before posting.
SA,F110,TECHNICAL_USER,NOT_MANUAL,NO,"Posted by technical/system user, treated as automated/system-generated."
SA,F110,NON_TECHNICAL_USER,NOT_MANUAL,NO,ERP transaction code is system/batch/process driven.
SA,F111,TECHNICAL_USER,NOT_MANUAL,NO,"Posted by technical/system user, treated as automated/system-generated."
SA,F111,NON_TECHNICAL_USER,NOT_MANUAL,NO,ERP transaction code is system/batch/process driven.
SA,FAGL_IT_02,TECHNICAL_USER,NOT_MANUAL,NO,"Posted by technical/system user, treated as automated/system-generated."
SA,FAGL_IT_02,NON_TECHNICAL_USER,NOT_MANUAL,NO,ERP transaction code is system/batch/process driven.
SA,FB01,TECHNICAL_USER,NOT_MANUAL,NO,"Posted by technical/system user, treated as automated/system-generated."
SA,FB01,NON_TECHNICAL_USER,MANUAL,YES,Human-initiated posting with high-risk tcode and/or high-risk document type; maker-checker approval required before posting.
SA,FB05,TECHNICAL_USER,NOT_MANUAL,NO,"Posted by technical/system user, treated as automated/system-generated."
SA,FB05,NON_TECHNICAL_USER,MANUAL,YES,Human-initiated posting with high-risk tcode and/or high-risk document type; maker-checker approval required before posting.
SA,FB08,TECHNICAL_USER,NOT_MANUAL,NO,"Posted by technical/system user, treated as automated/system-generated."
SA,FB08,NON_TECHNICAL_USER,MANUAL,YES,Human-initiated posting with high-risk tcode and/or high-risk document type; maker-checker approval required before posting.
SA,FB1K,TECHNICAL_USER,NOT_MANUAL,NO,"Posted by technical/system user, treated as automated/system-generated."
SA,FB1K,NON_TECHNICAL_USER,MANUAL,YES,Human-initiated posting with high-risk tcode and/or high-risk document type; maker-checker approval required before posting.
SA,FB1S,TECHNICAL_USER,NOT_MANUAL,NO,"Posted by technical/system user, treated as automated/system-generated."
SA,FB1S,NON_TECHNICAL_USER,MANUAL,YES,Human-initiated posting with high-risk tcode and/or high-risk document type; maker-checker approval required before posting.
SA,FB70,TECHNICAL_USER,NOT_MANUAL,NO,"Posted by technical/system user, treated as automated/system-generated."
SA,FB70,NON_TECHNICAL_USER,MANUAL,YES,Human-initiated posting with high-risk tcode and/or high-risk document type; maker-checker approval required before posting.
SA,FBA7,TECHNICAL_USER,NOT_MANUAL,NO,"Posted by technical/system user, treated as automated/system-generated."
SA,FBA7,NON_TECHNICAL_USER,MANUAL,YES,Human-initiated posting with high-risk tcode and/or high-risk document type; maker-checker approval required before posting.
SA,FBB1,TECHNICAL_USER,NOT_MANUAL,NO,"Posted by technical/system user, treated as automated/system-generated."
SA,FBB1,NON_TECHNICAL_USER,MANUAL,YES,Human-initiated posting with high-risk tcode and/or high-risk document type; maker-checker approval required before posting.
SA,FBD5,TECHNICAL_USER,NOT_MANUAL,NO,"Posted by technical/system user, treated as automated/system-generated."
SA,FBD5,NON_TECHNICAL_USER,MANUAL,YES,Human-initiated posting with high-risk tcode and/or high-risk document type; maker-checker approval required before posting.
SA,FBDC_C002,TECHNICAL_USER,NOT_MANUAL,NO,"Posted by technical/system user, treated as automated/system-generated."
SA,FBDC_C002,NON_TECHNICAL_USER,MANUAL,YES,Human-initiated posting with high-risk tcode and/or high-risk document type; maker-checker approval required before posting.
SA,FBDC_C014,TECHNICAL_USER,NOT_MANUAL,NO,"Posted by technical/system user, treated as automated/system-generated."
SA,FBDC_C014,NON_TECHNICAL_USER,MANUAL,YES,Human-initiated posting with high-risk tcode and/or high-risk document type; maker-checker approval required before posting.
SA,FBDC_C022,TECHNICAL_USER,NOT_MANUAL,NO,"Posted by technical/system user, treated as automated/system-generated."
SA,FBDC_C022,NON_TECHNICAL_USER,MANUAL,YES,Human-initiated posting with high-risk tcode and/or high-risk document type; maker-checker approval required before posting.
SA,FBDC_C024,TECHNICAL_USER,NOT_MANUAL,NO,"Posted by technical/system user, treated as automated/system-generated."
SA,FBDC_C024,NON_TECHNICAL_USER,MANUAL,YES,Human-initiated posting with high-risk tcode and/or high-risk document type; maker-checker approval required before posting.
SA,FBDC_C080,TECHNICAL_USER,NOT_MANUAL,NO,"Posted by technical/system user, treated as automated/system-generated."
SA,FBDC_C080,NON_TECHNICAL_USER,MANUAL,YES,Human-initiated posting with high-risk tcode and/or high-risk document type; maker-checker approval required before posting.
SA,FBDC_P001,TECHNICAL_USER,NOT_MANUAL,NO,"Posted by technical/system user, treated as automated/system-generated."
SA,FBDC_P001,NON_TECHNICAL_USER,MANUAL,YES,Human-initiated posting with high-risk tcode and/or high-risk document type; maker-checker approval required before posting.
SA,FBL1N,TECHNICAL_USER,NOT_MANUAL,NO,"Posted by technical/system user, treated as automated/system-generated."
SA,FBL1N,NON_TECHNICAL_USER,NOT_MANUAL,NO,ERP transaction code is system/batch/process driven.
SA,FBVB,TECHNICAL_USER,NOT_MANUAL,NO,"Posted by technical/system user, treated as automated/system-generated."
SA,FBVB,NON_TECHNICAL_USER,NOT_MANUAL,NO,ERP transaction code is system/batch/process driven.
SA,FBZ2,TECHNICAL_USER,NOT_MANUAL,NO,"Posted by technical/system user, treated as automated/system-generated."
SA,FBZ2,NON_TECHNICAL_USER,MANUAL,YES,Human-initiated posting with high-risk tcode and/or high-risk document type; maker-checker approval required before posting.
SA,FV60,TECHNICAL_USER,NOT_MANUAL,NO,"Posted by technical/system user, treated as automated/system-generated."
SA,FV60,NON_TECHNICAL_USER,MANUAL,YES,Human-initiated posting with high-risk tcode and/or high-risk document type; maker-checker approval required before posting.
SA,KO88,TECHNICAL_USER,NOT_MANUAL,NO,"Posted by technical/system user, treated as automated/system-generated."
SA,KO88,NON_TECHNICAL_USER,NOT_MANUAL,NO,ERP transaction code is system/batch/process driven.
SA,KO8G,TECHNICAL_USER,NOT_MANUAL,NO,"Posted by technical/system user, treated as automated/system-generated."
SA,KO8G,NON_TECHNICAL_USER,NOT_MANUAL,NO,ERP transaction code is system/batch/process driven.
SA,KSV5,TECHNICAL_USER,NOT_MANUAL,NO,"Posted by technical/system user, treated as automated/system-generated."
SA,KSV5,NON_TECHNICAL_USER,NOT_MANUAL,NO,ERP transaction code is system/batch/process driven.
SA,LSMW,TECHNICAL_USER,NOT_MANUAL,NO,"Posted by technical/system user, treated as automated/system-generated."
SA,LSMW,NON_TECHNICAL_USER,MANUAL,YES,Human-initiated posting with high-risk tcode and/or high-risk document type; maker-checker approval required before posting.
SA,MIR4,TECHNICAL_USER,NOT_MANUAL,NO,"Posted by technical/system user, treated as automated/system-generated."
SA,MIR4,NON_TECHNICAL_USER,NOT_MANUAL,NO,ERP transaction code is system/batch/process driven.
SA,MIRO,TECHNICAL_USER,NOT_MANUAL,NO,"Posted by technical/system user, treated as automated/system-generated."
SA,MIRO,NON_TECHNICAL_USER,MANUAL,YES,Human-initiated posting with high-risk tcode and/or high-risk document type; maker-checker approval required before posting.
SA,MR8M,TECHNICAL_USER,NOT_MANUAL,NO,"Posted by technical/system user, treated as automated/system-generated."
SA,MR8M,NON_TECHNICAL_USER,MANUAL,YES,Human-initiated posting with high-risk tcode and/or high-risk document type; maker-checker approval required before posting.
SA,ZFI_ADP,TECHNICAL_USER,NOT_MANUAL,NO,"Posted by technical/system user, treated as automated/system-generated."
SA,ZFI_ADP,NON_TECHNICAL_USER,MANUAL,YES,Human-initiated posting with high-risk tcode and/or high-risk document type; maker-checker approval required before posting.
SA,ZLIA_COCKPIT,TECHNICAL_USER,NOT_MANUAL,NO,"Posted by technical/system user, treated as automated/system-generated."
SA,ZLIA_COCKPIT,NON_TECHNICAL_USER,NOT_MANUAL,NO,ERP transaction code is system/batch/process driven.
SA,ZMM_CARGA_MIRO_MX,TECHNICAL_USER,NOT_MANUAL,NO,"Posted by technical/system user, treated as automated/system-generated."
SA,ZMM_CARGA_MIRO_MX,NON_TECHNICAL_USER,MANUAL,YES,Human-initiated posting with high-risk tcode and/or high-risk document type; maker-checker approval required before posting.
SC,,TECHNICAL_USER,NOT_MANUAL,NO,"Posted by technical/system user, treated as automated/system-generated."
SC,,NON_TECHNICAL_USER,NOT_MANUAL,NO,ERP transaction code is system/batch/process driven.
SC,AB01L,TECHNICAL_USER,NOT_MANUAL,NO,"Posted by technical/system user, treated as automated/system-generated."
SC,AB01L,NON_TECHNICAL_USER,MANUAL,YES,Human-initiated posting with high-risk tcode and/or high-risk document type; maker-checker approval required before posting.
SC,AB08,TECHNICAL_USER,NOT_MANUAL,NO,"Posted by technical/system user, treated as automated/system-generated."
SC,AB08,NON_TECHNICAL_USER,MANUAL,YES,Human-initiated posting with high-risk tcode and/or high-risk document type; maker-checker approval required before posting.
SC,ABAVN,TECHNICAL_USER,NOT_MANUAL,NO,"Posted by technical/system user, treated as automated/system-generated."
SC,ABAVN,NON_TECHNICAL_USER,MANUAL,YES,Human-initiated posting with high-risk tcode and/or high-risk document type; maker-checker approval required before posting.
SC,ABUMN,TECHNICAL_USER,NOT_MANUAL,NO,"Posted by technical/system user, treated as automated/system-generated."
SC,ABUMN,NON_TECHNICAL_USER,MANUAL,YES,Human-initiated posting with high-risk tcode and/or high-risk document type; maker-checker approval required before posting.
SC,ABZON,TECHNICAL_USER,NOT_MANUAL,NO,"Posted by technical/system user, treated as automated/system-generated."
SC,ABZON,NON_TECHNICAL_USER,MANUAL,YES,Human-initiated posting with high-risk tcode and/or high-risk document type; maker-checker approval required before posting.
SC,AFABN,TECHNICAL_USER,NOT_MANUAL,NO,"Posted by technical/system user, treated as automated/system-generated."
SC,AFABN,NON_TECHNICAL_USER,NOT_MANUAL,NO,ERP transaction code is system/batch/process driven.
SC,AS02,TECHNICAL_USER,NOT_MANUAL,NO,"Posted by technical/system user, treated as automated/system-generated."
SC,AS02,NON_TECHNICAL_USER,MANUAL,YES,Human-initiated posting with high-risk tcode and/or high-risk document type; maker-checker approval required before posting.
SC,F110,TECHNICAL_USER,NOT_MANUAL,NO,"Posted by technical/system user, treated as automated/system-generated."
SC,F110,NON_TECHNICAL_USER,NOT_MANUAL,NO,ERP transaction code is system/batch/process driven.
SC,F111,TECHNICAL_USER,NOT_MANUAL,NO,"Posted by technical/system user, treated as automated/system-generated."
SC,F111,NON_TECHNICAL_USER,NOT_MANUAL,NO,ERP transaction code is system/batch/process driven.
SC,FAGL_IT_02,TECHNICAL_USER,NOT_MANUAL,NO,"Posted by technical/system user, treated as automated/system-generated."
SC,FAGL_IT_02,NON_TECHNICAL_USER,NOT_MANUAL,NO,ERP transaction code is system/batch/process driven.
SC,FB01,TECHNICAL_USER,NOT_MANUAL,NO,"Posted by technical/system user, treated as automated/system-generated."
SC,FB01,NON_TECHNICAL_USER,MANUAL,YES,Human-initiated posting with high-risk tcode and/or high-risk document type; maker-checker approval required before posting.
SC,FB05,TECHNICAL_USER,NOT_MANUAL,NO,"Posted by technical/system user, treated as automated/system-generated."
SC,FB05,NON_TECHNICAL_USER,MANUAL,NO,"Human-initiated posting, but operational document/tcode pattern; standard workflow controls apply."
SC,FB08,TECHNICAL_USER,NOT_MANUAL,NO,"Posted by technical/system user, treated as automated/system-generated."
SC,FB08,NON_TECHNICAL_USER,MANUAL,YES,Human-initiated posting with high-risk tcode and/or high-risk document type; maker-checker approval required before posting.
SC,FB1K,TECHNICAL_USER,NOT_MANUAL,NO,"Posted by technical/system user, treated as automated/system-generated."
SC,FB1K,NON_TECHNICAL_USER,MANUAL,NO,"Human-initiated posting, but operational document/tcode pattern; standard workflow controls apply."
SC,FB1S,TECHNICAL_USER,NOT_MANUAL,NO,"Posted by technical/system user, treated as automated/system-generated."
SC,FB1S,NON_TECHNICAL_USER,MANUAL,NO,"Human-initiated posting, but operational document/tcode pattern; standard workflow controls apply."
SC,FB70,TECHNICAL_USER,NOT_MANUAL,NO,"Posted by technical/system user, treated as automated/system-generated."
SC,FB70,NON_TECHNICAL_USER,MANUAL,NO,"Human-initiated posting, but operational document/tcode pattern; standard workflow controls apply."
SC,FBA7,TECHNICAL_USER,NOT_MANUAL,NO,"Posted by technical/system user, treated as automated/system-generated."
SC,FBA7,NON_TECHNICAL_USER,MANUAL,NO,"Human-initiated posting, but operational document/tcode pattern; standard workflow controls apply."
SC,FBB1,TECHNICAL_USER,NOT_MANUAL,NO,"Posted by technical/system user, treated as automated/system-generated."
SC,FBB1,NON_TECHNICAL_USER,MANUAL,YES,Human-initiated posting with high-risk tcode and/or high-risk document type; maker-checker approval required before posting.
SC,FBD5,TECHNICAL_USER,NOT_MANUAL,NO,"Posted by technical/system user, treated as automated/system-generated."
SC,FBD5,NON_TECHNICAL_USER,MANUAL,YES,Human-initiated posting with high-risk tcode and/or high-risk document type; maker-checker approval required before posting.
SC,FBDC_C002,TECHNICAL_USER,NOT_MANUAL,NO,"Posted by technical/system user, treated as automated/system-generated."
SC,FBDC_C002,NON_TECHNICAL_USER,MANUAL,NO,"Human-initiated posting, but operational document/tcode pattern; standard workflow controls apply."
SC,FBDC_C014,TECHNICAL_USER,NOT_MANUAL,NO,"Posted by technical/system user, treated as automated/system-generated."
SC,FBDC_C014,NON_TECHNICAL_USER,MANUAL,NO,"Human-initiated posting, but operational document/tcode pattern; standard workflow controls apply."
SC,FBDC_C022,TECHNICAL_USER,NOT_MANUAL,NO,"Posted by technical/system user, treated as automated/system-generated."
SC,FBDC_C022,NON_TECHNICAL_USER,MANUAL,NO,"Human-initiated posting, but operational document/tcode pattern; standard workflow controls apply."
SC,FBDC_C024,TECHNICAL_USER,NOT_MANUAL,NO,"Posted by technical/system user, treated as automated/system-generated."
SC,FBDC_C024,NON_TECHNICAL_USER,MANUAL,NO,"Human-initiated posting, but operational document/tcode pattern; standard workflow controls apply."
SC,FBDC_C080,TECHNICAL_USER,NOT_MANUAL,NO,"Posted by technical/system user, treated as automated/system-generated."
SC,FBDC_C080,NON_TECHNICAL_USER,MANUAL,NO,"Human-initiated posting, but operational document/tcode pattern; standard workflow controls apply."
SC,FBDC_P001,TECHNICAL_USER,NOT_MANUAL,NO,"Posted by technical/system user, treated as automated/system-generated."
SC,FBDC_P001,NON_TECHNICAL_USER,MANUAL,YES,Human-initiated posting with high-risk tcode and/or high-risk document type; maker-checker approval required before posting.
SC,FBL1N,TECHNICAL_USER,NOT_MANUAL,NO,"Posted by technical/system user, treated as automated/system-generated."
SC,FBL1N,NON_TECHNICAL_USER,NOT_MANUAL,NO,ERP transaction code is system/batch/process driven.
SC,FBVB,TECHNICAL_USER,NOT_MANUAL,NO,"Posted by technical/system user, treated as automated/system-generated."
SC,FBVB,NON_TECHNICAL_USER,NOT_MANUAL,NO,ERP transaction code is system/batch/process driven.
SC,FBZ2,TECHNICAL_USER,NOT_MANUAL,NO,"Posted by technical/system user, treated as automated/system-generated."
SC,FBZ2,NON_TECHNICAL_USER,MANUAL,NO,"Human-initiated posting, but operational document/tcode pattern; standard workflow controls apply."
SC,FV60,TECHNICAL_USER,NOT_MANUAL,NO,"Posted by technical/system user, treated as automated/system-generated."
SC,FV60,NON_TECHNICAL_USER,MANUAL,NO,"Human-initiated posting, but operational document/tcode pattern; standard workflow controls apply."
SC,KO88,TECHNICAL_USER,NOT_MANUAL,NO,"Posted by technical/system user, treated as automated/system-generated."
SC,KO88,NON_TECHNICAL_USER,NOT_MANUAL,NO,ERP transaction code is system/batch/process driven.
SC,KO8G,TECHNICAL_USER,NOT_MANUAL,NO,"Posted by technical/system user, treated as automated/system-generated."
SC,KO8G,NON_TECHNICAL_USER,NOT_MANUAL,NO,ERP transaction code is system/batch/process driven.
SC,KSV5,TECHNICAL_USER,NOT_MANUAL,NO,"Posted by technical/system user, treated as automated/system-generated."
SC,KSV5,NON_TECHNICAL_USER,NOT_MANUAL,NO,ERP transaction code is system/batch/process driven.
SC,LSMW,TECHNICAL_USER,NOT_MANUAL,NO,"Posted by technical/system user, treated as automated/system-generated."
SC,LSMW,NON_TECHNICAL_USER,MANUAL,YES,Human-initiated posting with high-risk tcode and/or high-risk document type; maker-checker approval required before posting.
SC,MIR4,TECHNICAL_USER,NOT_MANUAL,NO,"Posted by technical/system user, treated as automated/system-generated."
SC,MIR4,NON_TECHNICAL_USER,NOT_MANUAL,NO,ERP transaction code is system/batch/process driven.
SC,MIRO,TECHNICAL_USER,NOT_MANUAL,NO,"Posted by technical/system user, treated as automated/system-generated."
SC,MIRO,NON_TECHNICAL_USER,MANUAL,NO,"Human-initiated posting, but operational document/tcode pattern; standard workflow controls apply."
SC,MR8M,TECHNICAL_USER,NOT_MANUAL,NO,"Posted by technical/system user, treated as automated/system-generated."
SC,MR8M,NON_TECHNICAL_USER,MANUAL,NO,"Human-initiated posting, but operational document/tcode pattern; standard workflow controls apply."
SC,ZFI_ADP,TECHNICAL_USER,NOT_MANUAL,NO,"Posted by technical/system user, treated as automated/system-generated."
SC,ZFI_ADP,NON_TECHNICAL_USER,MANUAL,YES,Human-initiated posting with high-risk tcode and/or high-risk document type; maker-checker approval required before posting.
SC,ZLIA_COCKPIT,TECHNICAL_USER,NOT_MANUAL,NO,"Posted by technical/system user, treated as automated/system-generated."
SC,ZLIA_COCKPIT,NON_TECHNICAL_USER,NOT_MANUAL,NO,ERP transaction code is system/batch/process driven.
SC,ZMM_CARGA_MIRO_MX,TECHNICAL_USER,NOT_MANUAL,NO,"Posted by technical/system user, treated as automated/system-generated."
SC,ZMM_CARGA_MIRO_MX,NON_TECHNICAL_USER,MANUAL,NO,"Human-initiated posting, but operational document/tcode pattern; standard workflow controls apply."
SR,,TECHNICAL_USER,NOT_MANUAL,NO,"Posted by technical/system user, treated as automated/system-generated."
SR,,NON_TECHNICAL_USER,NOT_MANUAL,NO,ERP transaction code is system/batch/process driven.
SR,AB01L,TECHNICAL_USER,NOT_MANUAL,NO,"Posted by technical/system user, treated as automated/system-generated."
SR,AB01L,NON_TECHNICAL_USER,MANUAL,YES,Human-initiated posting with high-risk tcode and/or high-risk document type; maker-checker approval required before posting.
SR,AB08,TECHNICAL_USER,NOT_MANUAL,NO,"Posted by technical/system user, treated as automated/system-generated."
SR,AB08,NON_TECHNICAL_USER,MANUAL,YES,Human-initiated posting with high-risk tcode and/or high-risk document type; maker-checker approval required before posting.
SR,ABAVN,TECHNICAL_USER,NOT_MANUAL,NO,"Posted by technical/system user, treated as automated/system-generated."
SR,ABAVN,NON_TECHNICAL_USER,MANUAL,YES,Human-initiated posting with high-risk tcode and/or high-risk document type; maker-checker approval required before posting.
SR,ABUMN,TECHNICAL_USER,NOT_MANUAL,NO,"Posted by technical/system user, treated as automated/system-generated."
SR,ABUMN,NON_TECHNICAL_USER,MANUAL,YES,Human-initiated posting with high-risk tcode and/or high-risk document type; maker-checker approval required before posting.
SR,ABZON,TECHNICAL_USER,NOT_MANUAL,NO,"Posted by technical/system user, treated as automated/system-generated."
SR,ABZON,NON_TECHNICAL_USER,MANUAL,YES,Human-initiated posting with high-risk tcode and/or high-risk document type; maker-checker approval required before posting.
SR,AFABN,TECHNICAL_USER,NOT_MANUAL,NO,"Posted by technical/system user, treated as automated/system-generated."
SR,AFABN,NON_TECHNICAL_USER,NOT_MANUAL,NO,ERP transaction code is system/batch/process driven.
SR,AS02,TECHNICAL_USER,NOT_MANUAL,NO,"Posted by technical/system user, treated as automated/system-generated."
SR,AS02,NON_TECHNICAL_USER,MANUAL,YES,Human-initiated posting with high-risk tcode and/or high-risk document type; maker-checker approval required before posting.
SR,F110,TECHNICAL_USER,NOT_MANUAL,NO,"Posted by technical/system user, treated as automated/system-generated."
SR,F110,NON_TECHNICAL_USER,NOT_MANUAL,NO,ERP transaction code is system/batch/process driven.
SR,F111,TECHNICAL_USER,NOT_MANUAL,NO,"Posted by technical/system user, treated as automated/system-generated."
SR,F111,NON_TECHNICAL_USER,NOT_MANUAL,NO,ERP transaction code is system/batch/process driven.
SR,FAGL_IT_02,TECHNICAL_USER,NOT_MANUAL,NO,"Posted by technical/system user, treated as automated/system-generated."
SR,FAGL_IT_02,NON_TECHNICAL_USER,NOT_MANUAL,NO,ERP transaction code is system/batch/process driven.
SR,FB01,TECHNICAL_USER,NOT_MANUAL,NO,"Posted by technical/system user, treated as automated/system-generated."
SR,FB01,NON_TECHNICAL_USER,MANUAL,YES,Human-initiated posting with high-risk tcode and/or high-risk document type; maker-checker approval required before posting.
SR,FB05,TECHNICAL_USER,NOT_MANUAL,NO,"Posted by technical/system user, treated as automated/system-generated."
SR,FB05,NON_TECHNICAL_USER,MANUAL,YES,Human-initiated posting with high-risk tcode and/or high-risk document type; maker-checker approval required before posting.
SR,FB08,TECHNICAL_USER,NOT_MANUAL,NO,"Posted by technical/system user, treated as automated/system-generated."
SR,FB08,NON_TECHNICAL_USER,MANUAL,YES,Human-initiated posting with high-risk tcode and/or high-risk document type; maker-checker approval required before posting.
SR,FB1K,TECHNICAL_USER,NOT_MANUAL,NO,"Posted by technical/system user, treated as automated/system-generated."
SR,FB1K,NON_TECHNICAL_USER,MANUAL,YES,Human-initiated posting with high-risk tcode and/or high-risk document type; maker-checker approval required before posting.
SR,FB1S,TECHNICAL_USER,NOT_MANUAL,NO,"Posted by technical/system user, treated as automated/system-generated."
SR,FB1S,NON_TECHNICAL_USER,MANUAL,YES,Human-initiated posting with high-risk tcode and/or high-risk document type; maker-checker approval required before posting.
SR,FB70,TECHNICAL_USER,NOT_MANUAL,NO,"Posted by technical/system user, treated as automated/system-generated."
SR,FB70,NON_TECHNICAL_USER,MANUAL,YES,Human-initiated posting with high-risk tcode and/or high-risk document type; maker-checker approval required before posting.
SR,FBA7,TECHNICAL_USER,NOT_MANUAL,NO,"Posted by technical/system user, treated as automated/system-generated."
SR,FBA7,NON_TECHNICAL_USER,MANUAL,YES,Human-initiated posting with high-risk tcode and/or high-risk document type; maker-checker approval required before posting.
SR,FBB1,TECHNICAL_USER,NOT_MANUAL,NO,"Posted by technical/system user, treated as automated/system-generated."
SR,FBB1,NON_TECHNICAL_USER,MANUAL,YES,Human-initiated posting with high-risk tcode and/or high-risk document type; maker-checker approval required before posting.
SR,FBD5,TECHNICAL_USER,NOT_MANUAL,NO,"Posted by technical/system user, treated as automated/system-generated."
SR,FBD5,NON_TECHNICAL_USER,MANUAL,YES,Human-initiated posting with high-risk tcode and/or high-risk document type; maker-checker approval required before posting.
SR,FBDC_C002,TECHNICAL_USER,NOT_MANUAL,NO,"Posted by technical/system user, treated as automated/system-generated."
SR,FBDC_C002,NON_TECHNICAL_USER,MANUAL,YES,Human-initiated posting with high-risk tcode and/or high-risk document type; maker-checker approval required before posting.
SR,FBDC_C014,TECHNICAL_USER,NOT_MANUAL,NO,"Posted by technical/system user, treated as automated/system-generated."
SR,FBDC_C014,NON_TECHNICAL_USER,MANUAL,YES,Human-initiated posting with high-risk tcode and/or high-risk document type; maker-checker approval required before posting.
SR,FBDC_C022,TECHNICAL_USER,NOT_MANUAL,NO,"Posted by technical/system user, treated as automated/system-generated."
SR,FBDC_C022,NON_TECHNICAL_USER,MANUAL,YES,Human-initiated posting with high-risk tcode and/or high-risk document type; maker-checker approval required before posting.
SR,FBDC_C024,TECHNICAL_USER,NOT_MANUAL,NO,"Posted by technical/system user, treated as automated/system-generated."
SR,FBDC_C024,NON_TECHNICAL_USER,MANUAL,YES,Human-initiated posting with high-risk tcode and/or high-risk document type; maker-checker approval required before posting.
SR,FBDC_C080,TECHNICAL_USER,NOT_MANUAL,NO,"Posted by technical/system user, treated as automated/system-generated."
SR,FBDC_C080,NON_TECHNICAL_USER,MANUAL,YES,Human-initiated posting with high-risk tcode and/or high-risk document type; maker-checker approval required before posting.
SR,FBDC_P001,TECHNICAL_USER,NOT_MANUAL,NO,"Posted by technical/system user, treated as automated/system-generated."
SR,FBDC_P001,NON_TECHNICAL_USER,MANUAL,YES,Human-initiated posting with high-risk tcode and/or high-risk document type; maker-checker approval required before posting.
SR,FBL1N,TECHNICAL_USER,NOT_MANUAL,NO,"Posted by technical/system user, treated as automated/system-generated."
SR,FBL1N,NON_TECHNICAL_USER,NOT_MANUAL,NO,ERP transaction code is system/batch/process driven.
SR,FBVB,TECHNICAL_USER,NOT_MANUAL,NO,"Posted by technical/system user, treated as automated/system-generated."
SR,FBVB,NON_TECHNICAL_USER,NOT_MANUAL,NO,ERP transaction code is system/batch/process driven.
SR,FBZ2,TECHNICAL_USER,NOT_MANUAL,NO,"Posted by technical/system user, treated as automated/system-generated."
SR,FBZ2,NON_TECHNICAL_USER,MANUAL,YES,Human-initiated posting with high-risk tcode and/or high-risk document type; maker-checker approval required before posting.
SR,FV60,TECHNICAL_USER,NOT_MANUAL,NO,"Posted by technical/system user, treated as automated/system-generated."
SR,FV60,NON_TECHNICAL_USER,MANUAL,YES,Human-initiated posting with high-risk tcode and/or high-risk document type; maker-checker approval required before posting.
SR,KO88,TECHNICAL_USER,NOT_MANUAL,NO,"Posted by technical/system user, treated as automated/system-generated."
SR,KO88,NON_TECHNICAL_USER,NOT_MANUAL,NO,ERP transaction code is system/batch/process driven.
SR,KO8G,TECHNICAL_USER,NOT_MANUAL,NO,"Posted by technical/system user, treated as automated/system-generated."
SR,KO8G,NON_TECHNICAL_USER,NOT_MANUAL,NO,ERP transaction code is system/batch/process driven.
SR,KSV5,TECHNICAL_USER,NOT_MANUAL,NO,"Posted by technical/system user, treated as automated/system-generated."
SR,KSV5,NON_TECHNICAL_USER,NOT_MANUAL,NO,ERP transaction code is system/batch/process driven.
SR,LSMW,TECHNICAL_USER,NOT_MANUAL,NO,"Posted by technical/system user, treated as automated/system-generated."
SR,LSMW,NON_TECHNICAL_USER,MANUAL,YES,Human-initiated posting with high-risk tcode and/or high-risk document type; maker-checker approval required before posting.
SR,MIR4,TECHNICAL_USER,NOT_MANUAL,NO,"Posted by technical/system user, treated as automated/system-generated."
SR,MIR4,NON_TECHNICAL_USER,NOT_MANUAL,NO,ERP transaction code is system/batch/process driven.
SR,MIRO,TECHNICAL_USER,NOT_MANUAL,NO,"Posted by technical/system user, treated as automated/system-generated."
SR,MIRO,NON_TECHNICAL_USER,MANUAL,YES,Human-initiated posting with high-risk tcode and/or high-risk document type; maker-checker approval required before posting.
SR,MR8M,TECHNICAL_USER,NOT_MANUAL,NO,"Posted by technical/system user, treated as automated/system-generated."
SR,MR8M,NON_TECHNICAL_USER,MANUAL,YES,Human-initiated posting with high-risk tcode and/or high-risk document type; maker-checker approval required before posting.
SR,ZFI_ADP,TECHNICAL_USER,NOT_MANUAL,NO,"Posted by technical/system user, treated as automated/system-generated."
SR,ZFI_ADP,NON_TECHNICAL_USER,MANUAL,YES,Human-initiated posting with high-risk tcode and/or high-risk document type; maker-checker approval required before posting.
SR,ZLIA_COCKPIT,TECHNICAL_USER,NOT_MANUAL,NO,"Posted by technical/system user, treated as automated/system-generated."
SR,ZLIA_COCKPIT,NON_TECHNICAL_USER,NOT_MANUAL,NO,ERP transaction code is system/batch/process driven.
SR,ZMM_CARGA_MIRO_MX,TECHNICAL_USER,NOT_MANUAL,NO,"Posted by technical/system user, treated as automated/system-generated."
SR,ZMM_CARGA_MIRO_MX,NON_TECHNICAL_USER,MANUAL,YES,Human-initiated posting with high-risk tcode and/or high-risk document type; maker-checker approval required before posting.
SU,,TECHNICAL_USER,NOT_MANUAL,NO,"Posted by technical/system user, treated as automated/system-generated."
SU,,NON_TECHNICAL_USER,NOT_MANUAL,NO,ERP transaction code is system/batch/process driven.
SU,AB01L,TECHNICAL_USER,NOT_MANUAL,NO,"Posted by technical/system user, treated as automated/system-generated."
SU,AB01L,NON_TECHNICAL_USER,MANUAL,YES,Human-initiated posting with high-risk tcode and/or high-risk document type; maker-checker approval required before posting.
SU,AB08,TECHNICAL_USER,NOT_MANUAL,NO,"Posted by technical/system user, treated as automated/system-generated."
SU,AB08,NON_TECHNICAL_USER,MANUAL,YES,Human-initiated posting with high-risk tcode and/or high-risk document type; maker-checker approval required before posting.
SU,ABAVN,TECHNICAL_USER,NOT_MANUAL,NO,"Posted by technical/system user, treated as automated/system-generated."
SU,ABAVN,NON_TECHNICAL_USER,MANUAL,YES,Human-initiated posting with high-risk tcode and/or high-risk document type; maker-checker approval required before posting.
SU,ABUMN,TECHNICAL_USER,NOT_MANUAL,NO,"Posted by technical/system user, treated as automated/system-generated."
SU,ABUMN,NON_TECHNICAL_USER,MANUAL,YES,Human-initiated posting with high-risk tcode and/or high-risk document type; maker-checker approval required before posting.
SU,ABZON,TECHNICAL_USER,NOT_MANUAL,NO,"Posted by technical/system user, treated as automated/system-generated."
SU,ABZON,NON_TECHNICAL_USER,MANUAL,YES,Human-initiated posting with high-risk tcode and/or high-risk document type; maker-checker approval required before posting.
SU,AFABN,TECHNICAL_USER,NOT_MANUAL,NO,"Posted by technical/system user, treated as automated/system-generated."
SU,AFABN,NON_TECHNICAL_USER,NOT_MANUAL,NO,ERP transaction code is system/batch/process driven.
SU,AS02,TECHNICAL_USER,NOT_MANUAL,NO,"Posted by technical/system user, treated as automated/system-generated."
SU,AS02,NON_TECHNICAL_USER,MANUAL,YES,Human-initiated posting with high-risk tcode and/or high-risk document type; maker-checker approval required before posting.
SU,F110,TECHNICAL_USER,NOT_MANUAL,NO,"Posted by technical/system user, treated as automated/system-generated."
SU,F110,NON_TECHNICAL_USER,NOT_MANUAL,NO,ERP transaction code is system/batch/process driven.
SU,F111,TECHNICAL_USER,NOT_MANUAL,NO,"Posted by technical/system user, treated as automated/system-generated."
SU,F111,NON_TECHNICAL_USER,NOT_MANUAL,NO,ERP transaction code is system/batch/process driven.
SU,FAGL_IT_02,TECHNICAL_USER,NOT_MANUAL,NO,"Posted by technical/system user, treated as automated/system-generated."
SU,FAGL_IT_02,NON_TECHNICAL_USER,NOT_MANUAL,NO,ERP transaction code is system/batch/process driven.
SU,FB01,TECHNICAL_USER,NOT_MANUAL,NO,"Posted by technical/system user, treated as automated/system-generated."
SU,FB01,NON_TECHNICAL_USER,MANUAL,YES,Human-initiated posting with high-risk tcode and/or high-risk document type; maker-checker approval required before posting.
SU,FB05,TECHNICAL_USER,NOT_MANUAL,NO,"Posted by technical/system user, treated as automated/system-generated."
SU,FB05,NON_TECHNICAL_USER,MANUAL,NO,"Human-initiated posting, but operational document/tcode pattern; standard workflow controls apply."
SU,FB08,TECHNICAL_USER,NOT_MANUAL,NO,"Posted by technical/system user, treated as automated/system-generated."
SU,FB08,NON_TECHNICAL_USER,MANUAL,YES,Human-initiated posting with high-risk tcode and/or high-risk document type; maker-checker approval required before posting.
SU,FB1K,TECHNICAL_USER,NOT_MANUAL,NO,"Posted by technical/system user, treated as automated/system-generated."
SU,FB1K,NON_TECHNICAL_USER,MANUAL,NO,"Human-initiated posting, but operational document/tcode pattern; standard workflow controls apply."
SU,FB1S,TECHNICAL_USER,NOT_MANUAL,NO,"Posted by technical/system user, treated as automated/system-generated."
SU,FB1S,NON_TECHNICAL_USER,MANUAL,NO,"Human-initiated posting, but operational document/tcode pattern; standard workflow controls apply."
SU,FB70,TECHNICAL_USER,NOT_MANUAL,NO,"Posted by technical/system user, treated as automated/system-generated."
SU,FB70,NON_TECHNICAL_USER,MANUAL,NO,"Human-initiated posting, but operational document/tcode pattern; standard workflow controls apply."
SU,FBA7,TECHNICAL_USER,NOT_MANUAL,NO,"Posted by technical/system user, treated as automated/system-generated."
SU,FBA7,NON_TECHNICAL_USER,MANUAL,NO,"Human-initiated posting, but operational document/tcode pattern; standard workflow controls apply."
SU,FBB1,TECHNICAL_USER,NOT_MANUAL,NO,"Posted by technical/system user, treated as automated/system-generated."
SU,FBB1,NON_TECHNICAL_USER,MANUAL,YES,Human-initiated posting with high-risk tcode and/or high-risk document type; maker-checker approval required before posting.
SU,FBD5,TECHNICAL_USER,NOT_MANUAL,NO,"Posted by technical/system user, treated as automated/system-generated."
SU,FBD5,NON_TECHNICAL_USER,MANUAL,YES,Human-initiated posting with high-risk tcode and/or high-risk document type; maker-checker approval required before posting.
SU,FBDC_C002,TECHNICAL_USER,NOT_MANUAL,NO,"Posted by technical/system user, treated as automated/system-generated."
SU,FBDC_C002,NON_TECHNICAL_USER,MANUAL,NO,"Human-initiated posting, but operational document/tcode pattern; standard workflow controls apply."
SU,FBDC_C014,TECHNICAL_USER,NOT_MANUAL,NO,"Posted by technical/system user, treated as automated/system-generated."
SU,FBDC_C014,NON_TECHNICAL_USER,MANUAL,NO,"Human-initiated posting, but operational document/tcode pattern; standard workflow controls apply."
SU,FBDC_C022,TECHNICAL_USER,NOT_MANUAL,NO,"Posted by technical/system user, treated as automated/system-generated."
SU,FBDC_C022,NON_TECHNICAL_USER,MANUAL,NO,"Human-initiated posting, but operational document/tcode pattern; standard workflow controls apply."
SU,FBDC_C024,TECHNICAL_USER,NOT_MANUAL,NO,"Posted by technical/system user, treated as automated/system-generated."
SU,FBDC_C024,NON_TECHNICAL_USER,MANUAL,NO,"Human-initiated posting, but operational document/tcode pattern; standard workflow controls apply."
SU,FBDC_C080,TECHNICAL_USER,NOT_MANUAL,NO,"Posted by technical/system user, treated as automated/system-generated."
SU,FBDC_C080,NON_TECHNICAL_USER,MANUAL,NO,"Human-initiated posting, but operational document/tcode pattern; standard workflow controls apply."
SU,FBDC_P001,TECHNICAL_USER,NOT_MANUAL,NO,"Posted by technical/system user, treated as automated/system-generated."
SU,FBDC_P001,NON_TECHNICAL_USER,MANUAL,YES,Human-initiated posting with high-risk tcode and/or high-risk document type; maker-checker approval required before posting.
SU,FBL1N,TECHNICAL_USER,NOT_MANUAL,NO,"Posted by technical/system user, treated as automated/system-generated."
SU,FBL1N,NON_TECHNICAL_USER,NOT_MANUAL,NO,ERP transaction code is system/batch/process driven.
SU,FBVB,TECHNICAL_USER,NOT_MANUAL,NO,"Posted by technical/system user, treated as automated/system-generated."
SU,FBVB,NON_TECHNICAL_USER,NOT_MANUAL,NO,ERP transaction code is system/batch/process driven.
SU,FBZ2,TECHNICAL_USER,NOT_MANUAL,NO,"Posted by technical/system user, treated as automated/system-generated."
SU,FBZ2,NON_TECHNICAL_USER,MANUAL,NO,"Human-initiated posting, but operational document/tcode pattern; standard workflow controls apply."
SU,FV60,TECHNICAL_USER,NOT_MANUAL,NO,"Posted by technical/system user, treated as automated/system-generated."
SU,FV60,NON_TECHNICAL_USER,MANUAL,NO,"Human-initiated posting, but operational document/tcode pattern; standard workflow controls apply."
SU,KO88,TECHNICAL_USER,NOT_MANUAL,NO,"Posted by technical/system user, treated as automated/system-generated."
SU,KO88,NON_TECHNICAL_USER,NOT_MANUAL,NO,ERP transaction code is system/batch/process driven.
SU,KO8G,TECHNICAL_USER,NOT_MANUAL,NO,"Posted by technical/system user, treated as automated/system-generated."
SU,KO8G,NON_TECHNICAL_USER,NOT_MANUAL,NO,ERP transaction code is system/batch/process driven.
SU,KSV5,TECHNICAL_USER,NOT_MANUAL,NO,"Posted by technical/system user, treated as automated/system-generated."
SU,KSV5,NON_TECHNICAL_USER,NOT_MANUAL,NO,ERP transaction code is system/batch/process driven.
SU,LSMW,TECHNICAL_USER,NOT_MANUAL,NO,"Posted by technical/system user, treated as automated/system-generated."
SU,LSMW,NON_TECHNICAL_USER,MANUAL,YES,Human-initiated posting with high-risk tcode and/or high-risk document type; maker-checker approval required before posting.
SU,MIR4,TECHNICAL_USER,NOT_MANUAL,NO,"Posted by technical/system user, treated as automated/system-generated."
SU,MIR4,NON_TECHNICAL_USER,NOT_MANUAL,NO,ERP transaction code is system/batch/process driven.
SU,MIRO,TECHNICAL_USER,NOT_MANUAL,NO,"Posted by technical/system user, treated as automated/system-generated."
SU,MIRO,NON_TECHNICAL_USER,MANUAL,NO,"Human-initiated posting, but operational document/tcode pattern; standard workflow controls apply."
SU,MR8M,TECHNICAL_USER,NOT_MANUAL,NO,"Posted by technical/system user, treated as automated/system-generated."
SU,MR8M,NON_TECHNICAL_USER,MANUAL,NO,"Human-initiated posting, but operational document/tcode pattern; standard workflow controls apply."
SU,ZFI_ADP,TECHNICAL_USER,NOT_MANUAL,NO,"Posted by technical/system user, treated as automated/system-generated."
SU,ZFI_ADP,NON_TECHNICAL_USER,MANUAL,YES,Human-initiated posting with high-risk tcode and/or high-risk document type; maker-checker approval required before posting.
SU,ZLIA_COCKPIT,TECHNICAL_USER,NOT_MANUAL,NO,"Posted by technical/system user, treated as automated/system-generated."
SU,ZLIA_COCKPIT,NON_TECHNICAL_USER,NOT_MANUAL,NO,ERP transaction code is system/batch/process driven.
SU,ZMM_CARGA_MIRO_MX,TECHNICAL_USER,NOT_MANUAL,NO,"Posted by technical/system user, treated as automated/system-generated."
SU,ZMM_CARGA_MIRO_MX,NON_TECHNICAL_USER,MANUAL,NO,"Human-initiated posting, but operational document/tcode pattern; standard workflow controls apply."
TI,,TECHNICAL_USER,NOT_MANUAL,NO,"Posted by technical/system user, treated as automated/system-generated."
TI,,NON_TECHNICAL_USER,NOT_MANUAL,NO,ERP transaction code is system/batch/process driven.
TI,AB01L,TECHNICAL_USER,NOT_MANUAL,NO,"Posted by technical/system user, treated as automated/system-generated."
TI,AB01L,NON_TECHNICAL_USER,MANUAL,YES,Human-initiated posting with high-risk tcode and/or high-risk document type; maker-checker approval required before posting.
TI,AB08,TECHNICAL_USER,NOT_MANUAL,NO,"Posted by technical/system user, treated as automated/system-generated."
TI,AB08,NON_TECHNICAL_USER,MANUAL,YES,Human-initiated posting with high-risk tcode and/or high-risk document type; maker-checker approval required before posting.
TI,ABAVN,TECHNICAL_USER,NOT_MANUAL,NO,"Posted by technical/system user, treated as automated/system-generated."
TI,ABAVN,NON_TECHNICAL_USER,MANUAL,YES,Human-initiated posting with high-risk tcode and/or high-risk document type; maker-checker approval required before posting.
TI,ABUMN,TECHNICAL_USER,NOT_MANUAL,NO,"Posted by technical/system user, treated as automated/system-generated."
TI,ABUMN,NON_TECHNICAL_USER,MANUAL,YES,Human-initiated posting with high-risk tcode and/or high-risk document type; maker-checker approval required before posting.
TI,ABZON,TECHNICAL_USER,NOT_MANUAL,NO,"Posted by technical/system user, treated as automated/system-generated."
TI,ABZON,NON_TECHNICAL_USER,MANUAL,YES,Human-initiated posting with high-risk tcode and/or high-risk document type; maker-checker approval required before posting.
TI,AFABN,TECHNICAL_USER,NOT_MANUAL,NO,"Posted by technical/system user, treated as automated/system-generated."
TI,AFABN,NON_TECHNICAL_USER,NOT_MANUAL,NO,ERP transaction code is system/batch/process driven.
TI,AS02,TECHNICAL_USER,NOT_MANUAL,NO,"Posted by technical/system user, treated as automated/system-generated."
TI,AS02,NON_TECHNICAL_USER,MANUAL,YES,Human-initiated posting with high-risk tcode and/or high-risk document type; maker-checker approval required before posting.
TI,F110,TECHNICAL_USER,NOT_MANUAL,NO,"Posted by technical/system user, treated as automated/system-generated."
TI,F110,NON_TECHNICAL_USER,NOT_MANUAL,NO,ERP transaction code is system/batch/process driven.
TI,F111,TECHNICAL_USER,NOT_MANUAL,NO,"Posted by technical/system user, treated as automated/system-generated."
TI,F111,NON_TECHNICAL_USER,NOT_MANUAL,NO,ERP transaction code is system/batch/process driven.
TI,FAGL_IT_02,TECHNICAL_USER,NOT_MANUAL,NO,"Posted by technical/system user, treated as automated/system-generated."
TI,FAGL_IT_02,NON_TECHNICAL_USER,NOT_MANUAL,NO,ERP transaction code is system/batch/process driven.
TI,FB01,TECHNICAL_USER,NOT_MANUAL,NO,"Posted by technical/system user, treated as automated/system-generated."
TI,FB01,NON_TECHNICAL_USER,MANUAL,YES,Human-initiated posting with high-risk tcode and/or high-risk document type; maker-checker approval required before posting.
TI,FB05,TECHNICAL_USER,NOT_MANUAL,NO,"Posted by technical/system user, treated as automated/system-generated."
TI,FB05,NON_TECHNICAL_USER,MANUAL,NO,"Human-initiated posting, but operational document/tcode pattern; standard workflow controls apply."
TI,FB08,TECHNICAL_USER,NOT_MANUAL,NO,"Posted by technical/system user, treated as automated/system-generated."
TI,FB08,NON_TECHNICAL_USER,MANUAL,YES,Human-initiated posting with high-risk tcode and/or high-risk document type; maker-checker approval required before posting.
TI,FB1K,TECHNICAL_USER,NOT_MANUAL,NO,"Posted by technical/system user, treated as automated/system-generated."
TI,FB1K,NON_TECHNICAL_USER,MANUAL,NO,"Human-initiated posting, but operational document/tcode pattern; standard workflow controls apply."
TI,FB1S,TECHNICAL_USER,NOT_MANUAL,NO,"Posted by technical/system user, treated as automated/system-generated."
TI,FB1S,NON_TECHNICAL_USER,MANUAL,NO,"Human-initiated posting, but operational document/tcode pattern; standard workflow controls apply."
TI,FB70,TECHNICAL_USER,NOT_MANUAL,NO,"Posted by technical/system user, treated as automated/system-generated."
TI,FB70,NON_TECHNICAL_USER,MANUAL,NO,"Human-initiated posting, but operational document/tcode pattern; standard workflow controls apply."
TI,FBA7,TECHNICAL_USER,NOT_MANUAL,NO,"Posted by technical/system user, treated as automated/system-generated."
TI,FBA7,NON_TECHNICAL_USER,MANUAL,NO,"Human-initiated posting, but operational document/tcode pattern; standard workflow controls apply."
TI,FBB1,TECHNICAL_USER,NOT_MANUAL,NO,"Posted by technical/system user, treated as automated/system-generated."
TI,FBB1,NON_TECHNICAL_USER,MANUAL,YES,Human-initiated posting with high-risk tcode and/or high-risk document type; maker-checker approval required before posting.
TI,FBD5,TECHNICAL_USER,NOT_MANUAL,NO,"Posted by technical/system user, treated as automated/system-generated."
TI,FBD5,NON_TECHNICAL_USER,MANUAL,YES,Human-initiated posting with high-risk tcode and/or high-risk document type; maker-checker approval required before posting.
TI,FBDC_C002,TECHNICAL_USER,NOT_MANUAL,NO,"Posted by technical/system user, treated as automated/system-generated."
TI,FBDC_C002,NON_TECHNICAL_USER,MANUAL,NO,"Human-initiated posting, but operational document/tcode pattern; standard workflow controls apply."
TI,FBDC_C014,TECHNICAL_USER,NOT_MANUAL,NO,"Posted by technical/system user, treated as automated/system-generated."
TI,FBDC_C014,NON_TECHNICAL_USER,MANUAL,NO,"Human-initiated posting, but operational document/tcode pattern; standard workflow controls apply."
TI,FBDC_C022,TECHNICAL_USER,NOT_MANUAL,NO,"Posted by technical/system user, treated as automated/system-generated."
TI,FBDC_C022,NON_TECHNICAL_USER,MANUAL,NO,"Human-initiated posting, but operational document/tcode pattern; standard workflow controls apply."
TI,FBDC_C024,TECHNICAL_USER,NOT_MANUAL,NO,"Posted by technical/system user, treated as automated/system-generated."
TI,FBDC_C024,NON_TECHNICAL_USER,MANUAL,NO,"Human-initiated posting, but operational document/tcode pattern; standard workflow controls apply."
TI,FBDC_C080,TECHNICAL_USER,NOT_MANUAL,NO,"Posted by technical/system user, treated as automated/system-generated."
TI,FBDC_C080,NON_TECHNICAL_USER,MANUAL,NO,"Human-initiated posting, but operational document/tcode pattern; standard workflow controls apply."
TI,FBDC_P001,TECHNICAL_USER,NOT_MANUAL,NO,"Posted by technical/system user, treated as automated/system-generated."
TI,FBDC_P001,NON_TECHNICAL_USER,MANUAL,YES,Human-initiated posting with high-risk tcode and/or high-risk document type; maker-checker approval required before posting.
TI,FBL1N,TECHNICAL_USER,NOT_MANUAL,NO,"Posted by technical/system user, treated as automated/system-generated."
TI,FBL1N,NON_TECHNICAL_USER,NOT_MANUAL,NO,ERP transaction code is system/batch/process driven.
TI,FBVB,TECHNICAL_USER,NOT_MANUAL,NO,"Posted by technical/system user, treated as automated/system-generated."
TI,FBVB,NON_TECHNICAL_USER,NOT_MANUAL,NO,ERP transaction code is system/batch/process driven.
TI,FBZ2,TECHNICAL_USER,NOT_MANUAL,NO,"Posted by technical/system user, treated as automated/system-generated."
TI,FBZ2,NON_TECHNICAL_USER,MANUAL,NO,"Human-initiated posting, but operational document/tcode pattern; standard workflow controls apply."
TI,FV60,TECHNICAL_USER,NOT_MANUAL,NO,"Posted by technical/system user, treated as automated/system-generated."
TI,FV60,NON_TECHNICAL_USER,MANUAL,NO,"Human-initiated posting, but operational document/tcode pattern; standard workflow controls apply."
TI,KO88,TECHNICAL_USER,NOT_MANUAL,NO,"Posted by technical/system user, treated as automated/system-generated."
TI,KO88,NON_TECHNICAL_USER,NOT_MANUAL,NO,ERP transaction code is system/batch/process driven.
TI,KO8G,TECHNICAL_USER,NOT_MANUAL,NO,"Posted by technical/system user, treated as automated/system-generated."
TI,KO8G,NON_TECHNICAL_USER,NOT_MANUAL,NO,ERP transaction code is system/batch/process driven.
TI,KSV5,TECHNICAL_USER,NOT_MANUAL,NO,"Posted by technical/system user, treated as automated/system-generated."
TI,KSV5,NON_TECHNICAL_USER,NOT_MANUAL,NO,ERP transaction code is system/batch/process driven.
TI,LSMW,TECHNICAL_USER,NOT_MANUAL,NO,"Posted by technical/system user, treated as automated/system-generated."
TI,LSMW,NON_TECHNICAL_USER,MANUAL,YES,Human-initiated posting with high-risk tcode and/or high-risk document type; maker-checker approval required before posting.
TI,MIR4,TECHNICAL_USER,NOT_MANUAL,NO,"Posted by technical/system user, treated as automated/system-generated."
TI,MIR4,NON_TECHNICAL_USER,NOT_MANUAL,NO,ERP transaction code is system/batch/process driven.
TI,MIRO,TECHNICAL_USER,NOT_MANUAL,NO,"Posted by technical/system user, treated as automated/system-generated."
TI,MIRO,NON_TECHNICAL_USER,MANUAL,NO,"Human-initiated posting, but operational document/tcode pattern; standard workflow controls apply."
TI,MR8M,TECHNICAL_USER,NOT_MANUAL,NO,"Posted by technical/system user, treated as automated/system-generated."
TI,MR8M,NON_TECHNICAL_USER,MANUAL,NO,"Human-initiated posting, but operational document/tcode pattern; standard workflow controls apply."
TI,ZFI_ADP,TECHNICAL_USER,NOT_MANUAL,NO,"Posted by technical/system user, treated as automated/system-generated."
TI,ZFI_ADP,NON_TECHNICAL_USER,MANUAL,YES,Human-initiated posting with high-risk tcode and/or high-risk document type; maker-checker approval required before posting.
TI,ZLIA_COCKPIT,TECHNICAL_USER,NOT_MANUAL,NO,"Posted by technical/system user, treated as automated/system-generated."
TI,ZLIA_COCKPIT,NON_TECHNICAL_USER,NOT_MANUAL,NO,ERP transaction code is system/batch/process driven.
TI,ZMM_CARGA_MIRO_MX,TECHNICAL_USER,NOT_MANUAL,NO,"Posted by technical/system user, treated as automated/system-generated."
TI,ZMM_CARGA_MIRO_MX,NON_TECHNICAL_USER,MANUAL,NO,"Human-initiated posting, but operational document/tcode pattern; standard workflow controls apply."
TX,,TECHNICAL_USER,NOT_MANUAL,NO,"Posted by technical/system user, treated as automated/system-generated."
TX,,NON_TECHNICAL_USER,NOT_MANUAL,NO,ERP transaction code is system/batch/process driven.
TX,AB01L,TECHNICAL_USER,NOT_MANUAL,NO,"Posted by technical/system user, treated as automated/system-generated."
TX,AB01L,NON_TECHNICAL_USER,MANUAL,YES,Human-initiated posting with high-risk tcode and/or high-risk document type; maker-checker approval required before posting.
TX,AB08,TECHNICAL_USER,NOT_MANUAL,NO,"Posted by technical/system user, treated as automated/system-generated."
TX,AB08,NON_TECHNICAL_USER,MANUAL,YES,Human-initiated posting with high-risk tcode and/or high-risk document type; maker-checker approval required before posting.
TX,ABAVN,TECHNICAL_USER,NOT_MANUAL,NO,"Posted by technical/system user, treated as automated/system-generated."
TX,ABAVN,NON_TECHNICAL_USER,MANUAL,YES,Human-initiated posting with high-risk tcode and/or high-risk document type; maker-checker approval required before posting.
TX,ABUMN,TECHNICAL_USER,NOT_MANUAL,NO,"Posted by technical/system user, treated as automated/system-generated."
TX,ABUMN,NON_TECHNICAL_USER,MANUAL,YES,Human-initiated posting with high-risk tcode and/or high-risk document type; maker-checker approval required before posting.
TX,ABZON,TECHNICAL_USER,NOT_MANUAL,NO,"Posted by technical/system user, treated as automated/system-generated."
TX,ABZON,NON_TECHNICAL_USER,MANUAL,YES,Human-initiated posting with high-risk tcode and/or high-risk document type; maker-checker approval required before posting.
TX,AFABN,TECHNICAL_USER,NOT_MANUAL,NO,"Posted by technical/system user, treated as automated/system-generated."
TX,AFABN,NON_TECHNICAL_USER,NOT_MANUAL,NO,ERP transaction code is system/batch/process driven.
TX,AS02,TECHNICAL_USER,NOT_MANUAL,NO,"Posted by technical/system user, treated as automated/system-generated."
TX,AS02,NON_TECHNICAL_USER,MANUAL,YES,Human-initiated posting with high-risk tcode and/or high-risk document type; maker-checker approval required before posting.
TX,F110,TECHNICAL_USER,NOT_MANUAL,NO,"Posted by technical/system user, treated as automated/system-generated."
TX,F110,NON_TECHNICAL_USER,NOT_MANUAL,NO,ERP transaction code is system/batch/process driven.
TX,F111,TECHNICAL_USER,NOT_MANUAL,NO,"Posted by technical/system user, treated as automated/system-generated."
TX,F111,NON_TECHNICAL_USER,NOT_MANUAL,NO,ERP transaction code is system/batch/process driven.
TX,FAGL_IT_02,TECHNICAL_USER,NOT_MANUAL,NO,"Posted by technical/system user, treated as automated/system-generated."
TX,FAGL_IT_02,NON_TECHNICAL_USER,NOT_MANUAL,NO,ERP transaction code is system/batch/process driven.
TX,FB01,TECHNICAL_USER,NOT_MANUAL,NO,"Posted by technical/system user, treated as automated/system-generated."
TX,FB01,NON_TECHNICAL_USER,MANUAL,YES,Human-initiated posting with high-risk tcode and/or high-risk document type; maker-checker approval required before posting.
TX,FB05,TECHNICAL_USER,NOT_MANUAL,NO,"Posted by technical/system user, treated as automated/system-generated."
TX,FB05,NON_TECHNICAL_USER,MANUAL,YES,Human-initiated posting with high-risk tcode and/or high-risk document type; maker-checker approval required before posting.
TX,FB08,TECHNICAL_USER,NOT_MANUAL,NO,"Posted by technical/system user, treated as automated/system-generated."
TX,FB08,NON_TECHNICAL_USER,MANUAL,YES,Human-initiated posting with high-risk tcode and/or high-risk document type; maker-checker approval required before posting.
TX,FB1K,TECHNICAL_USER,NOT_MANUAL,NO,"Posted by technical/system user, treated as automated/system-generated."
TX,FB1K,NON_TECHNICAL_USER,MANUAL,YES,Human-initiated posting with high-risk tcode and/or high-risk document type; maker-checker approval required before posting.
TX,FB1S,TECHNICAL_USER,NOT_MANUAL,NO,"Posted by technical/system user, treated as automated/system-generated."
TX,FB1S,NON_TECHNICAL_USER,MANUAL,YES,Human-initiated posting with high-risk tcode and/or high-risk document type; maker-checker approval required before posting.
TX,FB70,TECHNICAL_USER,NOT_MANUAL,NO,"Posted by technical/system user, treated as automated/system-generated."
TX,FB70,NON_TECHNICAL_USER,MANUAL,YES,Human-initiated posting with high-risk tcode and/or high-risk document type; maker-checker approval required before posting.
TX,FBA7,TECHNICAL_USER,NOT_MANUAL,NO,"Posted by technical/system user, treated as automated/system-generated."
TX,FBA7,NON_TECHNICAL_USER,MANUAL,YES,Human-initiated posting with high-risk tcode and/or high-risk document type; maker-checker approval required before posting.
TX,FBB1,TECHNICAL_USER,NOT_MANUAL,NO,"Posted by technical/system user, treated as automated/system-generated."
TX,FBB1,NON_TECHNICAL_USER,MANUAL,YES,Human-initiated posting with high-risk tcode and/or high-risk document type; maker-checker approval required before posting.
TX,FBD5,TECHNICAL_USER,NOT_MANUAL,NO,"Posted by technical/system user, treated as automated/system-generated."
TX,FBD5,NON_TECHNICAL_USER,MANUAL,YES,Human-initiated posting with high-risk tcode and/or high-risk document type; maker-checker approval required before posting.
TX,FBDC_C002,TECHNICAL_USER,NOT_MANUAL,NO,"Posted by technical/system user, treated as automated/system-generated."
TX,FBDC_C002,NON_TECHNICAL_USER,MANUAL,YES,Human-initiated posting with high-risk tcode and/or high-risk document type; maker-checker approval required before posting.
TX,FBDC_C014,TECHNICAL_USER,NOT_MANUAL,NO,"Posted by technical/system user, treated as automated/system-generated."
TX,FBDC_C014,NON_TECHNICAL_USER,MANUAL,YES,Human-initiated posting with high-risk tcode and/or high-risk document type; maker-checker approval required before posting.
TX,FBDC_C022,TECHNICAL_USER,NOT_MANUAL,NO,"Posted by technical/system user, treated as automated/system-generated."
TX,FBDC_C022,NON_TECHNICAL_USER,MANUAL,YES,Human-initiated posting with high-risk tcode and/or high-risk document type; maker-checker approval required before posting.
TX,FBDC_C024,TECHNICAL_USER,NOT_MANUAL,NO,"Posted by technical/system user, treated as automated/system-generated."
TX,FBDC_C024,NON_TECHNICAL_USER,MANUAL,YES,Human-initiated posting with high-risk tcode and/or high-risk document type; maker-checker approval required before posting.
TX,FBDC_C080,TECHNICAL_USER,NOT_MANUAL,NO,"Posted by technical/system user, treated as automated/system-generated."
TX,FBDC_C080,NON_TECHNICAL_USER,MANUAL,YES,Human-initiated posting with high-risk tcode and/or high-risk document type; maker-checker approval required before posting.
TX,FBDC_P001,TECHNICAL_USER,NOT_MANUAL,NO,"Posted by technical/system user, treated as automated/system-generated."
TX,FBDC_P001,NON_TECHNICAL_USER,MANUAL,YES,Human-initiated posting with high-risk tcode and/or high-risk document type; maker-checker approval required before posting.
TX,FBL1N,TECHNICAL_USER,NOT_MANUAL,NO,"Posted by technical/system user, treated as automated/system-generated."
TX,FBL1N,NON_TECHNICAL_USER,NOT_MANUAL,NO,ERP transaction code is system/batch/process driven.
TX,FBVB,TECHNICAL_USER,NOT_MANUAL,NO,"Posted by technical/system user, treated as automated/system-generated."
TX,FBVB,NON_TECHNICAL_USER,NOT_MANUAL,NO,ERP transaction code is system/batch/process driven.
TX,FBZ2,TECHNICAL_USER,NOT_MANUAL,NO,"Posted by technical/system user, treated as automated/system-generated."
TX,FBZ2,NON_TECHNICAL_USER,MANUAL,YES,Human-initiated posting with high-risk tcode and/or high-risk document type; maker-checker approval required before posting.
TX,FV60,TECHNICAL_USER,NOT_MANUAL,NO,"Posted by technical/system user, treated as automated/system-generated."
TX,FV60,NON_TECHNICAL_USER,MANUAL,YES,Human-initiated posting with high-risk tcode and/or high-risk document type; maker-checker approval required before posting.
TX,KO88,TECHNICAL_USER,NOT_MANUAL,NO,"Posted by technical/system user, treated as automated/system-generated."
TX,KO88,NON_TECHNICAL_USER,NOT_MANUAL,NO,ERP transaction code is system/batch/process driven.
TX,KO8G,TECHNICAL_USER,NOT_MANUAL,NO,"Posted by technical/system user, treated as automated/system-generated."
TX,KO8G,NON_TECHNICAL_USER,NOT_MANUAL,NO,ERP transaction code is system/batch/process driven.
TX,KSV5,TECHNICAL_USER,NOT_MANUAL,NO,"Posted by technical/system user, treated as automated/system-generated."
TX,KSV5,NON_TECHNICAL_USER,NOT_MANUAL,NO,ERP transaction code is system/batch/process driven.
TX,LSMW,TECHNICAL_USER,NOT_MANUAL,NO,"Posted by technical/system user, treated as automated/system-generated."
TX,LSMW,NON_TECHNICAL_USER,MANUAL,YES,Human-initiated posting with high-risk tcode and/or high-risk document type; maker-checker approval required before posting.
TX,MIR4,TECHNICAL_USER,NOT_MANUAL,NO,"Posted by technical/system user, treated as automated/system-generated."
TX,MIR4,NON_TECHNICAL_USER,NOT_MANUAL,NO,ERP transaction code is system/batch/process driven.
TX,MIRO,TECHNICAL_USER,NOT_MANUAL,NO,"Posted by technical/system user, treated as automated/system-generated."
TX,MIRO,NON_TECHNICAL_USER,MANUAL,YES,Human-initiated posting with high-risk tcode and/or high-risk document type; maker-checker approval required before posting.
TX,MR8M,TECHNICAL_USER,NOT_MANUAL,NO,"Posted by technical/system user, treated as automated/system-generated."
TX,MR8M,NON_TECHNICAL_USER,MANUAL,YES,Human-initiated posting with high-risk tcode and/or high-risk document type; maker-checker approval required before posting.
TX,ZFI_ADP,TECHNICAL_USER,NOT_MANUAL,NO,"Posted by technical/system user, treated as automated/system-generated."
TX,ZFI_ADP,NON_TECHNICAL_USER,MANUAL,YES,Human-initiated posting with high-risk tcode and/or high-risk document type; maker-checker approval required before posting.
TX,ZLIA_COCKPIT,TECHNICAL_USER,NOT_MANUAL,NO,"Posted by technical/system user, treated as automated/system-generated."
TX,ZLIA_COCKPIT,NON_TECHNICAL_USER,NOT_MANUAL,NO,ERP transaction code is system/batch/process driven.
TX,ZMM_CARGA_MIRO_MX,TECHNICAL_USER,NOT_MANUAL,NO,"Posted by technical/system user, treated as automated/system-generated."
TX,ZMM_CARGA_MIRO_MX,NON_TECHNICAL_USER,MANUAL,YES,Human-initiated posting with high-risk tcode and/or high-risk document type; maker-checker approval required before posting.
VC,,TECHNICAL_USER,NOT_MANUAL,NO,"Posted by technical/system user, treated as automated/system-generated."
VC,,NON_TECHNICAL_USER,NOT_MANUAL,NO,ERP transaction code is system/batch/process driven.
VC,AB01L,TECHNICAL_USER,NOT_MANUAL,NO,"Posted by technical/system user, treated as automated/system-generated."
VC,AB01L,NON_TECHNICAL_USER,MANUAL,YES,Human-initiated posting with high-risk tcode and/or high-risk document type; maker-checker approval required before posting.
VC,AB08,TECHNICAL_USER,NOT_MANUAL,NO,"Posted by technical/system user, treated as automated/system-generated."
VC,AB08,NON_TECHNICAL_USER,MANUAL,YES,Human-initiated posting with high-risk tcode and/or high-risk document type; maker-checker approval required before posting.
VC,ABAVN,TECHNICAL_USER,NOT_MANUAL,NO,"Posted by technical/system user, treated as automated/system-generated."
VC,ABAVN,NON_TECHNICAL_USER,MANUAL,YES,Human-initiated posting with high-risk tcode and/or high-risk document type; maker-checker approval required before posting.
VC,ABUMN,TECHNICAL_USER,NOT_MANUAL,NO,"Posted by technical/system user, treated as automated/system-generated."
VC,ABUMN,NON_TECHNICAL_USER,MANUAL,YES,Human-initiated posting with high-risk tcode and/or high-risk document type; maker-checker approval required before posting.
VC,ABZON,TECHNICAL_USER,NOT_MANUAL,NO,"Posted by technical/system user, treated as automated/system-generated."
VC,ABZON,NON_TECHNICAL_USER,MANUAL,YES,Human-initiated posting with high-risk tcode and/or high-risk document type; maker-checker approval required before posting.
VC,AFABN,TECHNICAL_USER,NOT_MANUAL,NO,"Posted by technical/system user, treated as automated/system-generated."
VC,AFABN,NON_TECHNICAL_USER,NOT_MANUAL,NO,ERP transaction code is system/batch/process driven.
VC,AS02,TECHNICAL_USER,NOT_MANUAL,NO,"Posted by technical/system user, treated as automated/system-generated."
VC,AS02,NON_TECHNICAL_USER,MANUAL,YES,Human-initiated posting with high-risk tcode and/or high-risk document type; maker-checker approval required before posting.
VC,F110,TECHNICAL_USER,NOT_MANUAL,NO,"Posted by technical/system user, treated as automated/system-generated."
VC,F110,NON_TECHNICAL_USER,NOT_MANUAL,NO,ERP transaction code is system/batch/process driven.
VC,F111,TECHNICAL_USER,NOT_MANUAL,NO,"Posted by technical/system user, treated as automated/system-generated."
VC,F111,NON_TECHNICAL_USER,NOT_MANUAL,NO,ERP transaction code is system/batch/process driven.
VC,FAGL_IT_02,TECHNICAL_USER,NOT_MANUAL,NO,"Posted by technical/system user, treated as automated/system-generated."
VC,FAGL_IT_02,NON_TECHNICAL_USER,NOT_MANUAL,NO,ERP transaction code is system/batch/process driven.
VC,FB01,TECHNICAL_USER,NOT_MANUAL,NO,"Posted by technical/system user, treated as automated/system-generated."
VC,FB01,NON_TECHNICAL_USER,MANUAL,YES,Human-initiated posting with high-risk tcode and/or high-risk document type; maker-checker approval required before posting.
VC,FB05,TECHNICAL_USER,NOT_MANUAL,NO,"Posted by technical/system user, treated as automated/system-generated."
VC,FB05,NON_TECHNICAL_USER,MANUAL,YES,Human-initiated posting with high-risk tcode and/or high-risk document type; maker-checker approval required before posting.
VC,FB08,TECHNICAL_USER,NOT_MANUAL,NO,"Posted by technical/system user, treated as automated/system-generated."
VC,FB08,NON_TECHNICAL_USER,MANUAL,YES,Human-initiated posting with high-risk tcode and/or high-risk document type; maker-checker approval required before posting.
VC,FB1K,TECHNICAL_USER,NOT_MANUAL,NO,"Posted by technical/system user, treated as automated/system-generated."
VC,FB1K,NON_TECHNICAL_USER,MANUAL,YES,Human-initiated posting with high-risk tcode and/or high-risk document type; maker-checker approval required before posting.
VC,FB1S,TECHNICAL_USER,NOT_MANUAL,NO,"Posted by technical/system user, treated as automated/system-generated."
VC,FB1S,NON_TECHNICAL_USER,MANUAL,YES,Human-initiated posting with high-risk tcode and/or high-risk document type; maker-checker approval required before posting.
VC,FB70,TECHNICAL_USER,NOT_MANUAL,NO,"Posted by technical/system user, treated as automated/system-generated."
VC,FB70,NON_TECHNICAL_USER,MANUAL,YES,Human-initiated posting with high-risk tcode and/or high-risk document type; maker-checker approval required before posting.
VC,FBA7,TECHNICAL_USER,NOT_MANUAL,NO,"Posted by technical/system user, treated as automated/system-generated."
VC,FBA7,NON_TECHNICAL_USER,MANUAL,YES,Human-initiated posting with high-risk tcode and/or high-risk document type; maker-checker approval required before posting.
VC,FBB1,TECHNICAL_USER,NOT_MANUAL,NO,"Posted by technical/system user, treated as automated/system-generated."
VC,FBB1,NON_TECHNICAL_USER,MANUAL,YES,Human-initiated posting with high-risk tcode and/or high-risk document type; maker-checker approval required before posting.
VC,FBD5,TECHNICAL_USER,NOT_MANUAL,NO,"Posted by technical/system user, treated as automated/system-generated."
VC,FBD5,NON_TECHNICAL_USER,MANUAL,YES,Human-initiated posting with high-risk tcode and/or high-risk document type; maker-checker approval required before posting.
VC,FBDC_C002,TECHNICAL_USER,NOT_MANUAL,NO,"Posted by technical/system user, treated as automated/system-generated."
VC,FBDC_C002,NON_TECHNICAL_USER,MANUAL,YES,Human-initiated posting with high-risk tcode and/or high-risk document type; maker-checker approval required before posting.
VC,FBDC_C014,TECHNICAL_USER,NOT_MANUAL,NO,"Posted by technical/system user, treated as automated/system-generated."
VC,FBDC_C014,NON_TECHNICAL_USER,MANUAL,YES,Human-initiated posting with high-risk tcode and/or high-risk document type; maker-checker approval required before posting.
VC,FBDC_C022,TECHNICAL_USER,NOT_MANUAL,NO,"Posted by technical/system user, treated as automated/system-generated."
VC,FBDC_C022,NON_TECHNICAL_USER,MANUAL,YES,Human-initiated posting with high-risk tcode and/or high-risk document type; maker-checker approval required before posting.
VC,FBDC_C024,TECHNICAL_USER,NOT_MANUAL,NO,"Posted by technical/system user, treated as automated/system-generated."
VC,FBDC_C024,NON_TECHNICAL_USER,MANUAL,YES,Human-initiated posting with high-risk tcode and/or high-risk document type; maker-checker approval required before posting.
VC,FBDC_C080,TECHNICAL_USER,NOT_MANUAL,NO,"Posted by technical/system user, treated as automated/system-generated."
VC,FBDC_C080,NON_TECHNICAL_USER,MANUAL,YES,Human-initiated posting with high-risk tcode and/or high-risk document type; maker-checker approval required before posting.
VC,FBDC_P001,TECHNICAL_USER,NOT_MANUAL,NO,"Posted by technical/system user, treated as automated/system-generated."
VC,FBDC_P001,NON_TECHNICAL_USER,MANUAL,YES,Human-initiated posting with high-risk tcode and/or high-risk document type; maker-checker approval required before posting.
VC,FBL1N,TECHNICAL_USER,NOT_MANUAL,NO,"Posted by technical/system user, treated as automated/system-generated."
VC,FBL1N,NON_TECHNICAL_USER,NOT_MANUAL,NO,ERP transaction code is system/batch/process driven.
VC,FBVB,TECHNICAL_USER,NOT_MANUAL,NO,"Posted by technical/system user, treated as automated/system-generated."
VC,FBVB,NON_TECHNICAL_USER,NOT_MANUAL,NO,ERP transaction code is system/batch/process driven.
VC,FBZ2,TECHNICAL_USER,NOT_MANUAL,NO,"Posted by technical/system user, treated as automated/system-generated."
VC,FBZ2,NON_TECHNICAL_USER,MANUAL,YES,Human-initiated posting with high-risk tcode and/or high-risk document type; maker-checker approval required before posting.
VC,FV60,TECHNICAL_USER,NOT_MANUAL,NO,"Posted by technical/system user, treated as automated/system-generated."
VC,FV60,NON_TECHNICAL_USER,MANUAL,YES,Human-initiated posting with high-risk tcode and/or high-risk document type; maker-checker approval required before posting.
VC,KO88,TECHNICAL_USER,NOT_MANUAL,NO,"Posted by technical/system user, treated as automated/system-generated."
VC,KO88,NON_TECHNICAL_USER,NOT_MANUAL,NO,ERP transaction code is system/batch/process driven.
VC,KO8G,TECHNICAL_USER,NOT_MANUAL,NO,"Posted by technical/system user, treated as automated/system-generated."
VC,KO8G,NON_TECHNICAL_USER,NOT_MANUAL,NO,ERP transaction code is system/batch/process driven.
VC,KSV5,TECHNICAL_USER,NOT_MANUAL,NO,"Posted by technical/system user, treated as automated/system-generated."
VC,KSV5,NON_TECHNICAL_USER,NOT_MANUAL,NO,ERP transaction code is system/batch/process driven.
VC,LSMW,TECHNICAL_USER,NOT_MANUAL,NO,"Posted by technical/system user, treated as automated/system-generated."
VC,LSMW,NON_TECHNICAL_USER,MANUAL,YES,Human-initiated posting with high-risk tcode and/or high-risk document type; maker-checker approval required before posting.
VC,MIR4,TECHNICAL_USER,NOT_MANUAL,NO,"Posted by technical/system user, treated as automated/system-generated."
VC,MIR4,NON_TECHNICAL_USER,NOT_MANUAL,NO,ERP transaction code is system/batch/process driven.
VC,MIRO,TECHNICAL_USER,NOT_MANUAL,NO,"Posted by technical/system user, treated as automated/system-generated."
VC,MIRO,NON_TECHNICAL_USER,MANUAL,YES,Human-initiated posting with high-risk tcode and/or high-risk document type; maker-checker approval required before posting.
VC,MR8M,TECHNICAL_USER,NOT_MANUAL,NO,"Posted by technical/system user, treated as automated/system-generated."
VC,MR8M,NON_TECHNICAL_USER,MANUAL,YES,Human-initiated posting with high-risk tcode and/or high-risk document type; maker-checker approval required before posting.
VC,ZFI_ADP,TECHNICAL_USER,NOT_MANUAL,NO,"Posted by technical/system user, treated as automated/system-generated."
VC,ZFI_ADP,NON_TECHNICAL_USER,MANUAL,YES,Human-initiated posting with high-risk tcode and/or high-risk document type; maker-checker approval required before posting.
VC,ZLIA_COCKPIT,TECHNICAL_USER,NOT_MANUAL,NO,"Posted by technical/system user, treated as automated/system-generated."
VC,ZLIA_COCKPIT,NON_TECHNICAL_USER,NOT_MANUAL,NO,ERP transaction code is system/batch/process driven.
VC,ZMM_CARGA_MIRO_MX,TECHNICAL_USER,NOT_MANUAL,NO,"Posted by technical/system user, treated as automated/system-generated."
VC,ZMM_CARGA_MIRO_MX,NON_TECHNICAL_USER,MANUAL,YES,Human-initiated posting with high-risk tcode and/or high-risk document type; maker-checker approval required before posting.
YA,,TECHNICAL_USER,NOT_MANUAL,NO,"Posted by technical/system user, treated as automated/system-generated."
YA,,NON_TECHNICAL_USER,NOT_MANUAL,NO,ERP transaction code is system/batch/process driven.
YA,AB01L,TECHNICAL_USER,NOT_MANUAL,NO,"Posted by technical/system user, treated as automated/system-generated."
YA,AB01L,NON_TECHNICAL_USER,MANUAL,YES,Human-initiated posting with high-risk tcode and/or high-risk document type; maker-checker approval required before posting.
YA,AB08,TECHNICAL_USER,NOT_MANUAL,NO,"Posted by technical/system user, treated as automated/system-generated."
YA,AB08,NON_TECHNICAL_USER,MANUAL,YES,Human-initiated posting with high-risk tcode and/or high-risk document type; maker-checker approval required before posting.
YA,ABAVN,TECHNICAL_USER,NOT_MANUAL,NO,"Posted by technical/system user, treated as automated/system-generated."
YA,ABAVN,NON_TECHNICAL_USER,MANUAL,YES,Human-initiated posting with high-risk tcode and/or high-risk document type; maker-checker approval required before posting.
YA,ABUMN,TECHNICAL_USER,NOT_MANUAL,NO,"Posted by technical/system user, treated as automated/system-generated."
YA,ABUMN,NON_TECHNICAL_USER,MANUAL,YES,Human-initiated posting with high-risk tcode and/or high-risk document type; maker-checker approval required before posting.
YA,ABZON,TECHNICAL_USER,NOT_MANUAL,NO,"Posted by technical/system user, treated as automated/system-generated."
YA,ABZON,NON_TECHNICAL_USER,MANUAL,YES,Human-initiated posting with high-risk tcode and/or high-risk document type; maker-checker approval required before posting.
YA,AFABN,TECHNICAL_USER,NOT_MANUAL,NO,"Posted by technical/system user, treated as automated/system-generated."
YA,AFABN,NON_TECHNICAL_USER,NOT_MANUAL,NO,ERP transaction code is system/batch/process driven.
YA,AS02,TECHNICAL_USER,NOT_MANUAL,NO,"Posted by technical/system user, treated as automated/system-generated."
YA,AS02,NON_TECHNICAL_USER,MANUAL,YES,Human-initiated posting with high-risk tcode and/or high-risk document type; maker-checker approval required before posting.
YA,F110,TECHNICAL_USER,NOT_MANUAL,NO,"Posted by technical/system user, treated as automated/system-generated."
YA,F110,NON_TECHNICAL_USER,NOT_MANUAL,NO,ERP transaction code is system/batch/process driven.
YA,F111,TECHNICAL_USER,NOT_MANUAL,NO,"Posted by technical/system user, treated as automated/system-generated."
YA,F111,NON_TECHNICAL_USER,NOT_MANUAL,NO,ERP transaction code is system/batch/process driven.
YA,FAGL_IT_02,TECHNICAL_USER,NOT_MANUAL,NO,"Posted by technical/system user, treated as automated/system-generated."
YA,FAGL_IT_02,NON_TECHNICAL_USER,NOT_MANUAL,NO,ERP transaction code is system/batch/process driven.
YA,FB01,TECHNICAL_USER,NOT_MANUAL,NO,"Posted by technical/system user, treated as automated/system-generated."
YA,FB01,NON_TECHNICAL_USER,MANUAL,YES,Human-initiated posting with high-risk tcode and/or high-risk document type; maker-checker approval required before posting.
YA,FB05,TECHNICAL_USER,NOT_MANUAL,NO,"Posted by technical/system user, treated as automated/system-generated."
YA,FB05,NON_TECHNICAL_USER,MANUAL,NO,"Human-initiated posting, but operational document/tcode pattern; standard workflow controls apply."
YA,FB08,TECHNICAL_USER,NOT_MANUAL,NO,"Posted by technical/system user, treated as automated/system-generated."
YA,FB08,NON_TECHNICAL_USER,MANUAL,YES,Human-initiated posting with high-risk tcode and/or high-risk document type; maker-checker approval required before posting.
YA,FB1K,TECHNICAL_USER,NOT_MANUAL,NO,"Posted by technical/system user, treated as automated/system-generated."
YA,FB1K,NON_TECHNICAL_USER,MANUAL,NO,"Human-initiated posting, but operational document/tcode pattern; standard workflow controls apply."
YA,FB1S,TECHNICAL_USER,NOT_MANUAL,NO,"Posted by technical/system user, treated as automated/system-generated."
YA,FB1S,NON_TECHNICAL_USER,MANUAL,NO,"Human-initiated posting, but operational document/tcode pattern; standard workflow controls apply."
YA,FB70,TECHNICAL_USER,NOT_MANUAL,NO,"Posted by technical/system user, treated as automated/system-generated."
YA,FB70,NON_TECHNICAL_USER,MANUAL,NO,"Human-initiated posting, but operational document/tcode pattern; standard workflow controls apply."
YA,FBA7,TECHNICAL_USER,NOT_MANUAL,NO,"Posted by technical/system user, treated as automated/system-generated."
YA,FBA7,NON_TECHNICAL_USER,MANUAL,NO,"Human-initiated posting, but operational document/tcode pattern; standard workflow controls apply."
YA,FBB1,TECHNICAL_USER,NOT_MANUAL,NO,"Posted by technical/system user, treated as automated/system-generated."
YA,FBB1,NON_TECHNICAL_USER,MANUAL,YES,Human-initiated posting with high-risk tcode and/or high-risk document type; maker-checker approval required before posting.
YA,FBD5,TECHNICAL_USER,NOT_MANUAL,NO,"Posted by technical/system user, treated as automated/system-generated."
YA,FBD5,NON_TECHNICAL_USER,MANUAL,YES,Human-initiated posting with high-risk tcode and/or high-risk document type; maker-checker approval required before posting.
YA,FBDC_C002,TECHNICAL_USER,NOT_MANUAL,NO,"Posted by technical/system user, treated as automated/system-generated."
YA,FBDC_C002,NON_TECHNICAL_USER,MANUAL,NO,"Human-initiated posting, but operational document/tcode pattern; standard workflow controls apply."
YA,FBDC_C014,TECHNICAL_USER,NOT_MANUAL,NO,"Posted by technical/system user, treated as automated/system-generated."
YA,FBDC_C014,NON_TECHNICAL_USER,MANUAL,NO,"Human-initiated posting, but operational document/tcode pattern; standard workflow controls apply."
YA,FBDC_C022,TECHNICAL_USER,NOT_MANUAL,NO,"Posted by technical/system user, treated as automated/system-generated."
YA,FBDC_C022,NON_TECHNICAL_USER,MANUAL,NO,"Human-initiated posting, but operational document/tcode pattern; standard workflow controls apply."
YA,FBDC_C024,TECHNICAL_USER,NOT_MANUAL,NO,"Posted by technical/system user, treated as automated/system-generated."
YA,FBDC_C024,NON_TECHNICAL_USER,MANUAL,NO,"Human-initiated posting, but operational document/tcode pattern; standard workflow controls apply."
YA,FBDC_C080,TECHNICAL_USER,NOT_MANUAL,NO,"Posted by technical/system user, treated as automated/system-generated."
YA,FBDC_C080,NON_TECHNICAL_USER,MANUAL,NO,"Human-initiated posting, but operational document/tcode pattern; standard workflow controls apply."
YA,FBDC_P001,TECHNICAL_USER,NOT_MANUAL,NO,"Posted by technical/system user, treated as automated/system-generated."
YA,FBDC_P001,NON_TECHNICAL_USER,MANUAL,YES,Human-initiated posting with high-risk tcode and/or high-risk document type; maker-checker approval required before posting.
YA,FBL1N,TECHNICAL_USER,NOT_MANUAL,NO,"Posted by technical/system user, treated as automated/system-generated."
YA,FBL1N,NON_TECHNICAL_USER,NOT_MANUAL,NO,ERP transaction code is system/batch/process driven.
YA,FBVB,TECHNICAL_USER,NOT_MANUAL,NO,"Posted by technical/system user, treated as automated/system-generated."
YA,FBVB,NON_TECHNICAL_USER,NOT_MANUAL,NO,ERP transaction code is system/batch/process driven.
YA,FBZ2,TECHNICAL_USER,NOT_MANUAL,NO,"Posted by technical/system user, treated as automated/system-generated."
YA,FBZ2,NON_TECHNICAL_USER,MANUAL,NO,"Human-initiated posting, but operational document/tcode pattern; standard workflow controls apply."
YA,FV60,TECHNICAL_USER,NOT_MANUAL,NO,"Posted by technical/system user, treated as automated/system-generated."
YA,FV60,NON_TECHNICAL_USER,MANUAL,NO,"Human-initiated posting, but operational document/tcode pattern; standard workflow controls apply."
YA,KO88,TECHNICAL_USER,NOT_MANUAL,NO,"Posted by technical/system user, treated as automated/system-generated."
YA,KO88,NON_TECHNICAL_USER,NOT_MANUAL,NO,ERP transaction code is system/batch/process driven.
YA,KO8G,TECHNICAL_USER,NOT_MANUAL,NO,"Posted by technical/system user, treated as automated/system-generated."
YA,KO8G,NON_TECHNICAL_USER,NOT_MANUAL,NO,ERP transaction code is system/batch/process driven.
YA,KSV5,TECHNICAL_USER,NOT_MANUAL,NO,"Posted by technical/system user, treated as automated/system-generated."
YA,KSV5,NON_TECHNICAL_USER,NOT_MANUAL,NO,ERP transaction code is system/batch/process driven.
YA,LSMW,TECHNICAL_USER,NOT_MANUAL,NO,"Posted by technical/system user, treated as automated/system-generated."
YA,LSMW,NON_TECHNICAL_USER,MANUAL,YES,Human-initiated posting with high-risk tcode and/or high-risk document type; maker-checker approval required before posting.
YA,MIR4,TECHNICAL_USER,NOT_MANUAL,NO,"Posted by technical/system user, treated as automated/system-generated."
YA,MIR4,NON_TECHNICAL_USER,NOT_MANUAL,NO,ERP transaction code is system/batch/process driven.
YA,MIRO,TECHNICAL_USER,NOT_MANUAL,NO,"Posted by technical/system user, treated as automated/system-generated."
YA,MIRO,NON_TECHNICAL_USER,MANUAL,NO,"Human-initiated posting, but operational document/tcode pattern; standard workflow controls apply."
YA,MR8M,TECHNICAL_USER,NOT_MANUAL,NO,"Posted by technical/system user, treated as automated/system-generated."
YA,MR8M,NON_TECHNICAL_USER,MANUAL,NO,"Human-initiated posting, but operational document/tcode pattern; standard workflow controls apply."
YA,ZFI_ADP,TECHNICAL_USER,NOT_MANUAL,NO,"Posted by technical/system user, treated as automated/system-generated."
YA,ZFI_ADP,NON_TECHNICAL_USER,MANUAL,YES,Human-initiated posting with high-risk tcode and/or high-risk document type; maker-checker approval required before posting.
YA,ZLIA_COCKPIT,TECHNICAL_USER,NOT_MANUAL,NO,"Posted by technical/system user, treated as automated/system-generated."
YA,ZLIA_COCKPIT,NON_TECHNICAL_USER,NOT_MANUAL,NO,ERP transaction code is system/batch/process driven.
YA,ZMM_CARGA_MIRO_MX,TECHNICAL_USER,NOT_MANUAL,NO,"Posted by technical/system user, treated as automated/system-generated."
YA,ZMM_CARGA_MIRO_MX,NON_TECHNICAL_USER,MANUAL,NO,"Human-initiated posting, but operational document/tcode pattern; standard workflow controls apply."
YB,,TECHNICAL_USER,NOT_MANUAL,NO,"Posted by technical/system user, treated as automated/system-generated."
YB,,NON_TECHNICAL_USER,NOT_MANUAL,NO,ERP transaction code is system/batch/process driven.
YB,AB01L,TECHNICAL_USER,NOT_MANUAL,NO,"Posted by technical/system user, treated as automated/system-generated."
YB,AB01L,NON_TECHNICAL_USER,MANUAL,YES,Human-initiated posting with high-risk tcode and/or high-risk document type; maker-checker approval required before posting.
YB,AB08,TECHNICAL_USER,NOT_MANUAL,NO,"Posted by technical/system user, treated as automated/system-generated."
YB,AB08,NON_TECHNICAL_USER,MANUAL,YES,Human-initiated posting with high-risk tcode and/or high-risk document type; maker-checker approval required before posting.
YB,ABAVN,TECHNICAL_USER,NOT_MANUAL,NO,"Posted by technical/system user, treated as automated/system-generated."
YB,ABAVN,NON_TECHNICAL_USER,MANUAL,YES,Human-initiated posting with high-risk tcode and/or high-risk document type; maker-checker approval required before posting.
YB,ABUMN,TECHNICAL_USER,NOT_MANUAL,NO,"Posted by technical/system user, treated as automated/system-generated."
YB,ABUMN,NON_TECHNICAL_USER,MANUAL,YES,Human-initiated posting with high-risk tcode and/or high-risk document type; maker-checker approval required before posting.
YB,ABZON,TECHNICAL_USER,NOT_MANUAL,NO,"Posted by technical/system user, treated as automated/system-generated."
YB,ABZON,NON_TECHNICAL_USER,MANUAL,YES,Human-initiated posting with high-risk tcode and/or high-risk document type; maker-checker approval required before posting.
YB,AFABN,TECHNICAL_USER,NOT_MANUAL,NO,"Posted by technical/system user, treated as automated/system-generated."
YB,AFABN,NON_TECHNICAL_USER,NOT_MANUAL,NO,ERP transaction code is system/batch/process driven.
YB,AS02,TECHNICAL_USER,NOT_MANUAL,NO,"Posted by technical/system user, treated as automated/system-generated."
YB,AS02,NON_TECHNICAL_USER,MANUAL,YES,Human-initiated posting with high-risk tcode and/or high-risk document type; maker-checker approval required before posting.
YB,F110,TECHNICAL_USER,NOT_MANUAL,NO,"Posted by technical/system user, treated as automated/system-generated."
YB,F110,NON_TECHNICAL_USER,NOT_MANUAL,NO,ERP transaction code is system/batch/process driven.
YB,F111,TECHNICAL_USER,NOT_MANUAL,NO,"Posted by technical/system user, treated as automated/system-generated."
YB,F111,NON_TECHNICAL_USER,NOT_MANUAL,NO,ERP transaction code is system/batch/process driven.
YB,FAGL_IT_02,TECHNICAL_USER,NOT_MANUAL,NO,"Posted by technical/system user, treated as automated/system-generated."
YB,FAGL_IT_02,NON_TECHNICAL_USER,NOT_MANUAL,NO,ERP transaction code is system/batch/process driven.
YB,FB01,TECHNICAL_USER,NOT_MANUAL,NO,"Posted by technical/system user, treated as automated/system-generated."
YB,FB01,NON_TECHNICAL_USER,MANUAL,YES,Human-initiated posting with high-risk tcode and/or high-risk document type; maker-checker approval required before posting.
YB,FB05,TECHNICAL_USER,NOT_MANUAL,NO,"Posted by technical/system user, treated as automated/system-generated."
YB,FB05,NON_TECHNICAL_USER,MANUAL,NO,"Human-initiated posting, but operational document/tcode pattern; standard workflow controls apply."
YB,FB08,TECHNICAL_USER,NOT_MANUAL,NO,"Posted by technical/system user, treated as automated/system-generated."
YB,FB08,NON_TECHNICAL_USER,MANUAL,YES,Human-initiated posting with high-risk tcode and/or high-risk document type; maker-checker approval required before posting.
YB,FB1K,TECHNICAL_USER,NOT_MANUAL,NO,"Posted by technical/system user, treated as automated/system-generated."
YB,FB1K,NON_TECHNICAL_USER,MANUAL,NO,"Human-initiated posting, but operational document/tcode pattern; standard workflow controls apply."
YB,FB1S,TECHNICAL_USER,NOT_MANUAL,NO,"Posted by technical/system user, treated as automated/system-generated."
YB,FB1S,NON_TECHNICAL_USER,MANUAL,NO,"Human-initiated posting, but operational document/tcode pattern; standard workflow controls apply."
YB,FB70,TECHNICAL_USER,NOT_MANUAL,NO,"Posted by technical/system user, treated as automated/system-generated."
YB,FB70,NON_TECHNICAL_USER,MANUAL,NO,"Human-initiated posting, but operational document/tcode pattern; standard workflow controls apply."
YB,FBA7,TECHNICAL_USER,NOT_MANUAL,NO,"Posted by technical/system user, treated as automated/system-generated."
YB,FBA7,NON_TECHNICAL_USER,MANUAL,NO,"Human-initiated posting, but operational document/tcode pattern; standard workflow controls apply."
YB,FBB1,TECHNICAL_USER,NOT_MANUAL,NO,"Posted by technical/system user, treated as automated/system-generated."
YB,FBB1,NON_TECHNICAL_USER,MANUAL,YES,Human-initiated posting with high-risk tcode and/or high-risk document type; maker-checker approval required before posting.
YB,FBD5,TECHNICAL_USER,NOT_MANUAL,NO,"Posted by technical/system user, treated as automated/system-generated."
YB,FBD5,NON_TECHNICAL_USER,MANUAL,YES,Human-initiated posting with high-risk tcode and/or high-risk document type; maker-checker approval required before posting.
YB,FBDC_C002,TECHNICAL_USER,NOT_MANUAL,NO,"Posted by technical/system user, treated as automated/system-generated."
YB,FBDC_C002,NON_TECHNICAL_USER,MANUAL,NO,"Human-initiated posting, but operational document/tcode pattern; standard workflow controls apply."
YB,FBDC_C014,TECHNICAL_USER,NOT_MANUAL,NO,"Posted by technical/system user, treated as automated/system-generated."
YB,FBDC_C014,NON_TECHNICAL_USER,MANUAL,NO,"Human-initiated posting, but operational document/tcode pattern; standard workflow controls apply."
YB,FBDC_C022,TECHNICAL_USER,NOT_MANUAL,NO,"Posted by technical/system user, treated as automated/system-generated."
YB,FBDC_C022,NON_TECHNICAL_USER,MANUAL,NO,"Human-initiated posting, but operational document/tcode pattern; standard workflow controls apply."
YB,FBDC_C024,TECHNICAL_USER,NOT_MANUAL,NO,"Posted by technical/system user, treated as automated/system-generated."
YB,FBDC_C024,NON_TECHNICAL_USER,MANUAL,NO,"Human-initiated posting, but operational document/tcode pattern; standard workflow controls apply."
YB,FBDC_C080,TECHNICAL_USER,NOT_MANUAL,NO,"Posted by technical/system user, treated as automated/system-generated."
YB,FBDC_C080,NON_TECHNICAL_USER,MANUAL,NO,"Human-initiated posting, but operational document/tcode pattern; standard workflow controls apply."
YB,FBDC_P001,TECHNICAL_USER,NOT_MANUAL,NO,"Posted by technical/system user, treated as automated/system-generated."
YB,FBDC_P001,NON_TECHNICAL_USER,MANUAL,YES,Human-initiated posting with high-risk tcode and/or high-risk document type; maker-checker approval required before posting.
YB,FBL1N,TECHNICAL_USER,NOT_MANUAL,NO,"Posted by technical/system user, treated as automated/system-generated."
YB,FBL1N,NON_TECHNICAL_USER,NOT_MANUAL,NO,ERP transaction code is system/batch/process driven.
YB,FBVB,TECHNICAL_USER,NOT_MANUAL,NO,"Posted by technical/system user, treated as automated/system-generated."
YB,FBVB,NON_TECHNICAL_USER,NOT_MANUAL,NO,ERP transaction code is system/batch/process driven.
YB,FBZ2,TECHNICAL_USER,NOT_MANUAL,NO,"Posted by technical/system user, treated as automated/system-generated."
YB,FBZ2,NON_TECHNICAL_USER,MANUAL,NO,"Human-initiated posting, but operational document/tcode pattern; standard workflow controls apply."
YB,FV60,TECHNICAL_USER,NOT_MANUAL,NO,"Posted by technical/system user, treated as automated/system-generated."
YB,FV60,NON_TECHNICAL_USER,MANUAL,NO,"Human-initiated posting, but operational document/tcode pattern; standard workflow controls apply."
YB,KO88,TECHNICAL_USER,NOT_MANUAL,NO,"Posted by technical/system user, treated as automated/system-generated."
YB,KO88,NON_TECHNICAL_USER,NOT_MANUAL,NO,ERP transaction code is system/batch/process driven.
YB,KO8G,TECHNICAL_USER,NOT_MANUAL,NO,"Posted by technical/system user, treated as automated/system-generated."
YB,KO8G,NON_TECHNICAL_USER,NOT_MANUAL,NO,ERP transaction code is system/batch/process driven.
YB,KSV5,TECHNICAL_USER,NOT_MANUAL,NO,"Posted by technical/system user, treated as automated/system-generated."
YB,KSV5,NON_TECHNICAL_USER,NOT_MANUAL,NO,ERP transaction code is system/batch/process driven.
YB,LSMW,TECHNICAL_USER,NOT_MANUAL,NO,"Posted by technical/system user, treated as automated/system-generated."
YB,LSMW,NON_TECHNICAL_USER,MANUAL,YES,Human-initiated posting with high-risk tcode and/or high-risk document type; maker-checker approval required before posting.
YB,MIR4,TECHNICAL_USER,NOT_MANUAL,NO,"Posted by technical/system user, treated as automated/system-generated."
YB,MIR4,NON_TECHNICAL_USER,NOT_MANUAL,NO,ERP transaction code is system/batch/process driven.
YB,MIRO,TECHNICAL_USER,NOT_MANUAL,NO,"Posted by technical/system user, treated as automated/system-generated."
YB,MIRO,NON_TECHNICAL_USER,MANUAL,NO,"Human-initiated posting, but operational document/tcode pattern; standard workflow controls apply."
YB,MR8M,TECHNICAL_USER,NOT_MANUAL,NO,"Posted by technical/system user, treated as automated/system-generated."
YB,MR8M,NON_TECHNICAL_USER,MANUAL,NO,"Human-initiated posting, but operational document/tcode pattern; standard workflow controls apply."
YB,ZFI_ADP,TECHNICAL_USER,NOT_MANUAL,NO,"Posted by technical/system user, treated as automated/system-generated."
YB,ZFI_ADP,NON_TECHNICAL_USER,MANUAL,YES,Human-initiated posting with high-risk tcode and/or high-risk document type; maker-checker approval required before posting.
YB,ZLIA_COCKPIT,TECHNICAL_USER,NOT_MANUAL,NO,"Posted by technical/system user, treated as automated/system-generated."
YB,ZLIA_COCKPIT,NON_TECHNICAL_USER,NOT_MANUAL,NO,ERP transaction code is system/batch/process driven.
YB,ZMM_CARGA_MIRO_MX,TECHNICAL_USER,NOT_MANUAL,NO,"Posted by technical/system user, treated as automated/system-generated."
YB,ZMM_CARGA_MIRO_MX,NON_TECHNICAL_USER,MANUAL,NO,"Human-initiated posting, but operational document/tcode pattern; standard workflow controls apply."
YC,,TECHNICAL_USER,NOT_MANUAL,NO,"Posted by technical/system user, treated as automated/system-generated."
YC,,NON_TECHNICAL_USER,NOT_MANUAL,NO,ERP transaction code is system/batch/process driven.
YC,AB01L,TECHNICAL_USER,NOT_MANUAL,NO,"Posted by technical/system user, treated as automated/system-generated."
YC,AB01L,NON_TECHNICAL_USER,MANUAL,YES,Human-initiated posting with high-risk tcode and/or high-risk document type; maker-checker approval required before posting.
YC,AB08,TECHNICAL_USER,NOT_MANUAL,NO,"Posted by technical/system user, treated as automated/system-generated."
YC,AB08,NON_TECHNICAL_USER,MANUAL,YES,Human-initiated posting with high-risk tcode and/or high-risk document type; maker-checker approval required before posting.
YC,ABAVN,TECHNICAL_USER,NOT_MANUAL,NO,"Posted by technical/system user, treated as automated/system-generated."
YC,ABAVN,NON_TECHNICAL_USER,MANUAL,YES,Human-initiated posting with high-risk tcode and/or high-risk document type; maker-checker approval required before posting.
YC,ABUMN,TECHNICAL_USER,NOT_MANUAL,NO,"Posted by technical/system user, treated as automated/system-generated."
YC,ABUMN,NON_TECHNICAL_USER,MANUAL,YES,Human-initiated posting with high-risk tcode and/or high-risk document type; maker-checker approval required before posting.
YC,ABZON,TECHNICAL_USER,NOT_MANUAL,NO,"Posted by technical/system user, treated as automated/system-generated."
YC,ABZON,NON_TECHNICAL_USER,MANUAL,YES,Human-initiated posting with high-risk tcode and/or high-risk document type; maker-checker approval required before posting.
YC,AFABN,TECHNICAL_USER,NOT_MANUAL,NO,"Posted by technical/system user, treated as automated/system-generated."
YC,AFABN,NON_TECHNICAL_USER,NOT_MANUAL,NO,ERP transaction code is system/batch/process driven.
YC,AS02,TECHNICAL_USER,NOT_MANUAL,NO,"Posted by technical/system user, treated as automated/system-generated."
YC,AS02,NON_TECHNICAL_USER,MANUAL,YES,Human-initiated posting with high-risk tcode and/or high-risk document type; maker-checker approval required before posting.
YC,F110,TECHNICAL_USER,NOT_MANUAL,NO,"Posted by technical/system user, treated as automated/system-generated."
YC,F110,NON_TECHNICAL_USER,NOT_MANUAL,NO,ERP transaction code is system/batch/process driven.
YC,F111,TECHNICAL_USER,NOT_MANUAL,NO,"Posted by technical/system user, treated as automated/system-generated."
YC,F111,NON_TECHNICAL_USER,NOT_MANUAL,NO,ERP transaction code is system/batch/process driven.
YC,FAGL_IT_02,TECHNICAL_USER,NOT_MANUAL,NO,"Posted by technical/system user, treated as automated/system-generated."
YC,FAGL_IT_02,NON_TECHNICAL_USER,NOT_MANUAL,NO,ERP transaction code is system/batch/process driven.
YC,FB01,TECHNICAL_USER,NOT_MANUAL,NO,"Posted by technical/system user, treated as automated/system-generated."
YC,FB01,NON_TECHNICAL_USER,MANUAL,YES,Human-initiated posting with high-risk tcode and/or high-risk document type; maker-checker approval required before posting.
YC,FB05,TECHNICAL_USER,NOT_MANUAL,NO,"Posted by technical/system user, treated as automated/system-generated."
YC,FB05,NON_TECHNICAL_USER,MANUAL,NO,"Human-initiated posting, but operational document/tcode pattern; standard workflow controls apply."
YC,FB08,TECHNICAL_USER,NOT_MANUAL,NO,"Posted by technical/system user, treated as automated/system-generated."
YC,FB08,NON_TECHNICAL_USER,MANUAL,YES,Human-initiated posting with high-risk tcode and/or high-risk document type; maker-checker approval required before posting.
YC,FB1K,TECHNICAL_USER,NOT_MANUAL,NO,"Posted by technical/system user, treated as automated/system-generated."
YC,FB1K,NON_TECHNICAL_USER,MANUAL,NO,"Human-initiated posting, but operational document/tcode pattern; standard workflow controls apply."
YC,FB1S,TECHNICAL_USER,NOT_MANUAL,NO,"Posted by technical/system user, treated as automated/system-generated."
YC,FB1S,NON_TECHNICAL_USER,MANUAL,NO,"Human-initiated posting, but operational document/tcode pattern; standard workflow controls apply."
YC,FB70,TECHNICAL_USER,NOT_MANUAL,NO,"Posted by technical/system user, treated as automated/system-generated."
YC,FB70,NON_TECHNICAL_USER,MANUAL,NO,"Human-initiated posting, but operational document/tcode pattern; standard workflow controls apply."
YC,FBA7,TECHNICAL_USER,NOT_MANUAL,NO,"Posted by technical/system user, treated as automated/system-generated."
YC,FBA7,NON_TECHNICAL_USER,MANUAL,NO,"Human-initiated posting, but operational document/tcode pattern; standard workflow controls apply."
YC,FBB1,TECHNICAL_USER,NOT_MANUAL,NO,"Posted by technical/system user, treated as automated/system-generated."
YC,FBB1,NON_TECHNICAL_USER,MANUAL,YES,Human-initiated posting with high-risk tcode and/or high-risk document type; maker-checker approval required before posting.
YC,FBD5,TECHNICAL_USER,NOT_MANUAL,NO,"Posted by technical/system user, treated as automated/system-generated."
YC,FBD5,NON_TECHNICAL_USER,MANUAL,YES,Human-initiated posting with high-risk tcode and/or high-risk document type; maker-checker approval required before posting.
YC,FBDC_C002,TECHNICAL_USER,NOT_MANUAL,NO,"Posted by technical/system user, treated as automated/system-generated."
YC,FBDC_C002,NON_TECHNICAL_USER,MANUAL,NO,"Human-initiated posting, but operational document/tcode pattern; standard workflow controls apply."
YC,FBDC_C014,TECHNICAL_USER,NOT_MANUAL,NO,"Posted by technical/system user, treated as automated/system-generated."
YC,FBDC_C014,NON_TECHNICAL_USER,MANUAL,NO,"Human-initiated posting, but operational document/tcode pattern; standard workflow controls apply."
YC,FBDC_C022,TECHNICAL_USER,NOT_MANUAL,NO,"Posted by technical/system user, treated as automated/system-generated."
YC,FBDC_C022,NON_TECHNICAL_USER,MANUAL,NO,"Human-initiated posting, but operational document/tcode pattern; standard workflow controls apply."
YC,FBDC_C024,TECHNICAL_USER,NOT_MANUAL,NO,"Posted by technical/system user, treated as automated/system-generated."
YC,FBDC_C024,NON_TECHNICAL_USER,MANUAL,NO,"Human-initiated posting, but operational document/tcode pattern; standard workflow controls apply."
YC,FBDC_C080,TECHNICAL_USER,NOT_MANUAL,NO,"Posted by technical/system user, treated as automated/system-generated."
YC,FBDC_C080,NON_TECHNICAL_USER,MANUAL,NO,"Human-initiated posting, but operational document/tcode pattern; standard workflow controls apply."
YC,FBDC_P001,TECHNICAL_USER,NOT_MANUAL,NO,"Posted by technical/system user, treated as automated/system-generated."
YC,FBDC_P001,NON_TECHNICAL_USER,MANUAL,YES,Human-initiated posting with high-risk tcode and/or high-risk document type; maker-checker approval required before posting.
YC,FBL1N,TECHNICAL_USER,NOT_MANUAL,NO,"Posted by technical/system user, treated as automated/system-generated."
YC,FBL1N,NON_TECHNICAL_USER,NOT_MANUAL,NO,ERP transaction code is system/batch/process driven.
YC,FBVB,TECHNICAL_USER,NOT_MANUAL,NO,"Posted by technical/system user, treated as automated/system-generated."
YC,FBVB,NON_TECHNICAL_USER,NOT_MANUAL,NO,ERP transaction code is system/batch/process driven.
YC,FBZ2,TECHNICAL_USER,NOT_MANUAL,NO,"Posted by technical/system user, treated as automated/system-generated."
YC,FBZ2,NON_TECHNICAL_USER,MANUAL,NO,"Human-initiated posting, but operational document/tcode pattern; standard workflow controls apply."
YC,FV60,TECHNICAL_USER,NOT_MANUAL,NO,"Posted by technical/system user, treated as automated/system-generated."
YC,FV60,NON_TECHNICAL_USER,MANUAL,NO,"Human-initiated posting, but operational document/tcode pattern; standard workflow controls apply."
YC,KO88,TECHNICAL_USER,NOT_MANUAL,NO,"Posted by technical/system user, treated as automated/system-generated."
YC,KO88,NON_TECHNICAL_USER,NOT_MANUAL,NO,ERP transaction code is system/batch/process driven.
YC,KO8G,TECHNICAL_USER,NOT_MANUAL,NO,"Posted by technical/system user, treated as automated/system-generated."
YC,KO8G,NON_TECHNICAL_USER,NOT_MANUAL,NO,ERP transaction code is system/batch/process driven.
YC,KSV5,TECHNICAL_USER,NOT_MANUAL,NO,"Posted by technical/system user, treated as automated/system-generated."
YC,KSV5,NON_TECHNICAL_USER,NOT_MANUAL,NO,ERP transaction code is system/batch/process driven.
YC,LSMW,TECHNICAL_USER,NOT_MANUAL,NO,"Posted by technical/system user, treated as automated/system-generated."
YC,LSMW,NON_TECHNICAL_USER,MANUAL,YES,Human-initiated posting with high-risk tcode and/or high-risk document type; maker-checker approval required before posting.
YC,MIR4,TECHNICAL_USER,NOT_MANUAL,NO,"Posted by technical/system user, treated as automated/system-generated."
YC,MIR4,NON_TECHNICAL_USER,NOT_MANUAL,NO,ERP transaction code is system/batch/process driven.
YC,MIRO,TECHNICAL_USER,NOT_MANUAL,NO,"Posted by technical/system user, treated as automated/system-generated."
YC,MIRO,NON_TECHNICAL_USER,MANUAL,NO,"Human-initiated posting, but operational document/tcode pattern; standard workflow controls apply."
YC,MR8M,TECHNICAL_USER,NOT_MANUAL,NO,"Posted by technical/system user, treated as automated/system-generated."
YC,MR8M,NON_TECHNICAL_USER,MANUAL,NO,"Human-initiated posting, but operational document/tcode pattern; standard workflow controls apply."
YC,ZFI_ADP,TECHNICAL_USER,NOT_MANUAL,NO,"Posted by technical/system user, treated as automated/system-generated."
YC,ZFI_ADP,NON_TECHNICAL_USER,MANUAL,YES,Human-initiated posting with high-risk tcode and/or high-risk document type; maker-checker approval required before posting.
YC,ZLIA_COCKPIT,TECHNICAL_USER,NOT_MANUAL,NO,"Posted by technical/system user, treated as automated/system-generated."
YC,ZLIA_COCKPIT,NON_TECHNICAL_USER,NOT_MANUAL,NO,ERP transaction code is system/batch/process driven.
YC,ZMM_CARGA_MIRO_MX,TECHNICAL_USER,NOT_MANUAL,NO,"Posted by technical/system user, treated as automated/system-generated."
YC,ZMM_CARGA_MIRO_MX,NON_TECHNICAL_USER,MANUAL,NO,"Human-initiated posting, but operational document/tcode pattern; standard workflow controls apply."
YD,,TECHNICAL_USER,NOT_MANUAL,NO,"Posted by technical/system user, treated as automated/system-generated."
YD,,NON_TECHNICAL_USER,NOT_MANUAL,NO,ERP transaction code is system/batch/process driven.
YD,AB01L,TECHNICAL_USER,NOT_MANUAL,NO,"Posted by technical/system user, treated as automated/system-generated."
YD,AB01L,NON_TECHNICAL_USER,MANUAL,YES,Human-initiated posting with high-risk tcode and/or high-risk document type; maker-checker approval required before posting.
YD,AB08,TECHNICAL_USER,NOT_MANUAL,NO,"Posted by technical/system user, treated as automated/system-generated."
YD,AB08,NON_TECHNICAL_USER,MANUAL,YES,Human-initiated posting with high-risk tcode and/or high-risk document type; maker-checker approval required before posting.
YD,ABAVN,TECHNICAL_USER,NOT_MANUAL,NO,"Posted by technical/system user, treated as automated/system-generated."
YD,ABAVN,NON_TECHNICAL_USER,MANUAL,YES,Human-initiated posting with high-risk tcode and/or high-risk document type; maker-checker approval required before posting.
YD,ABUMN,TECHNICAL_USER,NOT_MANUAL,NO,"Posted by technical/system user, treated as automated/system-generated."
YD,ABUMN,NON_TECHNICAL_USER,MANUAL,YES,Human-initiated posting with high-risk tcode and/or high-risk document type; maker-checker approval required before posting.
YD,ABZON,TECHNICAL_USER,NOT_MANUAL,NO,"Posted by technical/system user, treated as automated/system-generated."
YD,ABZON,NON_TECHNICAL_USER,MANUAL,YES,Human-initiated posting with high-risk tcode and/or high-risk document type; maker-checker approval required before posting.
YD,AFABN,TECHNICAL_USER,NOT_MANUAL,NO,"Posted by technical/system user, treated as automated/system-generated."
YD,AFABN,NON_TECHNICAL_USER,NOT_MANUAL,NO,ERP transaction code is system/batch/process driven.
YD,AS02,TECHNICAL_USER,NOT_MANUAL,NO,"Posted by technical/system user, treated as automated/system-generated."
YD,AS02,NON_TECHNICAL_USER,MANUAL,YES,Human-initiated posting with high-risk tcode and/or high-risk document type; maker-checker approval required before posting.
YD,F110,TECHNICAL_USER,NOT_MANUAL,NO,"Posted by technical/system user, treated as automated/system-generated."
YD,F110,NON_TECHNICAL_USER,NOT_MANUAL,NO,ERP transaction code is system/batch/process driven.
YD,F111,TECHNICAL_USER,NOT_MANUAL,NO,"Posted by technical/system user, treated as automated/system-generated."
YD,F111,NON_TECHNICAL_USER,NOT_MANUAL,NO,ERP transaction code is system/batch/process driven.
YD,FAGL_IT_02,TECHNICAL_USER,NOT_MANUAL,NO,"Posted by technical/system user, treated as automated/system-generated."
YD,FAGL_IT_02,NON_TECHNICAL_USER,NOT_MANUAL,NO,ERP transaction code is system/batch/process driven.
YD,FB01,TECHNICAL_USER,NOT_MANUAL,NO,"Posted by technical/system user, treated as automated/system-generated."
YD,FB01,NON_TECHNICAL_USER,MANUAL,YES,Human-initiated posting with high-risk tcode and/or high-risk document type; maker-checker approval required before posting.
YD,FB05,TECHNICAL_USER,NOT_MANUAL,NO,"Posted by technical/system user, treated as automated/system-generated."
YD,FB05,NON_TECHNICAL_USER,MANUAL,NO,"Human-initiated posting, but operational document/tcode pattern; standard workflow controls apply."
YD,FB08,TECHNICAL_USER,NOT_MANUAL,NO,"Posted by technical/system user, treated as automated/system-generated."
YD,FB08,NON_TECHNICAL_USER,MANUAL,YES,Human-initiated posting with high-risk tcode and/or high-risk document type; maker-checker approval required before posting.
YD,FB1K,TECHNICAL_USER,NOT_MANUAL,NO,"Posted by technical/system user, treated as automated/system-generated."
YD,FB1K,NON_TECHNICAL_USER,MANUAL,NO,"Human-initiated posting, but operational document/tcode pattern; standard workflow controls apply."
YD,FB1S,TECHNICAL_USER,NOT_MANUAL,NO,"Posted by technical/system user, treated as automated/system-generated."
YD,FB1S,NON_TECHNICAL_USER,MANUAL,NO,"Human-initiated posting, but operational document/tcode pattern; standard workflow controls apply."
YD,FB70,TECHNICAL_USER,NOT_MANUAL,NO,"Posted by technical/system user, treated as automated/system-generated."
YD,FB70,NON_TECHNICAL_USER,MANUAL,NO,"Human-initiated posting, but operational document/tcode pattern; standard workflow controls apply."
YD,FBA7,TECHNICAL_USER,NOT_MANUAL,NO,"Posted by technical/system user, treated as automated/system-generated."
YD,FBA7,NON_TECHNICAL_USER,MANUAL,NO,"Human-initiated posting, but operational document/tcode pattern; standard workflow controls apply."
YD,FBB1,TECHNICAL_USER,NOT_MANUAL,NO,"Posted by technical/system user, treated as automated/system-generated."
YD,FBB1,NON_TECHNICAL_USER,MANUAL,YES,Human-initiated posting with high-risk tcode and/or high-risk document type; maker-checker approval required before posting.
YD,FBD5,TECHNICAL_USER,NOT_MANUAL,NO,"Posted by technical/system user, treated as automated/system-generated."
YD,FBD5,NON_TECHNICAL_USER,MANUAL,YES,Human-initiated posting with high-risk tcode and/or high-risk document type; maker-checker approval required before posting.
YD,FBDC_C002,TECHNICAL_USER,NOT_MANUAL,NO,"Posted by technical/system user, treated as automated/system-generated."
YD,FBDC_C002,NON_TECHNICAL_USER,MANUAL,NO,"Human-initiated posting, but operational document/tcode pattern; standard workflow controls apply."
YD,FBDC_C014,TECHNICAL_USER,NOT_MANUAL,NO,"Posted by technical/system user, treated as automated/system-generated."
YD,FBDC_C014,NON_TECHNICAL_USER,MANUAL,NO,"Human-initiated posting, but operational document/tcode pattern; standard workflow controls apply."
YD,FBDC_C022,TECHNICAL_USER,NOT_MANUAL,NO,"Posted by technical/system user, treated as automated/system-generated."
YD,FBDC_C022,NON_TECHNICAL_USER,MANUAL,NO,"Human-initiated posting, but operational document/tcode pattern; standard workflow controls apply."
YD,FBDC_C024,TECHNICAL_USER,NOT_MANUAL,NO,"Posted by technical/system user, treated as automated/system-generated."
YD,FBDC_C024,NON_TECHNICAL_USER,MANUAL,NO,"Human-initiated posting, but operational document/tcode pattern; standard workflow controls apply."
YD,FBDC_C080,TECHNICAL_USER,NOT_MANUAL,NO,"Posted by technical/system user, treated as automated/system-generated."
YD,FBDC_C080,NON_TECHNICAL_USER,MANUAL,NO,"Human-initiated posting, but operational document/tcode pattern; standard workflow controls apply."
YD,FBDC_P001,TECHNICAL_USER,NOT_MANUAL,NO,"Posted by technical/system user, treated as automated/system-generated."
YD,FBDC_P001,NON_TECHNICAL_USER,MANUAL,YES,Human-initiated posting with high-risk tcode and/or high-risk document type; maker-checker approval required before posting.
YD,FBL1N,TECHNICAL_USER,NOT_MANUAL,NO,"Posted by technical/system user, treated as automated/system-generated."
YD,FBL1N,NON_TECHNICAL_USER,NOT_MANUAL,NO,ERP transaction code is system/batch/process driven.
YD,FBVB,TECHNICAL_USER,NOT_MANUAL,NO,"Posted by technical/system user, treated as automated/system-generated."
YD,FBVB,NON_TECHNICAL_USER,NOT_MANUAL,NO,ERP transaction code is system/batch/process driven.
YD,FBZ2,TECHNICAL_USER,NOT_MANUAL,NO,"Posted by technical/system user, treated as automated/system-generated."
YD,FBZ2,NON_TECHNICAL_USER,MANUAL,NO,"Human-initiated posting, but operational document/tcode pattern; standard workflow controls apply."
YD,FV60,TECHNICAL_USER,NOT_MANUAL,NO,"Posted by technical/system user, treated as automated/system-generated."
YD,FV60,NON_TECHNICAL_USER,MANUAL,NO,"Human-initiated posting, but operational document/tcode pattern; standard workflow controls apply."
YD,KO88,TECHNICAL_USER,NOT_MANUAL,NO,"Posted by technical/system user, treated as automated/system-generated."
YD,KO88,NON_TECHNICAL_USER,NOT_MANUAL,NO,ERP transaction code is system/batch/process driven.
YD,KO8G,TECHNICAL_USER,NOT_MANUAL,NO,"Posted by technical/system user, treated as automated/system-generated."
YD,KO8G,NON_TECHNICAL_USER,NOT_MANUAL,NO,ERP transaction code is system/batch/process driven.
YD,KSV5,TECHNICAL_USER,NOT_MANUAL,NO,"Posted by technical/system user, treated as automated/system-generated."
YD,KSV5,NON_TECHNICAL_USER,NOT_MANUAL,NO,ERP transaction code is system/batch/process driven.
YD,LSMW,TECHNICAL_USER,NOT_MANUAL,NO,"Posted by technical/system user, treated as automated/system-generated."
YD,LSMW,NON_TECHNICAL_USER,MANUAL,YES,Human-initiated posting with high-risk tcode and/or high-risk document type; maker-checker approval required before posting.
YD,MIR4,TECHNICAL_USER,NOT_MANUAL,NO,"Posted by technical/system user, treated as automated/system-generated."
YD,MIR4,NON_TECHNICAL_USER,NOT_MANUAL,NO,ERP transaction code is system/batch/process driven.
YD,MIRO,TECHNICAL_USER,NOT_MANUAL,NO,"Posted by technical/system user, treated as automated/system-generated."
YD,MIRO,NON_TECHNICAL_USER,MANUAL,NO,"Human-initiated posting, but operational document/tcode pattern; standard workflow controls apply."
YD,MR8M,TECHNICAL_USER,NOT_MANUAL,NO,"Posted by technical/system user, treated as automated/system-generated."
YD,MR8M,NON_TECHNICAL_USER,MANUAL,NO,"Human-initiated posting, but operational document/tcode pattern; standard workflow controls apply."
YD,ZFI_ADP,TECHNICAL_USER,NOT_MANUAL,NO,"Posted by technical/system user, treated as automated/system-generated."
YD,ZFI_ADP,NON_TECHNICAL_USER,MANUAL,YES,Human-initiated posting with high-risk tcode and/or high-risk document type; maker-checker approval required before posting.
YD,ZLIA_COCKPIT,TECHNICAL_USER,NOT_MANUAL,NO,"Posted by technical/system user, treated as automated/system-generated."
YD,ZLIA_COCKPIT,NON_TECHNICAL_USER,NOT_MANUAL,NO,ERP transaction code is system/batch/process driven.
YD,ZMM_CARGA_MIRO_MX,TECHNICAL_USER,NOT_MANUAL,NO,"Posted by technical/system user, treated as automated/system-generated."
YD,ZMM_CARGA_MIRO_MX,NON_TECHNICAL_USER,MANUAL,NO,"Human-initiated posting, but operational document/tcode pattern; standard workflow controls apply."
YH,,TECHNICAL_USER,NOT_MANUAL,NO,"Posted by technical/system user, treated as automated/system-generated."
YH,,NON_TECHNICAL_USER,NOT_MANUAL,NO,ERP transaction code is system/batch/process driven.
YH,AB01L,TECHNICAL_USER,NOT_MANUAL,NO,"Posted by technical/system user, treated as automated/system-generated."
YH,AB01L,NON_TECHNICAL_USER,MANUAL,YES,Human-initiated posting with high-risk tcode and/or high-risk document type; maker-checker approval required before posting.
YH,AB08,TECHNICAL_USER,NOT_MANUAL,NO,"Posted by technical/system user, treated as automated/system-generated."
YH,AB08,NON_TECHNICAL_USER,MANUAL,YES,Human-initiated posting with high-risk tcode and/or high-risk document type; maker-checker approval required before posting.
YH,ABAVN,TECHNICAL_USER,NOT_MANUAL,NO,"Posted by technical/system user, treated as automated/system-generated."
YH,ABAVN,NON_TECHNICAL_USER,MANUAL,YES,Human-initiated posting with high-risk tcode and/or high-risk document type; maker-checker approval required before posting.
YH,ABUMN,TECHNICAL_USER,NOT_MANUAL,NO,"Posted by technical/system user, treated as automated/system-generated."
YH,ABUMN,NON_TECHNICAL_USER,MANUAL,YES,Human-initiated posting with high-risk tcode and/or high-risk document type; maker-checker approval required before posting.
YH,ABZON,TECHNICAL_USER,NOT_MANUAL,NO,"Posted by technical/system user, treated as automated/system-generated."
YH,ABZON,NON_TECHNICAL_USER,MANUAL,YES,Human-initiated posting with high-risk tcode and/or high-risk document type; maker-checker approval required before posting.
YH,AFABN,TECHNICAL_USER,NOT_MANUAL,NO,"Posted by technical/system user, treated as automated/system-generated."
YH,AFABN,NON_TECHNICAL_USER,NOT_MANUAL,NO,ERP transaction code is system/batch/process driven.
YH,AS02,TECHNICAL_USER,NOT_MANUAL,NO,"Posted by technical/system user, treated as automated/system-generated."
YH,AS02,NON_TECHNICAL_USER,MANUAL,YES,Human-initiated posting with high-risk tcode and/or high-risk document type; maker-checker approval required before posting.
YH,F110,TECHNICAL_USER,NOT_MANUAL,NO,"Posted by technical/system user, treated as automated/system-generated."
YH,F110,NON_TECHNICAL_USER,NOT_MANUAL,NO,ERP transaction code is system/batch/process driven.
YH,F111,TECHNICAL_USER,NOT_MANUAL,NO,"Posted by technical/system user, treated as automated/system-generated."
YH,F111,NON_TECHNICAL_USER,NOT_MANUAL,NO,ERP transaction code is system/batch/process driven.
YH,FAGL_IT_02,TECHNICAL_USER,NOT_MANUAL,NO,"Posted by technical/system user, treated as automated/system-generated."
YH,FAGL_IT_02,NON_TECHNICAL_USER,NOT_MANUAL,NO,ERP transaction code is system/batch/process driven.
YH,FB01,TECHNICAL_USER,NOT_MANUAL,NO,"Posted by technical/system user, treated as automated/system-generated."
YH,FB01,NON_TECHNICAL_USER,MANUAL,YES,Human-initiated posting with high-risk tcode and/or high-risk document type; maker-checker approval required before posting.
YH,FB05,TECHNICAL_USER,NOT_MANUAL,NO,"Posted by technical/system user, treated as automated/system-generated."
YH,FB05,NON_TECHNICAL_USER,MANUAL,NO,"Human-initiated posting, but operational document/tcode pattern; standard workflow controls apply."
YH,FB08,TECHNICAL_USER,NOT_MANUAL,NO,"Posted by technical/system user, treated as automated/system-generated."
YH,FB08,NON_TECHNICAL_USER,MANUAL,YES,Human-initiated posting with high-risk tcode and/or high-risk document type; maker-checker approval required before posting.
YH,FB1K,TECHNICAL_USER,NOT_MANUAL,NO,"Posted by technical/system user, treated as automated/system-generated."
YH,FB1K,NON_TECHNICAL_USER,MANUAL,NO,"Human-initiated posting, but operational document/tcode pattern; standard workflow controls apply."
YH,FB1S,TECHNICAL_USER,NOT_MANUAL,NO,"Posted by technical/system user, treated as automated/system-generated."
YH,FB1S,NON_TECHNICAL_USER,MANUAL,NO,"Human-initiated posting, but operational document/tcode pattern; standard workflow controls apply."
YH,FB70,TECHNICAL_USER,NOT_MANUAL,NO,"Posted by technical/system user, treated as automated/system-generated."
YH,FB70,NON_TECHNICAL_USER,MANUAL,NO,"Human-initiated posting, but operational document/tcode pattern; standard workflow controls apply."
YH,FBA7,TECHNICAL_USER,NOT_MANUAL,NO,"Posted by technical/system user, treated as automated/system-generated."
YH,FBA7,NON_TECHNICAL_USER,MANUAL,NO,"Human-initiated posting, but operational document/tcode pattern; standard workflow controls apply."
YH,FBB1,TECHNICAL_USER,NOT_MANUAL,NO,"Posted by technical/system user, treated as automated/system-generated."
YH,FBB1,NON_TECHNICAL_USER,MANUAL,YES,Human-initiated posting with high-risk tcode and/or high-risk document type; maker-checker approval required before posting.
YH,FBD5,TECHNICAL_USER,NOT_MANUAL,NO,"Posted by technical/system user, treated as automated/system-generated."
YH,FBD5,NON_TECHNICAL_USER,MANUAL,YES,Human-initiated posting with high-risk tcode and/or high-risk document type; maker-checker approval required before posting.
YH,FBDC_C002,TECHNICAL_USER,NOT_MANUAL,NO,"Posted by technical/system user, treated as automated/system-generated."
YH,FBDC_C002,NON_TECHNICAL_USER,MANUAL,NO,"Human-initiated posting, but operational document/tcode pattern; standard workflow controls apply."
YH,FBDC_C014,TECHNICAL_USER,NOT_MANUAL,NO,"Posted by technical/system user, treated as automated/system-generated."
YH,FBDC_C014,NON_TECHNICAL_USER,MANUAL,NO,"Human-initiated posting, but operational document/tcode pattern; standard workflow controls apply."
YH,FBDC_C022,TECHNICAL_USER,NOT_MANUAL,NO,"Posted by technical/system user, treated as automated/system-generated."
YH,FBDC_C022,NON_TECHNICAL_USER,MANUAL,NO,"Human-initiated posting, but operational document/tcode pattern; standard workflow controls apply."
YH,FBDC_C024,TECHNICAL_USER,NOT_MANUAL,NO,"Posted by technical/system user, treated as automated/system-generated."
YH,FBDC_C024,NON_TECHNICAL_USER,MANUAL,NO,"Human-initiated posting, but operational document/tcode pattern; standard workflow controls apply."
YH,FBDC_C080,TECHNICAL_USER,NOT_MANUAL,NO,"Posted by technical/system user, treated as automated/system-generated."
YH,FBDC_C080,NON_TECHNICAL_USER,MANUAL,NO,"Human-initiated posting, but operational document/tcode pattern; standard workflow controls apply."
YH,FBDC_P001,TECHNICAL_USER,NOT_MANUAL,NO,"Posted by technical/system user, treated as automated/system-generated."
YH,FBDC_P001,NON_TECHNICAL_USER,MANUAL,YES,Human-initiated posting with high-risk tcode and/or high-risk document type; maker-checker approval required before posting.
YH,FBL1N,TECHNICAL_USER,NOT_MANUAL,NO,"Posted by technical/system user, treated as automated/system-generated."
YH,FBL1N,NON_TECHNICAL_USER,NOT_MANUAL,NO,ERP transaction code is system/batch/process driven.
YH,FBVB,TECHNICAL_USER,NOT_MANUAL,NO,"Posted by technical/system user, treated as automated/system-generated."
YH,FBVB,NON_TECHNICAL_USER,NOT_MANUAL,NO,ERP transaction code is system/batch/process driven.
YH,FBZ2,TECHNICAL_USER,NOT_MANUAL,NO,"Posted by technical/system user, treated as automated/system-generated."
YH,FBZ2,NON_TECHNICAL_USER,MANUAL,NO,"Human-initiated posting, but operational document/tcode pattern; standard workflow controls apply."
YH,FV60,TECHNICAL_USER,NOT_MANUAL,NO,"Posted by technical/system user, treated as automated/system-generated."
YH,FV60,NON_TECHNICAL_USER,MANUAL,NO,"Human-initiated posting, but operational document/tcode pattern; standard workflow controls apply."
YH,KO88,TECHNICAL_USER,NOT_MANUAL,NO,"Posted by technical/system user, treated as automated/system-generated."
YH,KO88,NON_TECHNICAL_USER,NOT_MANUAL,NO,ERP transaction code is system/batch/process driven.
YH,KO8G,TECHNICAL_USER,NOT_MANUAL,NO,"Posted by technical/system user, treated as automated/system-generated."
YH,KO8G,NON_TECHNICAL_USER,NOT_MANUAL,NO,ERP transaction code is system/batch/process driven.
YH,KSV5,TECHNICAL_USER,NOT_MANUAL,NO,"Posted by technical/system user, treated as automated/system-generated."
YH,KSV5,NON_TECHNICAL_USER,NOT_MANUAL,NO,ERP transaction code is system/batch/process driven.
YH,LSMW,TECHNICAL_USER,NOT_MANUAL,NO,"Posted by technical/system user, treated as automated/system-generated."
YH,LSMW,NON_TECHNICAL_USER,MANUAL,YES,Human-initiated posting with high-risk tcode and/or high-risk document type; maker-checker approval required before posting.
YH,MIR4,TECHNICAL_USER,NOT_MANUAL,NO,"Posted by technical/system user, treated as automated/system-generated."
YH,MIR4,NON_TECHNICAL_USER,NOT_MANUAL,NO,ERP transaction code is system/batch/process driven.
YH,MIRO,TECHNICAL_USER,NOT_MANUAL,NO,"Posted by technical/system user, treated as automated/system-generated."
YH,MIRO,NON_TECHNICAL_USER,MANUAL,NO,"Human-initiated posting, but operational document/tcode pattern; standard workflow controls apply."
YH,MR8M,TECHNICAL_USER,NOT_MANUAL,NO,"Posted by technical/system user, treated as automated/system-generated."
YH,MR8M,NON_TECHNICAL_USER,MANUAL,NO,"Human-initiated posting, but operational document/tcode pattern; standard workflow controls apply."
YH,ZFI_ADP,TECHNICAL_USER,NOT_MANUAL,NO,"Posted by technical/system user, treated as automated/system-generated."
YH,ZFI_ADP,NON_TECHNICAL_USER,MANUAL,YES,Human-initiated posting with high-risk tcode and/or high-risk document type; maker-checker approval required before posting.
YH,ZLIA_COCKPIT,TECHNICAL_USER,NOT_MANUAL,NO,"Posted by technical/system user, treated as automated/system-generated."
YH,ZLIA_COCKPIT,NON_TECHNICAL_USER,NOT_MANUAL,NO,ERP transaction code is system/batch/process driven.
YH,ZMM_CARGA_MIRO_MX,TECHNICAL_USER,NOT_MANUAL,NO,"Posted by technical/system user, treated as automated/system-generated."
YH,ZMM_CARGA_MIRO_MX,NON_TECHNICAL_USER,MANUAL,NO,"Human-initiated posting, but operational document/tcode pattern; standard workflow controls apply."
YI,,TECHNICAL_USER,NOT_MANUAL,NO,"Posted by technical/system user, treated as automated/system-generated."
YI,,NON_TECHNICAL_USER,NOT_MANUAL,NO,ERP transaction code is system/batch/process driven.
YI,AB01L,TECHNICAL_USER,NOT_MANUAL,NO,"Posted by technical/system user, treated as automated/system-generated."
YI,AB01L,NON_TECHNICAL_USER,MANUAL,YES,Human-initiated posting with high-risk tcode and/or high-risk document type; maker-checker approval required before posting.
YI,AB08,TECHNICAL_USER,NOT_MANUAL,NO,"Posted by technical/system user, treated as automated/system-generated."
YI,AB08,NON_TECHNICAL_USER,MANUAL,YES,Human-initiated posting with high-risk tcode and/or high-risk document type; maker-checker approval required before posting.
YI,ABAVN,TECHNICAL_USER,NOT_MANUAL,NO,"Posted by technical/system user, treated as automated/system-generated."
YI,ABAVN,NON_TECHNICAL_USER,MANUAL,YES,Human-initiated posting with high-risk tcode and/or high-risk document type; maker-checker approval required before posting.
YI,ABUMN,TECHNICAL_USER,NOT_MANUAL,NO,"Posted by technical/system user, treated as automated/system-generated."
YI,ABUMN,NON_TECHNICAL_USER,MANUAL,YES,Human-initiated posting with high-risk tcode and/or high-risk document type; maker-checker approval required before posting.
YI,ABZON,TECHNICAL_USER,NOT_MANUAL,NO,"Posted by technical/system user, treated as automated/system-generated."
YI,ABZON,NON_TECHNICAL_USER,MANUAL,YES,Human-initiated posting with high-risk tcode and/or high-risk document type; maker-checker approval required before posting.
YI,AFABN,TECHNICAL_USER,NOT_MANUAL,NO,"Posted by technical/system user, treated as automated/system-generated."
YI,AFABN,NON_TECHNICAL_USER,NOT_MANUAL,NO,ERP transaction code is system/batch/process driven.
YI,AS02,TECHNICAL_USER,NOT_MANUAL,NO,"Posted by technical/system user, treated as automated/system-generated."
YI,AS02,NON_TECHNICAL_USER,MANUAL,YES,Human-initiated posting with high-risk tcode and/or high-risk document type; maker-checker approval required before posting.
YI,F110,TECHNICAL_USER,NOT_MANUAL,NO,"Posted by technical/system user, treated as automated/system-generated."
YI,F110,NON_TECHNICAL_USER,NOT_MANUAL,NO,ERP transaction code is system/batch/process driven.
YI,F111,TECHNICAL_USER,NOT_MANUAL,NO,"Posted by technical/system user, treated as automated/system-generated."
YI,F111,NON_TECHNICAL_USER,NOT_MANUAL,NO,ERP transaction code is system/batch/process driven.
YI,FAGL_IT_02,TECHNICAL_USER,NOT_MANUAL,NO,"Posted by technical/system user, treated as automated/system-generated."
YI,FAGL_IT_02,NON_TECHNICAL_USER,NOT_MANUAL,NO,ERP transaction code is system/batch/process driven.
YI,FB01,TECHNICAL_USER,NOT_MANUAL,NO,"Posted by technical/system user, treated as automated/system-generated."
YI,FB01,NON_TECHNICAL_USER,MANUAL,YES,Human-initiated posting with high-risk tcode and/or high-risk document type; maker-checker approval required before posting.
YI,FB05,TECHNICAL_USER,NOT_MANUAL,NO,"Posted by technical/system user, treated as automated/system-generated."
YI,FB05,NON_TECHNICAL_USER,MANUAL,NO,"Human-initiated posting, but operational document/tcode pattern; standard workflow controls apply."
YI,FB08,TECHNICAL_USER,NOT_MANUAL,NO,"Posted by technical/system user, treated as automated/system-generated."
YI,FB08,NON_TECHNICAL_USER,MANUAL,YES,Human-initiated posting with high-risk tcode and/or high-risk document type; maker-checker approval required before posting.
YI,FB1K,TECHNICAL_USER,NOT_MANUAL,NO,"Posted by technical/system user, treated as automated/system-generated."
YI,FB1K,NON_TECHNICAL_USER,MANUAL,NO,"Human-initiated posting, but operational document/tcode pattern; standard workflow controls apply."
YI,FB1S,TECHNICAL_USER,NOT_MANUAL,NO,"Posted by technical/system user, treated as automated/system-generated."
YI,FB1S,NON_TECHNICAL_USER,MANUAL,NO,"Human-initiated posting, but operational document/tcode pattern; standard workflow controls apply."
YI,FB70,TECHNICAL_USER,NOT_MANUAL,NO,"Posted by technical/system user, treated as automated/system-generated."
YI,FB70,NON_TECHNICAL_USER,MANUAL,NO,"Human-initiated posting, but operational document/tcode pattern; standard workflow controls apply."
YI,FBA7,TECHNICAL_USER,NOT_MANUAL,NO,"Posted by technical/system user, treated as automated/system-generated."
YI,FBA7,NON_TECHNICAL_USER,MANUAL,NO,"Human-initiated posting, but operational document/tcode pattern; standard workflow controls apply."
YI,FBB1,TECHNICAL_USER,NOT_MANUAL,NO,"Posted by technical/system user, treated as automated/system-generated."
YI,FBB1,NON_TECHNICAL_USER,MANUAL,YES,Human-initiated posting with high-risk tcode and/or high-risk document type; maker-checker approval required before posting.
YI,FBD5,TECHNICAL_USER,NOT_MANUAL,NO,"Posted by technical/system user, treated as automated/system-generated."
YI,FBD5,NON_TECHNICAL_USER,MANUAL,YES,Human-initiated posting with high-risk tcode and/or high-risk document type; maker-checker approval required before posting.
YI,FBDC_C002,TECHNICAL_USER,NOT_MANUAL,NO,"Posted by technical/system user, treated as automated/system-generated."
YI,FBDC_C002,NON_TECHNICAL_USER,MANUAL,NO,"Human-initiated posting, but operational document/tcode pattern; standard workflow controls apply."
YI,FBDC_C014,TECHNICAL_USER,NOT_MANUAL,NO,"Posted by technical/system user, treated as automated/system-generated."
YI,FBDC_C014,NON_TECHNICAL_USER,MANUAL,NO,"Human-initiated posting, but operational document/tcode pattern; standard workflow controls apply."
YI,FBDC_C022,TECHNICAL_USER,NOT_MANUAL,NO,"Posted by technical/system user, treated as automated/system-generated."
YI,FBDC_C022,NON_TECHNICAL_USER,MANUAL,NO,"Human-initiated posting, but operational document/tcode pattern; standard workflow controls apply."
YI,FBDC_C024,TECHNICAL_USER,NOT_MANUAL,NO,"Posted by technical/system user, treated as automated/system-generated."
YI,FBDC_C024,NON_TECHNICAL_USER,MANUAL,NO,"Human-initiated posting, but operational document/tcode pattern; standard workflow controls apply."
YI,FBDC_C080,TECHNICAL_USER,NOT_MANUAL,NO,"Posted by technical/system user, treated as automated/system-generated."
YI,FBDC_C080,NON_TECHNICAL_USER,MANUAL,NO,"Human-initiated posting, but operational document/tcode pattern; standard workflow controls apply."
YI,FBDC_P001,TECHNICAL_USER,NOT_MANUAL,NO,"Posted by technical/system user, treated as automated/system-generated."
YI,FBDC_P001,NON_TECHNICAL_USER,MANUAL,YES,Human-initiated posting with high-risk tcode and/or high-risk document type; maker-checker approval required before posting.
YI,FBL1N,TECHNICAL_USER,NOT_MANUAL,NO,"Posted by technical/system user, treated as automated/system-generated."
YI,FBL1N,NON_TECHNICAL_USER,NOT_MANUAL,NO,ERP transaction code is system/batch/process driven.
YI,FBVB,TECHNICAL_USER,NOT_MANUAL,NO,"Posted by technical/system user, treated as automated/system-generated."
YI,FBVB,NON_TECHNICAL_USER,NOT_MANUAL,NO,ERP transaction code is system/batch/process driven.
YI,FBZ2,TECHNICAL_USER,NOT_MANUAL,NO,"Posted by technical/system user, treated as automated/system-generated."
YI,FBZ2,NON_TECHNICAL_USER,MANUAL,NO,"Human-initiated posting, but operational document/tcode pattern; standard workflow controls apply."
YI,FV60,TECHNICAL_USER,NOT_MANUAL,NO,"Posted by technical/system user, treated as automated/system-generated."
YI,FV60,NON_TECHNICAL_USER,MANUAL,NO,"Human-initiated posting, but operational document/tcode pattern; standard workflow controls apply."
YI,KO88,TECHNICAL_USER,NOT_MANUAL,NO,"Posted by technical/system user, treated as automated/system-generated."
YI,KO88,NON_TECHNICAL_USER,NOT_MANUAL,NO,ERP transaction code is system/batch/process driven.
YI,KO8G,TECHNICAL_USER,NOT_MANUAL,NO,"Posted by technical/system user, treated as automated/system-generated."
YI,KO8G,NON_TECHNICAL_USER,NOT_MANUAL,NO,ERP transaction code is system/batch/process driven.
YI,KSV5,TECHNICAL_USER,NOT_MANUAL,NO,"Posted by technical/system user, treated as automated/system-generated."
YI,KSV5,NON_TECHNICAL_USER,NOT_MANUAL,NO,ERP transaction code is system/batch/process driven.
YI,LSMW,TECHNICAL_USER,NOT_MANUAL,NO,"Posted by technical/system user, treated as automated/system-generated."
YI,LSMW,NON_TECHNICAL_USER,MANUAL,YES,Human-initiated posting with high-risk tcode and/or high-risk document type; maker-checker approval required before posting.
YI,MIR4,TECHNICAL_USER,NOT_MANUAL,NO,"Posted by technical/system user, treated as automated/system-generated."
YI,MIR4,NON_TECHNICAL_USER,NOT_MANUAL,NO,ERP transaction code is system/batch/process driven.
YI,MIRO,TECHNICAL_USER,NOT_MANUAL,NO,"Posted by technical/system user, treated as automated/system-generated."
YI,MIRO,NON_TECHNICAL_USER,MANUAL,NO,"Human-initiated posting, but operational document/tcode pattern; standard workflow controls apply."
YI,MR8M,TECHNICAL_USER,NOT_MANUAL,NO,"Posted by technical/system user, treated as automated/system-generated."
YI,MR8M,NON_TECHNICAL_USER,MANUAL,NO,"Human-initiated posting, but operational document/tcode pattern; standard workflow controls apply."
YI,ZFI_ADP,TECHNICAL_USER,NOT_MANUAL,NO,"Posted by technical/system user, treated as automated/system-generated."
YI,ZFI_ADP,NON_TECHNICAL_USER,MANUAL,YES,Human-initiated posting with high-risk tcode and/or high-risk document type; maker-checker approval required before posting.
YI,ZLIA_COCKPIT,TECHNICAL_USER,NOT_MANUAL,NO,"Posted by technical/system user, treated as automated/system-generated."
YI,ZLIA_COCKPIT,NON_TECHNICAL_USER,NOT_MANUAL,NO,ERP transaction code is system/batch/process driven.
YI,ZMM_CARGA_MIRO_MX,TECHNICAL_USER,NOT_MANUAL,NO,"Posted by technical/system user, treated as automated/system-generated."
YI,ZMM_CARGA_MIRO_MX,NON_TECHNICAL_USER,MANUAL,NO,"Human-initiated posting, but operational document/tcode pattern; standard workflow controls apply."
YL,,TECHNICAL_USER,NOT_MANUAL,NO,"Posted by technical/system user, treated as automated/system-generated."
YL,,NON_TECHNICAL_USER,NOT_MANUAL,NO,ERP transaction code is system/batch/process driven.
YL,AB01L,TECHNICAL_USER,NOT_MANUAL,NO,"Posted by technical/system user, treated as automated/system-generated."
YL,AB01L,NON_TECHNICAL_USER,MANUAL,YES,Human-initiated posting with high-risk tcode and/or high-risk document type; maker-checker approval required before posting.
YL,AB08,TECHNICAL_USER,NOT_MANUAL,NO,"Posted by technical/system user, treated as automated/system-generated."
YL,AB08,NON_TECHNICAL_USER,MANUAL,YES,Human-initiated posting with high-risk tcode and/or high-risk document type; maker-checker approval required before posting.
YL,ABAVN,TECHNICAL_USER,NOT_MANUAL,NO,"Posted by technical/system user, treated as automated/system-generated."
YL,ABAVN,NON_TECHNICAL_USER,MANUAL,YES,Human-initiated posting with high-risk tcode and/or high-risk document type; maker-checker approval required before posting.
YL,ABUMN,TECHNICAL_USER,NOT_MANUAL,NO,"Posted by technical/system user, treated as automated/system-generated."
YL,ABUMN,NON_TECHNICAL_USER,MANUAL,YES,Human-initiated posting with high-risk tcode and/or high-risk document type; maker-checker approval required before posting.
YL,ABZON,TECHNICAL_USER,NOT_MANUAL,NO,"Posted by technical/system user, treated as automated/system-generated."
YL,ABZON,NON_TECHNICAL_USER,MANUAL,YES,Human-initiated posting with high-risk tcode and/or high-risk document type; maker-checker approval required before posting.
YL,AFABN,TECHNICAL_USER,NOT_MANUAL,NO,"Posted by technical/system user, treated as automated/system-generated."
YL,AFABN,NON_TECHNICAL_USER,NOT_MANUAL,NO,ERP transaction code is system/batch/process driven.
YL,AS02,TECHNICAL_USER,NOT_MANUAL,NO,"Posted by technical/system user, treated as automated/system-generated."
YL,AS02,NON_TECHNICAL_USER,MANUAL,YES,Human-initiated posting with high-risk tcode and/or high-risk document type; maker-checker approval required before posting.
YL,F110,TECHNICAL_USER,NOT_MANUAL,NO,"Posted by technical/system user, treated as automated/system-generated."
YL,F110,NON_TECHNICAL_USER,NOT_MANUAL,NO,ERP transaction code is system/batch/process driven.
YL,F111,TECHNICAL_USER,NOT_MANUAL,NO,"Posted by technical/system user, treated as automated/system-generated."
YL,F111,NON_TECHNICAL_USER,NOT_MANUAL,NO,ERP transaction code is system/batch/process driven.
YL,FAGL_IT_02,TECHNICAL_USER,NOT_MANUAL,NO,"Posted by technical/system user, treated as automated/system-generated."
YL,FAGL_IT_02,NON_TECHNICAL_USER,NOT_MANUAL,NO,ERP transaction code is system/batch/process driven.
YL,FB01,TECHNICAL_USER,NOT_MANUAL,NO,"Posted by technical/system user, treated as automated/system-generated."
YL,FB01,NON_TECHNICAL_USER,MANUAL,YES,Human-initiated posting with high-risk tcode and/or high-risk document type; maker-checker approval required before posting.
YL,FB05,TECHNICAL_USER,NOT_MANUAL,NO,"Posted by technical/system user, treated as automated/system-generated."
YL,FB05,NON_TECHNICAL_USER,MANUAL,NO,"Human-initiated posting, but operational document/tcode pattern; standard workflow controls apply."
YL,FB08,TECHNICAL_USER,NOT_MANUAL,NO,"Posted by technical/system user, treated as automated/system-generated."
YL,FB08,NON_TECHNICAL_USER,MANUAL,YES,Human-initiated posting with high-risk tcode and/or high-risk document type; maker-checker approval required before posting.
YL,FB1K,TECHNICAL_USER,NOT_MANUAL,NO,"Posted by technical/system user, treated as automated/system-generated."
YL,FB1K,NON_TECHNICAL_USER,MANUAL,NO,"Human-initiated posting, but operational document/tcode pattern; standard workflow controls apply."
YL,FB1S,TECHNICAL_USER,NOT_MANUAL,NO,"Posted by technical/system user, treated as automated/system-generated."
YL,FB1S,NON_TECHNICAL_USER,MANUAL,NO,"Human-initiated posting, but operational document/tcode pattern; standard workflow controls apply."
YL,FB70,TECHNICAL_USER,NOT_MANUAL,NO,"Posted by technical/system user, treated as automated/system-generated."
YL,FB70,NON_TECHNICAL_USER,MANUAL,NO,"Human-initiated posting, but operational document/tcode pattern; standard workflow controls apply."
YL,FBA7,TECHNICAL_USER,NOT_MANUAL,NO,"Posted by technical/system user, treated as automated/system-generated."
YL,FBA7,NON_TECHNICAL_USER,MANUAL,NO,"Human-initiated posting, but operational document/tcode pattern; standard workflow controls apply."
YL,FBB1,TECHNICAL_USER,NOT_MANUAL,NO,"Posted by technical/system user, treated as automated/system-generated."
YL,FBB1,NON_TECHNICAL_USER,MANUAL,YES,Human-initiated posting with high-risk tcode and/or high-risk document type; maker-checker approval required before posting.
YL,FBD5,TECHNICAL_USER,NOT_MANUAL,NO,"Posted by technical/system user, treated as automated/system-generated."
YL,FBD5,NON_TECHNICAL_USER,MANUAL,YES,Human-initiated posting with high-risk tcode and/or high-risk document type; maker-checker approval required before posting.
YL,FBDC_C002,TECHNICAL_USER,NOT_MANUAL,NO,"Posted by technical/system user, treated as automated/system-generated."
YL,FBDC_C002,NON_TECHNICAL_USER,MANUAL,NO,"Human-initiated posting, but operational document/tcode pattern; standard workflow controls apply."
YL,FBDC_C014,TECHNICAL_USER,NOT_MANUAL,NO,"Posted by technical/system user, treated as automated/system-generated."
YL,FBDC_C014,NON_TECHNICAL_USER,MANUAL,NO,"Human-initiated posting, but operational document/tcode pattern; standard workflow controls apply."
YL,FBDC_C022,TECHNICAL_USER,NOT_MANUAL,NO,"Posted by technical/system user, treated as automated/system-generated."
YL,FBDC_C022,NON_TECHNICAL_USER,MANUAL,NO,"Human-initiated posting, but operational document/tcode pattern; standard workflow controls apply."
YL,FBDC_C024,TECHNICAL_USER,NOT_MANUAL,NO,"Posted by technical/system user, treated as automated/system-generated."
YL,FBDC_C024,NON_TECHNICAL_USER,MANUAL,NO,"Human-initiated posting, but operational document/tcode pattern; standard workflow controls apply."
YL,FBDC_C080,TECHNICAL_USER,NOT_MANUAL,NO,"Posted by technical/system user, treated as automated/system-generated."
YL,FBDC_C080,NON_TECHNICAL_USER,MANUAL,NO,"Human-initiated posting, but operational document/tcode pattern; standard workflow controls apply."
YL,FBDC_P001,TECHNICAL_USER,NOT_MANUAL,NO,"Posted by technical/system user, treated as automated/system-generated."
YL,FBDC_P001,NON_TECHNICAL_USER,MANUAL,YES,Human-initiated posting with high-risk tcode and/or high-risk document type; maker-checker approval required before posting.
YL,FBL1N,TECHNICAL_USER,NOT_MANUAL,NO,"Posted by technical/system user, treated as automated/system-generated."
YL,FBL1N,NON_TECHNICAL_USER,NOT_MANUAL,NO,ERP transaction code is system/batch/process driven.
YL,FBVB,TECHNICAL_USER,NOT_MANUAL,NO,"Posted by technical/system user, treated as automated/system-generated."
YL,FBVB,NON_TECHNICAL_USER,NOT_MANUAL,NO,ERP transaction code is system/batch/process driven.
YL,FBZ2,TECHNICAL_USER,NOT_MANUAL,NO,"Posted by technical/system user, treated as automated/system-generated."
YL,FBZ2,NON_TECHNICAL_USER,MANUAL,NO,"Human-initiated posting, but operational document/tcode pattern; standard workflow controls apply."
YL,FV60,TECHNICAL_USER,NOT_MANUAL,NO,"Posted by technical/system user, treated as automated/system-generated."
YL,FV60,NON_TECHNICAL_USER,MANUAL,NO,"Human-initiated posting, but operational document/tcode pattern; standard workflow controls apply."
YL,KO88,TECHNICAL_USER,NOT_MANUAL,NO,"Posted by technical/system user, treated as automated/system-generated."
YL,KO88,NON_TECHNICAL_USER,NOT_MANUAL,NO,ERP transaction code is system/batch/process driven.
YL,KO8G,TECHNICAL_USER,NOT_MANUAL,NO,"Posted by technical/system user, treated as automated/system-generated."
YL,KO8G,NON_TECHNICAL_USER,NOT_MANUAL,NO,ERP transaction code is system/batch/process driven.
YL,KSV5,TECHNICAL_USER,NOT_MANUAL,NO,"Posted by technical/system user, treated as automated/system-generated."
YL,KSV5,NON_TECHNICAL_USER,NOT_MANUAL,NO,ERP transaction code is system/batch/process driven.
YL,LSMW,TECHNICAL_USER,NOT_MANUAL,NO,"Posted by technical/system user, treated as automated/system-generated."
YL,LSMW,NON_TECHNICAL_USER,MANUAL,YES,Human-initiated posting with high-risk tcode and/or high-risk document type; maker-checker approval required before posting.
YL,MIR4,TECHNICAL_USER,NOT_MANUAL,NO,"Posted by technical/system user, treated as automated/system-generated."
YL,MIR4,NON_TECHNICAL_USER,NOT_MANUAL,NO,ERP transaction code is system/batch/process driven.
YL,MIRO,TECHNICAL_USER,NOT_MANUAL,NO,"Posted by technical/system user, treated as automated/system-generated."
YL,MIRO,NON_TECHNICAL_USER,MANUAL,NO,"Human-initiated posting, but operational document/tcode pattern; standard workflow controls apply."
YL,MR8M,TECHNICAL_USER,NOT_MANUAL,NO,"Posted by technical/system user, treated as automated/system-generated."
YL,MR8M,NON_TECHNICAL_USER,MANUAL,NO,"Human-initiated posting, but operational document/tcode pattern; standard workflow controls apply."
YL,ZFI_ADP,TECHNICAL_USER,NOT_MANUAL,NO,"Posted by technical/system user, treated as automated/system-generated."
YL,ZFI_ADP,NON_TECHNICAL_USER,MANUAL,YES,Human-initiated posting with high-risk tcode and/or high-risk document type; maker-checker approval required before posting.
YL,ZLIA_COCKPIT,TECHNICAL_USER,NOT_MANUAL,NO,"Posted by technical/system user, treated as automated/system-generated."
YL,ZLIA_COCKPIT,NON_TECHNICAL_USER,NOT_MANUAL,NO,ERP transaction code is system/batch/process driven.
YL,ZMM_CARGA_MIRO_MX,TECHNICAL_USER,NOT_MANUAL,NO,"Posted by technical/system user, treated as automated/system-generated."
YL,ZMM_CARGA_MIRO_MX,NON_TECHNICAL_USER,MANUAL,NO,"Human-initiated posting, but operational document/tcode pattern; standard workflow controls apply."
YM,,TECHNICAL_USER,NOT_MANUAL,NO,"Posted by technical/system user, treated as automated/system-generated."
YM,,NON_TECHNICAL_USER,NOT_MANUAL,NO,ERP transaction code is system/batch/process driven.
YM,AB01L,TECHNICAL_USER,NOT_MANUAL,NO,"Posted by technical/system user, treated as automated/system-generated."
YM,AB01L,NON_TECHNICAL_USER,MANUAL,YES,Human-initiated posting with high-risk tcode and/or high-risk document type; maker-checker approval required before posting.
YM,AB08,TECHNICAL_USER,NOT_MANUAL,NO,"Posted by technical/system user, treated as automated/system-generated."
YM,AB08,NON_TECHNICAL_USER,MANUAL,YES,Human-initiated posting with high-risk tcode and/or high-risk document type; maker-checker approval required before posting.
YM,ABAVN,TECHNICAL_USER,NOT_MANUAL,NO,"Posted by technical/system user, treated as automated/system-generated."
YM,ABAVN,NON_TECHNICAL_USER,MANUAL,YES,Human-initiated posting with high-risk tcode and/or high-risk document type; maker-checker approval required before posting.
YM,ABUMN,TECHNICAL_USER,NOT_MANUAL,NO,"Posted by technical/system user, treated as automated/system-generated."
YM,ABUMN,NON_TECHNICAL_USER,MANUAL,YES,Human-initiated posting with high-risk tcode and/or high-risk document type; maker-checker approval required before posting.
YM,ABZON,TECHNICAL_USER,NOT_MANUAL,NO,"Posted by technical/system user, treated as automated/system-generated."
YM,ABZON,NON_TECHNICAL_USER,MANUAL,YES,Human-initiated posting with high-risk tcode and/or high-risk document type; maker-checker approval required before posting.
YM,AFABN,TECHNICAL_USER,NOT_MANUAL,NO,"Posted by technical/system user, treated as automated/system-generated."
YM,AFABN,NON_TECHNICAL_USER,NOT_MANUAL,NO,ERP transaction code is system/batch/process driven.
YM,AS02,TECHNICAL_USER,NOT_MANUAL,NO,"Posted by technical/system user, treated as automated/system-generated."
YM,AS02,NON_TECHNICAL_USER,MANUAL,YES,Human-initiated posting with high-risk tcode and/or high-risk document type; maker-checker approval required before posting.
YM,F110,TECHNICAL_USER,NOT_MANUAL,NO,"Posted by technical/system user, treated as automated/system-generated."
YM,F110,NON_TECHNICAL_USER,NOT_MANUAL,NO,ERP transaction code is system/batch/process driven.
YM,F111,TECHNICAL_USER,NOT_MANUAL,NO,"Posted by technical/system user, treated as automated/system-generated."
YM,F111,NON_TECHNICAL_USER,NOT_MANUAL,NO,ERP transaction code is system/batch/process driven.
YM,FAGL_IT_02,TECHNICAL_USER,NOT_MANUAL,NO,"Posted by technical/system user, treated as automated/system-generated."
YM,FAGL_IT_02,NON_TECHNICAL_USER,NOT_MANUAL,NO,ERP transaction code is system/batch/process driven.
YM,FB01,TECHNICAL_USER,NOT_MANUAL,NO,"Posted by technical/system user, treated as automated/system-generated."
YM,FB01,NON_TECHNICAL_USER,MANUAL,YES,Human-initiated posting with high-risk tcode and/or high-risk document type; maker-checker approval required before posting.
YM,FB05,TECHNICAL_USER,NOT_MANUAL,NO,"Posted by technical/system user, treated as automated/system-generated."
YM,FB05,NON_TECHNICAL_USER,MANUAL,NO,"Human-initiated posting, but operational document/tcode pattern; standard workflow controls apply."
YM,FB08,TECHNICAL_USER,NOT_MANUAL,NO,"Posted by technical/system user, treated as automated/system-generated."
YM,FB08,NON_TECHNICAL_USER,MANUAL,YES,Human-initiated posting with high-risk tcode and/or high-risk document type; maker-checker approval required before posting.
YM,FB1K,TECHNICAL_USER,NOT_MANUAL,NO,"Posted by technical/system user, treated as automated/system-generated."
YM,FB1K,NON_TECHNICAL_USER,MANUAL,NO,"Human-initiated posting, but operational document/tcode pattern; standard workflow controls apply."
YM,FB1S,TECHNICAL_USER,NOT_MANUAL,NO,"Posted by technical/system user, treated as automated/system-generated."
YM,FB1S,NON_TECHNICAL_USER,MANUAL,NO,"Human-initiated posting, but operational document/tcode pattern; standard workflow controls apply."
YM,FB70,TECHNICAL_USER,NOT_MANUAL,NO,"Posted by technical/system user, treated as automated/system-generated."
YM,FB70,NON_TECHNICAL_USER,MANUAL,NO,"Human-initiated posting, but operational document/tcode pattern; standard workflow controls apply."
YM,FBA7,TECHNICAL_USER,NOT_MANUAL,NO,"Posted by technical/system user, treated as automated/system-generated."
YM,FBA7,NON_TECHNICAL_USER,MANUAL,NO,"Human-initiated posting, but operational document/tcode pattern; standard workflow controls apply."
YM,FBB1,TECHNICAL_USER,NOT_MANUAL,NO,"Posted by technical/system user, treated as automated/system-generated."
YM,FBB1,NON_TECHNICAL_USER,MANUAL,YES,Human-initiated posting with high-risk tcode and/or high-risk document type; maker-checker approval required before posting.
YM,FBD5,TECHNICAL_USER,NOT_MANUAL,NO,"Posted by technical/system user, treated as automated/system-generated."
YM,FBD5,NON_TECHNICAL_USER,MANUAL,YES,Human-initiated posting with high-risk tcode and/or high-risk document type; maker-checker approval required before posting.
YM,FBDC_C002,TECHNICAL_USER,NOT_MANUAL,NO,"Posted by technical/system user, treated as automated/system-generated."
YM,FBDC_C002,NON_TECHNICAL_USER,MANUAL,NO,"Human-initiated posting, but operational document/tcode pattern; standard workflow controls apply."
YM,FBDC_C014,TECHNICAL_USER,NOT_MANUAL,NO,"Posted by technical/system user, treated as automated/system-generated."
YM,FBDC_C014,NON_TECHNICAL_USER,MANUAL,NO,"Human-initiated posting, but operational document/tcode pattern; standard workflow controls apply."
YM,FBDC_C022,TECHNICAL_USER,NOT_MANUAL,NO,"Posted by technical/system user, treated as automated/system-generated."
YM,FBDC_C022,NON_TECHNICAL_USER,MANUAL,NO,"Human-initiated posting, but operational document/tcode pattern; standard workflow controls apply."
YM,FBDC_C024,TECHNICAL_USER,NOT_MANUAL,NO,"Posted by technical/system user, treated as automated/system-generated."
YM,FBDC_C024,NON_TECHNICAL_USER,MANUAL,NO,"Human-initiated posting, but operational document/tcode pattern; standard workflow controls apply."
YM,FBDC_C080,TECHNICAL_USER,NOT_MANUAL,NO,"Posted by technical/system user, treated as automated/system-generated."
YM,FBDC_C080,NON_TECHNICAL_USER,MANUAL,NO,"Human-initiated posting, but operational document/tcode pattern; standard workflow controls apply."
YM,FBDC_P001,TECHNICAL_USER,NOT_MANUAL,NO,"Posted by technical/system user, treated as automated/system-generated."
YM,FBDC_P001,NON_TECHNICAL_USER,MANUAL,YES,Human-initiated posting with high-risk tcode and/or high-risk document type; maker-checker approval required before posting.
YM,FBL1N,TECHNICAL_USER,NOT_MANUAL,NO,"Posted by technical/system user, treated as automated/system-generated."
YM,FBL1N,NON_TECHNICAL_USER,NOT_MANUAL,NO,ERP transaction code is system/batch/process driven.
YM,FBVB,TECHNICAL_USER,NOT_MANUAL,NO,"Posted by technical/system user, treated as automated/system-generated."
YM,FBVB,NON_TECHNICAL_USER,NOT_MANUAL,NO,ERP transaction code is system/batch/process driven.
YM,FBZ2,TECHNICAL_USER,NOT_MANUAL,NO,"Posted by technical/system user, treated as automated/system-generated."
YM,FBZ2,NON_TECHNICAL_USER,MANUAL,NO,"Human-initiated posting, but operational document/tcode pattern; standard workflow controls apply."
YM,FV60,TECHNICAL_USER,NOT_MANUAL,NO,"Posted by technical/system user, treated as automated/system-generated."
YM,FV60,NON_TECHNICAL_USER,MANUAL,NO,"Human-initiated posting, but operational document/tcode pattern; standard workflow controls apply."
YM,KO88,TECHNICAL_USER,NOT_MANUAL,NO,"Posted by technical/system user, treated as automated/system-generated."
YM,KO88,NON_TECHNICAL_USER,NOT_MANUAL,NO,ERP transaction code is system/batch/process driven.
YM,KO8G,TECHNICAL_USER,NOT_MANUAL,NO,"Posted by technical/system user, treated as automated/system-generated."
YM,KO8G,NON_TECHNICAL_USER,NOT_MANUAL,NO,ERP transaction code is system/batch/process driven.
YM,KSV5,TECHNICAL_USER,NOT_MANUAL,NO,"Posted by technical/system user, treated as automated/system-generated."
YM,KSV5,NON_TECHNICAL_USER,NOT_MANUAL,NO,ERP transaction code is system/batch/process driven.
YM,LSMW,TECHNICAL_USER,NOT_MANUAL,NO,"Posted by technical/system user, treated as automated/system-generated."
YM,LSMW,NON_TECHNICAL_USER,MANUAL,YES,Human-initiated posting with high-risk tcode and/or high-risk document type; maker-checker approval required before posting.
YM,MIR4,TECHNICAL_USER,NOT_MANUAL,NO,"Posted by technical/system user, treated as automated/system-generated."
YM,MIR4,NON_TECHNICAL_USER,NOT_MANUAL,NO,ERP transaction code is system/batch/process driven.
YM,MIRO,TECHNICAL_USER,NOT_MANUAL,NO,"Posted by technical/system user, treated as automated/system-generated."
YM,MIRO,NON_TECHNICAL_USER,MANUAL,NO,"Human-initiated posting, but operational document/tcode pattern; standard workflow controls apply."
YM,MR8M,TECHNICAL_USER,NOT_MANUAL,NO,"Posted by technical/system user, treated as automated/system-generated."
YM,MR8M,NON_TECHNICAL_USER,MANUAL,NO,"Human-initiated posting, but operational document/tcode pattern; standard workflow controls apply."
YM,ZFI_ADP,TECHNICAL_USER,NOT_MANUAL,NO,"Posted by technical/system user, treated as automated/system-generated."
YM,ZFI_ADP,NON_TECHNICAL_USER,MANUAL,YES,Human-initiated posting with high-risk tcode and/or high-risk document type; maker-checker approval required before posting.
YM,ZLIA_COCKPIT,TECHNICAL_USER,NOT_MANUAL,NO,"Posted by technical/system user, treated as automated/system-generated."
YM,ZLIA_COCKPIT,NON_TECHNICAL_USER,NOT_MANUAL,NO,ERP transaction code is system/batch/process driven.
YM,ZMM_CARGA_MIRO_MX,TECHNICAL_USER,NOT_MANUAL,NO,"Posted by technical/system user, treated as automated/system-generated."
YM,ZMM_CARGA_MIRO_MX,NON_TECHNICAL_USER,MANUAL,NO,"Human-initiated posting, but operational document/tcode pattern; standard workflow controls apply."
YN,,TECHNICAL_USER,NOT_MANUAL,NO,"Posted by technical/system user, treated as automated/system-generated."
YN,,NON_TECHNICAL_USER,NOT_MANUAL,NO,ERP transaction code is system/batch/process driven.
YN,AB01L,TECHNICAL_USER,NOT_MANUAL,NO,"Posted by technical/system user, treated as automated/system-generated."
YN,AB01L,NON_TECHNICAL_USER,MANUAL,YES,Human-initiated posting with high-risk tcode and/or high-risk document type; maker-checker approval required before posting.
YN,AB08,TECHNICAL_USER,NOT_MANUAL,NO,"Posted by technical/system user, treated as automated/system-generated."
YN,AB08,NON_TECHNICAL_USER,MANUAL,YES,Human-initiated posting with high-risk tcode and/or high-risk document type; maker-checker approval required before posting.
YN,ABAVN,TECHNICAL_USER,NOT_MANUAL,NO,"Posted by technical/system user, treated as automated/system-generated."
YN,ABAVN,NON_TECHNICAL_USER,MANUAL,YES,Human-initiated posting with high-risk tcode and/or high-risk document type; maker-checker approval required before posting.
YN,ABUMN,TECHNICAL_USER,NOT_MANUAL,NO,"Posted by technical/system user, treated as automated/system-generated."
YN,ABUMN,NON_TECHNICAL_USER,MANUAL,YES,Human-initiated posting with high-risk tcode and/or high-risk document type; maker-checker approval required before posting.
YN,ABZON,TECHNICAL_USER,NOT_MANUAL,NO,"Posted by technical/system user, treated as automated/system-generated."
YN,ABZON,NON_TECHNICAL_USER,MANUAL,YES,Human-initiated posting with high-risk tcode and/or high-risk document type; maker-checker approval required before posting.
YN,AFABN,TECHNICAL_USER,NOT_MANUAL,NO,"Posted by technical/system user, treated as automated/system-generated."
YN,AFABN,NON_TECHNICAL_USER,NOT_MANUAL,NO,ERP transaction code is system/batch/process driven.
YN,AS02,TECHNICAL_USER,NOT_MANUAL,NO,"Posted by technical/system user, treated as automated/system-generated."
YN,AS02,NON_TECHNICAL_USER,MANUAL,YES,Human-initiated posting with high-risk tcode and/or high-risk document type; maker-checker approval required before posting.
YN,F110,TECHNICAL_USER,NOT_MANUAL,NO,"Posted by technical/system user, treated as automated/system-generated."
YN,F110,NON_TECHNICAL_USER,NOT_MANUAL,NO,ERP transaction code is system/batch/process driven.
YN,F111,TECHNICAL_USER,NOT_MANUAL,NO,"Posted by technical/system user, treated as automated/system-generated."
YN,F111,NON_TECHNICAL_USER,NOT_MANUAL,NO,ERP transaction code is system/batch/process driven.
YN,FAGL_IT_02,TECHNICAL_USER,NOT_MANUAL,NO,"Posted by technical/system user, treated as automated/system-generated."
YN,FAGL_IT_02,NON_TECHNICAL_USER,NOT_MANUAL,NO,ERP transaction code is system/batch/process driven.
YN,FB01,TECHNICAL_USER,NOT_MANUAL,NO,"Posted by technical/system user, treated as automated/system-generated."
YN,FB01,NON_TECHNICAL_USER,MANUAL,YES,Human-initiated posting with high-risk tcode and/or high-risk document type; maker-checker approval required before posting.
YN,FB05,TECHNICAL_USER,NOT_MANUAL,NO,"Posted by technical/system user, treated as automated/system-generated."
YN,FB05,NON_TECHNICAL_USER,MANUAL,NO,"Human-initiated posting, but operational document/tcode pattern; standard workflow controls apply."
YN,FB08,TECHNICAL_USER,NOT_MANUAL,NO,"Posted by technical/system user, treated as automated/system-generated."
YN,FB08,NON_TECHNICAL_USER,MANUAL,YES,Human-initiated posting with high-risk tcode and/or high-risk document type; maker-checker approval required before posting.
YN,FB1K,TECHNICAL_USER,NOT_MANUAL,NO,"Posted by technical/system user, treated as automated/system-generated."
YN,FB1K,NON_TECHNICAL_USER,MANUAL,NO,"Human-initiated posting, but operational document/tcode pattern; standard workflow controls apply."
YN,FB1S,TECHNICAL_USER,NOT_MANUAL,NO,"Posted by technical/system user, treated as automated/system-generated."
YN,FB1S,NON_TECHNICAL_USER,MANUAL,NO,"Human-initiated posting, but operational document/tcode pattern; standard workflow controls apply."
YN,FB70,TECHNICAL_USER,NOT_MANUAL,NO,"Posted by technical/system user, treated as automated/system-generated."
YN,FB70,NON_TECHNICAL_USER,MANUAL,NO,"Human-initiated posting, but operational document/tcode pattern; standard workflow controls apply."
YN,FBA7,TECHNICAL_USER,NOT_MANUAL,NO,"Posted by technical/system user, treated as automated/system-generated."
YN,FBA7,NON_TECHNICAL_USER,MANUAL,NO,"Human-initiated posting, but operational document/tcode pattern; standard workflow controls apply."
YN,FBB1,TECHNICAL_USER,NOT_MANUAL,NO,"Posted by technical/system user, treated as automated/system-generated."
YN,FBB1,NON_TECHNICAL_USER,MANUAL,YES,Human-initiated posting with high-risk tcode and/or high-risk document type; maker-checker approval required before posting.
YN,FBD5,TECHNICAL_USER,NOT_MANUAL,NO,"Posted by technical/system user, treated as automated/system-generated."
YN,FBD5,NON_TECHNICAL_USER,MANUAL,YES,Human-initiated posting with high-risk tcode and/or high-risk document type; maker-checker approval required before posting.
YN,FBDC_C002,TECHNICAL_USER,NOT_MANUAL,NO,"Posted by technical/system user, treated as automated/system-generated."
YN,FBDC_C002,NON_TECHNICAL_USER,MANUAL,NO,"Human-initiated posting, but operational document/tcode pattern; standard workflow controls apply."
YN,FBDC_C014,TECHNICAL_USER,NOT_MANUAL,NO,"Posted by technical/system user, treated as automated/system-generated."
YN,FBDC_C014,NON_TECHNICAL_USER,MANUAL,NO,"Human-initiated posting, but operational document/tcode pattern; standard workflow controls apply."
YN,FBDC_C022,TECHNICAL_USER,NOT_MANUAL,NO,"Posted by technical/system user, treated as automated/system-generated."
YN,FBDC_C022,NON_TECHNICAL_USER,MANUAL,NO,"Human-initiated posting, but operational document/tcode pattern; standard workflow controls apply."
YN,FBDC_C024,TECHNICAL_USER,NOT_MANUAL,NO,"Posted by technical/system user, treated as automated/system-generated."
YN,FBDC_C024,NON_TECHNICAL_USER,MANUAL,NO,"Human-initiated posting, but operational document/tcode pattern; standard workflow controls apply."
YN,FBDC_C080,TECHNICAL_USER,NOT_MANUAL,NO,"Posted by technical/system user, treated as automated/system-generated."
YN,FBDC_C080,NON_TECHNICAL_USER,MANUAL,NO,"Human-initiated posting, but operational document/tcode pattern; standard workflow controls apply."
YN,FBDC_P001,TECHNICAL_USER,NOT_MANUAL,NO,"Posted by technical/system user, treated as automated/system-generated."
YN,FBDC_P001,NON_TECHNICAL_USER,MANUAL,YES,Human-initiated posting with high-risk tcode and/or high-risk document type; maker-checker approval required before posting.
YN,FBL1N,TECHNICAL_USER,NOT_MANUAL,NO,"Posted by technical/system user, treated as automated/system-generated."
YN,FBL1N,NON_TECHNICAL_USER,NOT_MANUAL,NO,ERP transaction code is system/batch/process driven.
YN,FBVB,TECHNICAL_USER,NOT_MANUAL,NO,"Posted by technical/system user, treated as automated/system-generated."
YN,FBVB,NON_TECHNICAL_USER,NOT_MANUAL,NO,ERP transaction code is system/batch/process driven.
YN,FBZ2,TECHNICAL_USER,NOT_MANUAL,NO,"Posted by technical/system user, treated as automated/system-generated."
YN,FBZ2,NON_TECHNICAL_USER,MANUAL,NO,"Human-initiated posting, but operational document/tcode pattern; standard workflow controls apply."
YN,FV60,TECHNICAL_USER,NOT_MANUAL,NO,"Posted by technical/system user, treated as automated/system-generated."
YN,FV60,NON_TECHNICAL_USER,MANUAL,NO,"Human-initiated posting, but operational document/tcode pattern; standard workflow controls apply."
YN,KO88,TECHNICAL_USER,NOT_MANUAL,NO,"Posted by technical/system user, treated as automated/system-generated."
YN,KO88,NON_TECHNICAL_USER,NOT_MANUAL,NO,ERP transaction code is system/batch/process driven.
YN,KO8G,TECHNICAL_USER,NOT_MANUAL,NO,"Posted by technical/system user, treated as automated/system-generated."
YN,KO8G,NON_TECHNICAL_USER,NOT_MANUAL,NO,ERP transaction code is system/batch/process driven.
YN,KSV5,TECHNICAL_USER,NOT_MANUAL,NO,"Posted by technical/system user, treated as automated/system-generated."
YN,KSV5,NON_TECHNICAL_USER,NOT_MANUAL,NO,ERP transaction code is system/batch/process driven.
YN,LSMW,TECHNICAL_USER,NOT_MANUAL,NO,"Posted by technical/system user, treated as automated/system-generated."
YN,LSMW,NON_TECHNICAL_USER,MANUAL,YES,Human-initiated posting with high-risk tcode and/or high-risk document type; maker-checker approval required before posting.
YN,MIR4,TECHNICAL_USER,NOT_MANUAL,NO,"Posted by technical/system user, treated as automated/system-generated."
YN,MIR4,NON_TECHNICAL_USER,NOT_MANUAL,NO,ERP transaction code is system/batch/process driven.
YN,MIRO,TECHNICAL_USER,NOT_MANUAL,NO,"Posted by technical/system user, treated as automated/system-generated."
YN,MIRO,NON_TECHNICAL_USER,MANUAL,NO,"Human-initiated posting, but operational document/tcode pattern; standard workflow controls apply."
YN,MR8M,TECHNICAL_USER,NOT_MANUAL,NO,"Posted by technical/system user, treated as automated/system-generated."
YN,MR8M,NON_TECHNICAL_USER,MANUAL,NO,"Human-initiated posting, but operational document/tcode pattern; standard workflow controls apply."
YN,ZFI_ADP,TECHNICAL_USER,NOT_MANUAL,NO,"Posted by technical/system user, treated as automated/system-generated."
YN,ZFI_ADP,NON_TECHNICAL_USER,MANUAL,YES,Human-initiated posting with high-risk tcode and/or high-risk document type; maker-checker approval required before posting.
YN,ZLIA_COCKPIT,TECHNICAL_USER,NOT_MANUAL,NO,"Posted by technical/system user, treated as automated/system-generated."
YN,ZLIA_COCKPIT,NON_TECHNICAL_USER,NOT_MANUAL,NO,ERP transaction code is system/batch/process driven.
YN,ZMM_CARGA_MIRO_MX,TECHNICAL_USER,NOT_MANUAL,NO,"Posted by technical/system user, treated as automated/system-generated."
YN,ZMM_CARGA_MIRO_MX,NON_TECHNICAL_USER,MANUAL,NO,"Human-initiated posting, but operational document/tcode pattern; standard workflow controls apply."
YP,,TECHNICAL_USER,NOT_MANUAL,NO,"Posted by technical/system user, treated as automated/system-generated."
YP,,NON_TECHNICAL_USER,NOT_MANUAL,NO,ERP transaction code is system/batch/process driven.
YP,AB01L,TECHNICAL_USER,NOT_MANUAL,NO,"Posted by technical/system user, treated as automated/system-generated."
YP,AB01L,NON_TECHNICAL_USER,MANUAL,YES,Human-initiated posting with high-risk tcode and/or high-risk document type; maker-checker approval required before posting.
YP,AB08,TECHNICAL_USER,NOT_MANUAL,NO,"Posted by technical/system user, treated as automated/system-generated."
YP,AB08,NON_TECHNICAL_USER,MANUAL,YES,Human-initiated posting with high-risk tcode and/or high-risk document type; maker-checker approval required before posting.
YP,ABAVN,TECHNICAL_USER,NOT_MANUAL,NO,"Posted by technical/system user, treated as automated/system-generated."
YP,ABAVN,NON_TECHNICAL_USER,MANUAL,YES,Human-initiated posting with high-risk tcode and/or high-risk document type; maker-checker approval required before posting.
YP,ABUMN,TECHNICAL_USER,NOT_MANUAL,NO,"Posted by technical/system user, treated as automated/system-generated."
YP,ABUMN,NON_TECHNICAL_USER,MANUAL,YES,Human-initiated posting with high-risk tcode and/or high-risk document type; maker-checker approval required before posting.
YP,ABZON,TECHNICAL_USER,NOT_MANUAL,NO,"Posted by technical/system user, treated as automated/system-generated."
YP,ABZON,NON_TECHNICAL_USER,MANUAL,YES,Human-initiated posting with high-risk tcode and/or high-risk document type; maker-checker approval required before posting.
YP,AFABN,TECHNICAL_USER,NOT_MANUAL,NO,"Posted by technical/system user, treated as automated/system-generated."
YP,AFABN,NON_TECHNICAL_USER,NOT_MANUAL,NO,ERP transaction code is system/batch/process driven.
YP,AS02,TECHNICAL_USER,NOT_MANUAL,NO,"Posted by technical/system user, treated as automated/system-generated."
YP,AS02,NON_TECHNICAL_USER,MANUAL,YES,Human-initiated posting with high-risk tcode and/or high-risk document type; maker-checker approval required before posting.
YP,F110,TECHNICAL_USER,NOT_MANUAL,NO,"Posted by technical/system user, treated as automated/system-generated."
YP,F110,NON_TECHNICAL_USER,NOT_MANUAL,NO,ERP transaction code is system/batch/process driven.
YP,F111,TECHNICAL_USER,NOT_MANUAL,NO,"Posted by technical/system user, treated as automated/system-generated."
YP,F111,NON_TECHNICAL_USER,NOT_MANUAL,NO,ERP transaction code is system/batch/process driven.
YP,FAGL_IT_02,TECHNICAL_USER,NOT_MANUAL,NO,"Posted by technical/system user, treated as automated/system-generated."
YP,FAGL_IT_02,NON_TECHNICAL_USER,NOT_MANUAL,NO,ERP transaction code is system/batch/process driven.
YP,FB01,TECHNICAL_USER,NOT_MANUAL,NO,"Posted by technical/system user, treated as automated/system-generated."
YP,FB01,NON_TECHNICAL_USER,MANUAL,YES,Human-initiated posting with high-risk tcode and/or high-risk document type; maker-checker approval required before posting.
YP,FB05,TECHNICAL_USER,NOT_MANUAL,NO,"Posted by technical/system user, treated as automated/system-generated."
YP,FB05,NON_TECHNICAL_USER,MANUAL,NO,"Human-initiated posting, but operational document/tcode pattern; standard workflow controls apply."
YP,FB08,TECHNICAL_USER,NOT_MANUAL,NO,"Posted by technical/system user, treated as automated/system-generated."
YP,FB08,NON_TECHNICAL_USER,MANUAL,YES,Human-initiated posting with high-risk tcode and/or high-risk document type; maker-checker approval required before posting.
YP,FB1K,TECHNICAL_USER,NOT_MANUAL,NO,"Posted by technical/system user, treated as automated/system-generated."
YP,FB1K,NON_TECHNICAL_USER,MANUAL,NO,"Human-initiated posting, but operational document/tcode pattern; standard workflow controls apply."
YP,FB1S,TECHNICAL_USER,NOT_MANUAL,NO,"Posted by technical/system user, treated as automated/system-generated."
YP,FB1S,NON_TECHNICAL_USER,MANUAL,NO,"Human-initiated posting, but operational document/tcode pattern; standard workflow controls apply."
YP,FB70,TECHNICAL_USER,NOT_MANUAL,NO,"Posted by technical/system user, treated as automated/system-generated."
YP,FB70,NON_TECHNICAL_USER,MANUAL,NO,"Human-initiated posting, but operational document/tcode pattern; standard workflow controls apply."
YP,FBA7,TECHNICAL_USER,NOT_MANUAL,NO,"Posted by technical/system user, treated as automated/system-generated."
YP,FBA7,NON_TECHNICAL_USER,MANUAL,NO,"Human-initiated posting, but operational document/tcode pattern; standard workflow controls apply."
YP,FBB1,TECHNICAL_USER,NOT_MANUAL,NO,"Posted by technical/system user, treated as automated/system-generated."
YP,FBB1,NON_TECHNICAL_USER,MANUAL,YES,Human-initiated posting with high-risk tcode and/or high-risk document type; maker-checker approval required before posting.
YP,FBD5,TECHNICAL_USER,NOT_MANUAL,NO,"Posted by technical/system user, treated as automated/system-generated."
YP,FBD5,NON_TECHNICAL_USER,MANUAL,YES,Human-initiated posting with high-risk tcode and/or high-risk document type; maker-checker approval required before posting.
YP,FBDC_C002,TECHNICAL_USER,NOT_MANUAL,NO,"Posted by technical/system user, treated as automated/system-generated."
YP,FBDC_C002,NON_TECHNICAL_USER,MANUAL,NO,"Human-initiated posting, but operational document/tcode pattern; standard workflow controls apply."
YP,FBDC_C014,TECHNICAL_USER,NOT_MANUAL,NO,"Posted by technical/system user, treated as automated/system-generated."
YP,FBDC_C014,NON_TECHNICAL_USER,MANUAL,NO,"Human-initiated posting, but operational document/tcode pattern; standard workflow controls apply."
YP,FBDC_C022,TECHNICAL_USER,NOT_MANUAL,NO,"Posted by technical/system user, treated as automated/system-generated."
YP,FBDC_C022,NON_TECHNICAL_USER,MANUAL,NO,"Human-initiated posting, but operational document/tcode pattern; standard workflow controls apply."
YP,FBDC_C024,TECHNICAL_USER,NOT_MANUAL,NO,"Posted by technical/system user, treated as automated/system-generated."
YP,FBDC_C024,NON_TECHNICAL_USER,MANUAL,NO,"Human-initiated posting, but operational document/tcode pattern; standard workflow controls apply."
YP,FBDC_C080,TECHNICAL_USER,NOT_MANUAL,NO,"Posted by technical/system user, treated as automated/system-generated."
YP,FBDC_C080,NON_TECHNICAL_USER,MANUAL,NO,"Human-initiated posting, but operational document/tcode pattern; standard workflow controls apply."
YP,FBDC_P001,TECHNICAL_USER,NOT_MANUAL,NO,"Posted by technical/system user, treated as automated/system-generated."
YP,FBDC_P001,NON_TECHNICAL_USER,MANUAL,YES,Human-initiated posting with high-risk tcode and/or high-risk document type; maker-checker approval required before posting.
YP,FBL1N,TECHNICAL_USER,NOT_MANUAL,NO,"Posted by technical/system user, treated as automated/system-generated."
YP,FBL1N,NON_TECHNICAL_USER,NOT_MANUAL,NO,ERP transaction code is system/batch/process driven.
YP,FBVB,TECHNICAL_USER,NOT_MANUAL,NO,"Posted by technical/system user, treated as automated/system-generated."
YP,FBVB,NON_TECHNICAL_USER,NOT_MANUAL,NO,ERP transaction code is system/batch/process driven.
YP,FBZ2,TECHNICAL_USER,NOT_MANUAL,NO,"Posted by technical/system user, treated as automated/system-generated."
YP,FBZ2,NON_TECHNICAL_USER,MANUAL,NO,"Human-initiated posting, but operational document/tcode pattern; standard workflow controls apply."
YP,FV60,TECHNICAL_USER,NOT_MANUAL,NO,"Posted by technical/system user, treated as automated/system-generated."
YP,FV60,NON_TECHNICAL_USER,MANUAL,NO,"Human-initiated posting, but operational document/tcode pattern; standard workflow controls apply."
YP,KO88,TECHNICAL_USER,NOT_MANUAL,NO,"Posted by technical/system user, treated as automated/system-generated."
YP,KO88,NON_TECHNICAL_USER,NOT_MANUAL,NO,ERP transaction code is system/batch/process driven.
YP,KO8G,TECHNICAL_USER,NOT_MANUAL,NO,"Posted by technical/system user, treated as automated/system-generated."
YP,KO8G,NON_TECHNICAL_USER,NOT_MANUAL,NO,ERP transaction code is system/batch/process driven.
YP,KSV5,TECHNICAL_USER,NOT_MANUAL,NO,"Posted by technical/system user, treated as automated/system-generated."
YP,KSV5,NON_TECHNICAL_USER,NOT_MANUAL,NO,ERP transaction code is system/batch/process driven.
YP,LSMW,TECHNICAL_USER,NOT_MANUAL,NO,"Posted by technical/system user, treated as automated/system-generated."
YP,LSMW,NON_TECHNICAL_USER,MANUAL,YES,Human-initiated posting with high-risk tcode and/or high-risk document type; maker-checker approval required before posting.
YP,MIR4,TECHNICAL_USER,NOT_MANUAL,NO,"Posted by technical/system user, treated as automated/system-generated."
YP,MIR4,NON_TECHNICAL_USER,NOT_MANUAL,NO,ERP transaction code is system/batch/process driven.
YP,MIRO,TECHNICAL_USER,NOT_MANUAL,NO,"Posted by technical/system user, treated as automated/system-generated."
YP,MIRO,NON_TECHNICAL_USER,MANUAL,NO,"Human-initiated posting, but operational document/tcode pattern; standard workflow controls apply."
YP,MR8M,TECHNICAL_USER,NOT_MANUAL,NO,"Posted by technical/system user, treated as automated/system-generated."
YP,MR8M,NON_TECHNICAL_USER,MANUAL,NO,"Human-initiated posting, but operational document/tcode pattern; standard workflow controls apply."
YP,ZFI_ADP,TECHNICAL_USER,NOT_MANUAL,NO,"Posted by technical/system user, treated as automated/system-generated."
YP,ZFI_ADP,NON_TECHNICAL_USER,MANUAL,YES,Human-initiated posting with high-risk tcode and/or high-risk document type; maker-checker approval required before posting.
YP,ZLIA_COCKPIT,TECHNICAL_USER,NOT_MANUAL,NO,"Posted by technical/system user, treated as automated/system-generated."
YP,ZLIA_COCKPIT,NON_TECHNICAL_USER,NOT_MANUAL,NO,ERP transaction code is system/batch/process driven.
YP,ZMM_CARGA_MIRO_MX,TECHNICAL_USER,NOT_MANUAL,NO,"Posted by technical/system user, treated as automated/system-generated."
YP,ZMM_CARGA_MIRO_MX,NON_TECHNICAL_USER,MANUAL,NO,"Human-initiated posting, but operational document/tcode pattern; standard workflow controls apply."
YX,,TECHNICAL_USER,NOT_MANUAL,NO,"Posted by technical/system user, treated as automated/system-generated."
YX,,NON_TECHNICAL_USER,NOT_MANUAL,NO,ERP transaction code is system/batch/process driven.
YX,AB01L,TECHNICAL_USER,NOT_MANUAL,NO,"Posted by technical/system user, treated as automated/system-generated."
YX,AB01L,NON_TECHNICAL_USER,MANUAL,YES,Human-initiated posting with high-risk tcode and/or high-risk document type; maker-checker approval required before posting.
YX,AB08,TECHNICAL_USER,NOT_MANUAL,NO,"Posted by technical/system user, treated as automated/system-generated."
YX,AB08,NON_TECHNICAL_USER,MANUAL,YES,Human-initiated posting with high-risk tcode and/or high-risk document type; maker-checker approval required before posting.
YX,ABAVN,TECHNICAL_USER,NOT_MANUAL,NO,"Posted by technical/system user, treated as automated/system-generated."
YX,ABAVN,NON_TECHNICAL_USER,MANUAL,YES,Human-initiated posting with high-risk tcode and/or high-risk document type; maker-checker approval required before posting.
YX,ABUMN,TECHNICAL_USER,NOT_MANUAL,NO,"Posted by technical/system user, treated as automated/system-generated."
YX,ABUMN,NON_TECHNICAL_USER,MANUAL,YES,Human-initiated posting with high-risk tcode and/or high-risk document type; maker-checker approval required before posting.
YX,ABZON,TECHNICAL_USER,NOT_MANUAL,NO,"Posted by technical/system user, treated as automated/system-generated."
YX,ABZON,NON_TECHNICAL_USER,MANUAL,YES,Human-initiated posting with high-risk tcode and/or high-risk document type; maker-checker approval required before posting.
YX,AFABN,TECHNICAL_USER,NOT_MANUAL,NO,"Posted by technical/system user, treated as automated/system-generated."
YX,AFABN,NON_TECHNICAL_USER,NOT_MANUAL,NO,ERP transaction code is system/batch/process driven.
YX,AS02,TECHNICAL_USER,NOT_MANUAL,NO,"Posted by technical/system user, treated as automated/system-generated."
YX,AS02,NON_TECHNICAL_USER,MANUAL,YES,Human-initiated posting with high-risk tcode and/or high-risk document type; maker-checker approval required before posting.
YX,F110,TECHNICAL_USER,NOT_MANUAL,NO,"Posted by technical/system user, treated as automated/system-generated."
YX,F110,NON_TECHNICAL_USER,NOT_MANUAL,NO,ERP transaction code is system/batch/process driven.
YX,F111,TECHNICAL_USER,NOT_MANUAL,NO,"Posted by technical/system user, treated as automated/system-generated."
YX,F111,NON_TECHNICAL_USER,NOT_MANUAL,NO,ERP transaction code is system/batch/process driven.
YX,FAGL_IT_02,TECHNICAL_USER,NOT_MANUAL,NO,"Posted by technical/system user, treated as automated/system-generated."
YX,FAGL_IT_02,NON_TECHNICAL_USER,NOT_MANUAL,NO,ERP transaction code is system/batch/process driven.
YX,FB01,TECHNICAL_USER,NOT_MANUAL,NO,"Posted by technical/system user, treated as automated/system-generated."
YX,FB01,NON_TECHNICAL_USER,MANUAL,YES,Human-initiated posting with high-risk tcode and/or high-risk document type; maker-checker approval required before posting.
YX,FB05,TECHNICAL_USER,NOT_MANUAL,NO,"Posted by technical/system user, treated as automated/system-generated."
YX,FB05,NON_TECHNICAL_USER,MANUAL,NO,"Human-initiated posting, but operational document/tcode pattern; standard workflow controls apply."
YX,FB08,TECHNICAL_USER,NOT_MANUAL,NO,"Posted by technical/system user, treated as automated/system-generated."
YX,FB08,NON_TECHNICAL_USER,MANUAL,YES,Human-initiated posting with high-risk tcode and/or high-risk document type; maker-checker approval required before posting.
YX,FB1K,TECHNICAL_USER,NOT_MANUAL,NO,"Posted by technical/system user, treated as automated/system-generated."
YX,FB1K,NON_TECHNICAL_USER,MANUAL,NO,"Human-initiated posting, but operational document/tcode pattern; standard workflow controls apply."
YX,FB1S,TECHNICAL_USER,NOT_MANUAL,NO,"Posted by technical/system user, treated as automated/system-generated."
YX,FB1S,NON_TECHNICAL_USER,MANUAL,NO,"Human-initiated posting, but operational document/tcode pattern; standard workflow controls apply."
YX,FB70,TECHNICAL_USER,NOT_MANUAL,NO,"Posted by technical/system user, treated as automated/system-generated."
YX,FB70,NON_TECHNICAL_USER,MANUAL,NO,"Human-initiated posting, but operational document/tcode pattern; standard workflow controls apply."
YX,FBA7,TECHNICAL_USER,NOT_MANUAL,NO,"Posted by technical/system user, treated as automated/system-generated."
YX,FBA7,NON_TECHNICAL_USER,MANUAL,NO,"Human-initiated posting, but operational document/tcode pattern; standard workflow controls apply."
YX,FBB1,TECHNICAL_USER,NOT_MANUAL,NO,"Posted by technical/system user, treated as automated/system-generated."
YX,FBB1,NON_TECHNICAL_USER,MANUAL,YES,Human-initiated posting with high-risk tcode and/or high-risk document type; maker-checker approval required before posting.
YX,FBD5,TECHNICAL_USER,NOT_MANUAL,NO,"Posted by technical/system user, treated as automated/system-generated."
YX,FBD5,NON_TECHNICAL_USER,MANUAL,YES,Human-initiated posting with high-risk tcode and/or high-risk document type; maker-checker approval required before posting.
YX,FBDC_C002,TECHNICAL_USER,NOT_MANUAL,NO,"Posted by technical/system user, treated as automated/system-generated."
YX,FBDC_C002,NON_TECHNICAL_USER,MANUAL,NO,"Human-initiated posting, but operational document/tcode pattern; standard workflow controls apply."
YX,FBDC_C014,TECHNICAL_USER,NOT_MANUAL,NO,"Posted by technical/system user, treated as automated/system-generated."
YX,FBDC_C014,NON_TECHNICAL_USER,MANUAL,NO,"Human-initiated posting, but operational document/tcode pattern; standard workflow controls apply."
YX,FBDC_C022,TECHNICAL_USER,NOT_MANUAL,NO,"Posted by technical/system user, treated as automated/system-generated."
YX,FBDC_C022,NON_TECHNICAL_USER,MANUAL,NO,"Human-initiated posting, but operational document/tcode pattern; standard workflow controls apply."
YX,FBDC_C024,TECHNICAL_USER,NOT_MANUAL,NO,"Posted by technical/system user, treated as automated/system-generated."
YX,FBDC_C024,NON_TECHNICAL_USER,MANUAL,NO,"Human-initiated posting, but operational document/tcode pattern; standard workflow controls apply."
YX,FBDC_C080,TECHNICAL_USER,NOT_MANUAL,NO,"Posted by technical/system user, treated as automated/system-generated."
YX,FBDC_C080,NON_TECHNICAL_USER,MANUAL,NO,"Human-initiated posting, but operational document/tcode pattern; standard workflow controls apply."
YX,FBDC_P001,TECHNICAL_USER,NOT_MANUAL,NO,"Posted by technical/system user, treated as automated/system-generated."
YX,FBDC_P001,NON_TECHNICAL_USER,MANUAL,YES,Human-initiated posting with high-risk tcode and/or high-risk document type; maker-checker approval required before posting.
YX,FBL1N,TECHNICAL_USER,NOT_MANUAL,NO,"Posted by technical/system user, treated as automated/system-generated."
YX,FBL1N,NON_TECHNICAL_USER,NOT_MANUAL,NO,ERP transaction code is system/batch/process driven.
YX,FBVB,TECHNICAL_USER,NOT_MANUAL,NO,"Posted by technical/system user, treated as automated/system-generated."
YX,FBVB,NON_TECHNICAL_USER,NOT_MANUAL,NO,ERP transaction code is system/batch/process driven.
YX,FBZ2,TECHNICAL_USER,NOT_MANUAL,NO,"Posted by technical/system user, treated as automated/system-generated."
YX,FBZ2,NON_TECHNICAL_USER,MANUAL,NO,"Human-initiated posting, but operational document/tcode pattern; standard workflow controls apply."
YX,FV60,TECHNICAL_USER,NOT_MANUAL,NO,"Posted by technical/system user, treated as automated/system-generated."
YX,FV60,NON_TECHNICAL_USER,MANUAL,NO,"Human-initiated posting, but operational document/tcode pattern; standard workflow controls apply."
YX,KO88,TECHNICAL_USER,NOT_MANUAL,NO,"Posted by technical/system user, treated as automated/system-generated."
YX,KO88,NON_TECHNICAL_USER,NOT_MANUAL,NO,ERP transaction code is system/batch/process driven.
YX,KO8G,TECHNICAL_USER,NOT_MANUAL,NO,"Posted by technical/system user, treated as automated/system-generated."
YX,KO8G,NON_TECHNICAL_USER,NOT_MANUAL,NO,ERP transaction code is system/batch/process driven.
YX,KSV5,TECHNICAL_USER,NOT_MANUAL,NO,"Posted by technical/system user, treated as automated/system-generated."
YX,KSV5,NON_TECHNICAL_USER,NOT_MANUAL,NO,ERP transaction code is system/batch/process driven.
YX,LSMW,TECHNICAL_USER,NOT_MANUAL,NO,"Posted by technical/system user, treated as automated/system-generated."
YX,LSMW,NON_TECHNICAL_USER,MANUAL,YES,Human-initiated posting with high-risk tcode and/or high-risk document type; maker-checker approval required before posting.
YX,MIR4,TECHNICAL_USER,NOT_MANUAL,NO,"Posted by technical/system user, treated as automated/system-generated."
YX,MIR4,NON_TECHNICAL_USER,NOT_MANUAL,NO,ERP transaction code is system/batch/process driven.
YX,MIRO,TECHNICAL_USER,NOT_MANUAL,NO,"Posted by technical/system user, treated as automated/system-generated."
YX,MIRO,NON_TECHNICAL_USER,MANUAL,NO,"Human-initiated posting, but operational document/tcode pattern; standard workflow controls apply."
YX,MR8M,TECHNICAL_USER,NOT_MANUAL,NO,"Posted by technical/system user, treated as automated/system-generated."
YX,MR8M,NON_TECHNICAL_USER,MANUAL,NO,"Human-initiated posting, but operational document/tcode pattern; standard workflow controls apply."
YX,ZFI_ADP,TECHNICAL_USER,NOT_MANUAL,NO,"Posted by technical/system user, treated as automated/system-generated."
YX,ZFI_ADP,NON_TECHNICAL_USER,MANUAL,YES,Human-initiated posting with high-risk tcode and/or high-risk document type; maker-checker approval required before posting.
YX,ZLIA_COCKPIT,TECHNICAL_USER,NOT_MANUAL,NO,"Posted by technical/system user, treated as automated/system-generated."
YX,ZLIA_COCKPIT,NON_TECHNICAL_USER,NOT_MANUAL,NO,ERP transaction code is system/batch/process driven.
YX,ZMM_CARGA_MIRO_MX,TECHNICAL_USER,NOT_MANUAL,NO,"Posted by technical/system user, treated as automated/system-generated."
YX,ZMM_CARGA_MIRO_MX,NON_TECHNICAL_USER,MANUAL,NO,"Human-initiated posting, but operational document/tcode pattern; standard workflow controls apply."
ZP,,TECHNICAL_USER,NOT_MANUAL,NO,"Posted by technical/system user, treated as automated/system-generated."
ZP,,NON_TECHNICAL_USER,NOT_MANUAL,NO,ERP transaction code is system/batch/process driven.
ZP,AB01L,TECHNICAL_USER,NOT_MANUAL,NO,"Posted by technical/system user, treated as automated/system-generated."
ZP,AB01L,NON_TECHNICAL_USER,MANUAL,YES,Human-initiated posting with high-risk tcode and/or high-risk document type; maker-checker approval required before posting.
ZP,AB08,TECHNICAL_USER,NOT_MANUAL,NO,"Posted by technical/system user, treated as automated/system-generated."
ZP,AB08,NON_TECHNICAL_USER,MANUAL,YES,Human-initiated posting with high-risk tcode and/or high-risk document type; maker-checker approval required before posting.
ZP,ABAVN,TECHNICAL_USER,NOT_MANUAL,NO,"Posted by technical/system user, treated as automated/system-generated."
ZP,ABAVN,NON_TECHNICAL_USER,MANUAL,YES,Human-initiated posting with high-risk tcode and/or high-risk document type; maker-checker approval required before posting.
ZP,ABUMN,TECHNICAL_USER,NOT_MANUAL,NO,"Posted by technical/system user, treated as automated/system-generated."
ZP,ABUMN,NON_TECHNICAL_USER,MANUAL,YES,Human-initiated posting with high-risk tcode and/or high-risk document type; maker-checker approval required before posting.
ZP,ABZON,TECHNICAL_USER,NOT_MANUAL,NO,"Posted by technical/system user, treated as automated/system-generated."
ZP,ABZON,NON_TECHNICAL_USER,MANUAL,YES,Human-initiated posting with high-risk tcode and/or high-risk document type; maker-checker approval required before posting.
ZP,AFABN,TECHNICAL_USER,NOT_MANUAL,NO,"Posted by technical/system user, treated as automated/system-generated."
ZP,AFABN,NON_TECHNICAL_USER,NOT_MANUAL,NO,ERP transaction code is system/batch/process driven.
ZP,AS02,TECHNICAL_USER,NOT_MANUAL,NO,"Posted by technical/system user, treated as automated/system-generated."
ZP,AS02,NON_TECHNICAL_USER,MANUAL,YES,Human-initiated posting with high-risk tcode and/or high-risk document type; maker-checker approval required before posting.
ZP,F110,TECHNICAL_USER,NOT_MANUAL,NO,"Posted by technical/system user, treated as automated/system-generated."
ZP,F110,NON_TECHNICAL_USER,NOT_MANUAL,NO,ERP transaction code is system/batch/process driven.
ZP,F111,TECHNICAL_USER,NOT_MANUAL,NO,"Posted by technical/system user, treated as automated/system-generated."
ZP,F111,NON_TECHNICAL_USER,NOT_MANUAL,NO,ERP transaction code is system/batch/process driven.
ZP,FAGL_IT_02,TECHNICAL_USER,NOT_MANUAL,NO,"Posted by technical/system user, treated as automated/system-generated."
ZP,FAGL_IT_02,NON_TECHNICAL_USER,NOT_MANUAL,NO,ERP transaction code is system/batch/process driven.
ZP,FB01,TECHNICAL_USER,NOT_MANUAL,NO,"Posted by technical/system user, treated as automated/system-generated."
ZP,FB01,NON_TECHNICAL_USER,MANUAL,YES,Human-initiated posting with high-risk tcode and/or high-risk document type; maker-checker approval required before posting.
ZP,FB05,TECHNICAL_USER,NOT_MANUAL,NO,"Posted by technical/system user, treated as automated/system-generated."
ZP,FB05,NON_TECHNICAL_USER,MANUAL,NO,"Human-initiated posting, but operational document/tcode pattern; standard workflow controls apply."
ZP,FB08,TECHNICAL_USER,NOT_MANUAL,NO,"Posted by technical/system user, treated as automated/system-generated."
ZP,FB08,NON_TECHNICAL_USER,MANUAL,YES,Human-initiated posting with high-risk tcode and/or high-risk document type; maker-checker approval required before posting.
ZP,FB1K,TECHNICAL_USER,NOT_MANUAL,NO,"Posted by technical/system user, treated as automated/system-generated."
ZP,FB1K,NON_TECHNICAL_USER,MANUAL,NO,"Human-initiated posting, but operational document/tcode pattern; standard workflow controls apply."
ZP,FB1S,TECHNICAL_USER,NOT_MANUAL,NO,"Posted by technical/system user, treated as automated/system-generated."
ZP,FB1S,NON_TECHNICAL_USER,MANUAL,NO,"Human-initiated posting, but operational document/tcode pattern; standard workflow controls apply."
ZP,FB70,TECHNICAL_USER,NOT_MANUAL,NO,"Posted by technical/system user, treated as automated/system-generated."
ZP,FB70,NON_TECHNICAL_USER,MANUAL,NO,"Human-initiated posting, but operational document/tcode pattern; standard workflow controls apply."
ZP,FBA7,TECHNICAL_USER,NOT_MANUAL,NO,"Posted by technical/system user, treated as automated/system-generated."
ZP,FBA7,NON_TECHNICAL_USER,MANUAL,NO,"Human-initiated posting, but operational document/tcode pattern; standard workflow controls apply."
ZP,FBB1,TECHNICAL_USER,NOT_MANUAL,NO,"Posted by technical/system user, treated as automated/system-generated."
ZP,FBB1,NON_TECHNICAL_USER,MANUAL,YES,Human-initiated posting with high-risk tcode and/or high-risk document type; maker-checker approval required before posting.
ZP,FBD5,TECHNICAL_USER,NOT_MANUAL,NO,"Posted by technical/system user, treated as automated/system-generated."
ZP,FBD5,NON_TECHNICAL_USER,MANUAL,YES,Human-initiated posting with high-risk tcode and/or high-risk document type; maker-checker approval required before posting.
ZP,FBDC_C002,TECHNICAL_USER,NOT_MANUAL,NO,"Posted by technical/system user, treated as automated/system-generated."
ZP,FBDC_C002,NON_TECHNICAL_USER,MANUAL,NO,"Human-initiated posting, but operational document/tcode pattern; standard workflow controls apply."
ZP,FBDC_C014,TECHNICAL_USER,NOT_MANUAL,NO,"Posted by technical/system user, treated as automated/system-generated."
ZP,FBDC_C014,NON_TECHNICAL_USER,MANUAL,NO,"Human-initiated posting, but operational document/tcode pattern; standard workflow controls apply."
ZP,FBDC_C022,TECHNICAL_USER,NOT_MANUAL,NO,"Posted by technical/system user, treated as automated/system-generated."
ZP,FBDC_C022,NON_TECHNICAL_USER,MANUAL,NO,"Human-initiated posting, but operational document/tcode pattern; standard workflow controls apply."
ZP,FBDC_C024,TECHNICAL_USER,NOT_MANUAL,NO,"Posted by technical/system user, treated as automated/system-generated."
ZP,FBDC_C024,NON_TECHNICAL_USER,MANUAL,NO,"Human-initiated posting, but operational document/tcode pattern; standard workflow controls apply."
ZP,FBDC_C080,TECHNICAL_USER,NOT_MANUAL,NO,"Posted by technical/system user, treated as automated/system-generated."
ZP,FBDC_C080,NON_TECHNICAL_USER,MANUAL,NO,"Human-initiated posting, but operational document/tcode pattern; standard workflow controls apply."
ZP,FBDC_P001,TECHNICAL_USER,NOT_MANUAL,NO,"Posted by technical/system user, treated as automated/system-generated."
ZP,FBDC_P001,NON_TECHNICAL_USER,MANUAL,YES,Human-initiated posting with high-risk tcode and/or high-risk document type; maker-checker approval required before posting.
ZP,FBL1N,TECHNICAL_USER,NOT_MANUAL,NO,"Posted by technical/system user, treated as automated/system-generated."
ZP,FBL1N,NON_TECHNICAL_USER,NOT_MANUAL,NO,ERP transaction code is system/batch/process driven.
ZP,FBVB,TECHNICAL_USER,NOT_MANUAL,NO,"Posted by technical/system user, treated as automated/system-generated."
ZP,FBVB,NON_TECHNICAL_USER,NOT_MANUAL,NO,ERP transaction code is system/batch/process driven.
ZP,FBZ2,TECHNICAL_USER,NOT_MANUAL,NO,"Posted by technical/system user, treated as automated/system-generated."
ZP,FBZ2,NON_TECHNICAL_USER,MANUAL,NO,"Human-initiated posting, but operational document/tcode pattern; standard workflow controls apply."
ZP,FV60,TECHNICAL_USER,NOT_MANUAL,NO,"Posted by technical/system user, treated as automated/system-generated."
ZP,FV60,NON_TECHNICAL_USER,MANUAL,NO,"Human-initiated posting, but operational document/tcode pattern; standard workflow controls apply."
ZP,KO88,TECHNICAL_USER,NOT_MANUAL,NO,"Posted by technical/system user, treated as automated/system-generated."
ZP,KO88,NON_TECHNICAL_USER,NOT_MANUAL,NO,ERP transaction code is system/batch/process driven.
ZP,KO8G,TECHNICAL_USER,NOT_MANUAL,NO,"Posted by technical/system user, treated as automated/system-generated."
ZP,KO8G,NON_TECHNICAL_USER,NOT_MANUAL,NO,ERP transaction code is system/batch/process driven.
ZP,KSV5,TECHNICAL_USER,NOT_MANUAL,NO,"Posted by technical/system user, treated as automated/system-generated."
ZP,KSV5,NON_TECHNICAL_USER,NOT_MANUAL,NO,ERP transaction code is system/batch/process driven.
ZP,LSMW,TECHNICAL_USER,NOT_MANUAL,NO,"Posted by technical/system user, treated as automated/system-generated."
ZP,LSMW,NON_TECHNICAL_USER,MANUAL,YES,Human-initiated posting with high-risk tcode and/or high-risk document type; maker-checker approval required before posting.
ZP,MIR4,TECHNICAL_USER,NOT_MANUAL,NO,"Posted by technical/system user, treated as automated/system-generated."
ZP,MIR4,NON_TECHNICAL_USER,NOT_MANUAL,NO,ERP transaction code is system/batch/process driven.
ZP,MIRO,TECHNICAL_USER,NOT_MANUAL,NO,"Posted by technical/system user, treated as automated/system-generated."
ZP,MIRO,NON_TECHNICAL_USER,MANUAL,NO,"Human-initiated posting, but operational document/tcode pattern; standard workflow controls apply."
ZP,MR8M,TECHNICAL_USER,NOT_MANUAL,NO,"Posted by technical/system user, treated as automated/system-generated."
ZP,MR8M,NON_TECHNICAL_USER,MANUAL,NO,"Human-initiated posting, but operational document/tcode pattern; standard workflow controls apply."
ZP,ZFI_ADP,TECHNICAL_USER,NOT_MANUAL,NO,"Posted by technical/system user, treated as automated/system-generated."
ZP,ZFI_ADP,NON_TECHNICAL_USER,MANUAL,YES,Human-initiated posting with high-risk tcode and/or high-risk document type; maker-checker approval required before posting.
ZP,ZLIA_COCKPIT,TECHNICAL_USER,NOT_MANUAL,NO,"Posted by technical/system user, treated as automated/system-generated."
ZP,ZLIA_COCKPIT,NON_TECHNICAL_USER,NOT_MANUAL,NO,ERP transaction code is system/batch/process driven.
ZP,ZMM_CARGA_MIRO_MX,TECHNICAL_USER,NOT_MANUAL,NO,"Posted by technical/system user, treated as automated/system-generated."
ZP,ZMM_CARGA_MIRO_MX,NON_TECHNICAL_USER,MANUAL,NO,"Human-initiated posting, but operational document/tcode pattern; standard workflow controls apply."
ZR,,TECHNICAL_USER,NOT_MANUAL,NO,"Posted by technical/system user, treated as automated/system-generated."
ZR,,NON_TECHNICAL_USER,NOT_MANUAL,NO,ERP transaction code is system/batch/process driven.
ZR,AB01L,TECHNICAL_USER,NOT_MANUAL,NO,"Posted by technical/system user, treated as automated/system-generated."
ZR,AB01L,NON_TECHNICAL_USER,MANUAL,YES,Human-initiated posting with high-risk tcode and/or high-risk document type; maker-checker approval required before posting.
ZR,AB08,TECHNICAL_USER,NOT_MANUAL,NO,"Posted by technical/system user, treated as automated/system-generated."
ZR,AB08,NON_TECHNICAL_USER,MANUAL,YES,Human-initiated posting with high-risk tcode and/or high-risk document type; maker-checker approval required before posting.
ZR,ABAVN,TECHNICAL_USER,NOT_MANUAL,NO,"Posted by technical/system user, treated as automated/system-generated."
ZR,ABAVN,NON_TECHNICAL_USER,MANUAL,YES,Human-initiated posting with high-risk tcode and/or high-risk document type; maker-checker approval required before posting.
ZR,ABUMN,TECHNICAL_USER,NOT_MANUAL,NO,"Posted by technical/system user, treated as automated/system-generated."
ZR,ABUMN,NON_TECHNICAL_USER,MANUAL,YES,Human-initiated posting with high-risk tcode and/or high-risk document type; maker-checker approval required before posting.
ZR,ABZON,TECHNICAL_USER,NOT_MANUAL,NO,"Posted by technical/system user, treated as automated/system-generated."
ZR,ABZON,NON_TECHNICAL_USER,MANUAL,YES,Human-initiated posting with high-risk tcode and/or high-risk document type; maker-checker approval required before posting.
ZR,AFABN,TECHNICAL_USER,NOT_MANUAL,NO,"Posted by technical/system user, treated as automated/system-generated."
ZR,AFABN,NON_TECHNICAL_USER,NOT_MANUAL,NO,ERP transaction code is system/batch/process driven.
ZR,AS02,TECHNICAL_USER,NOT_MANUAL,NO,"Posted by technical/system user, treated as automated/system-generated."
ZR,AS02,NON_TECHNICAL_USER,MANUAL,YES,Human-initiated posting with high-risk tcode and/or high-risk document type; maker-checker approval required before posting.
ZR,F110,TECHNICAL_USER,NOT_MANUAL,NO,"Posted by technical/system user, treated as automated/system-generated."
ZR,F110,NON_TECHNICAL_USER,NOT_MANUAL,NO,ERP transaction code is system/batch/process driven.
ZR,F111,TECHNICAL_USER,NOT_MANUAL,NO,"Posted by technical/system user, treated as automated/system-generated."
ZR,F111,NON_TECHNICAL_USER,NOT_MANUAL,NO,ERP transaction code is system/batch/process driven.
ZR,FAGL_IT_02,TECHNICAL_USER,NOT_MANUAL,NO,"Posted by technical/system user, treated as automated/system-generated."
ZR,FAGL_IT_02,NON_TECHNICAL_USER,NOT_MANUAL,NO,ERP transaction code is system/batch/process driven.
ZR,FB01,TECHNICAL_USER,NOT_MANUAL,NO,"Posted by technical/system user, treated as automated/system-generated."
ZR,FB01,NON_TECHNICAL_USER,MANUAL,YES,Human-initiated posting with high-risk tcode and/or high-risk document type; maker-checker approval required before posting.
ZR,FB05,TECHNICAL_USER,NOT_MANUAL,NO,"Posted by technical/system user, treated as automated/system-generated."
ZR,FB05,NON_TECHNICAL_USER,MANUAL,YES,Human-initiated posting with high-risk tcode and/or high-risk document type; maker-checker approval required before posting.
ZR,FB08,TECHNICAL_USER,NOT_MANUAL,NO,"Posted by technical/system user, treated as automated/system-generated."
ZR,FB08,NON_TECHNICAL_USER,MANUAL,YES,Human-initiated posting with high-risk tcode and/or high-risk document type; maker-checker approval required before posting.
ZR,FB1K,TECHNICAL_USER,NOT_MANUAL,NO,"Posted by technical/system user, treated as automated/system-generated."
ZR,FB1K,NON_TECHNICAL_USER,MANUAL,YES,Human-initiated posting with high-risk tcode and/or high-risk document type; maker-checker approval required before posting.
ZR,FB1S,TECHNICAL_USER,NOT_MANUAL,NO,"Posted by technical/system user, treated as automated/system-generated."
ZR,FB1S,NON_TECHNICAL_USER,MANUAL,YES,Human-initiated posting with high-risk tcode and/or high-risk document type; maker-checker approval required before posting.
ZR,FB70,TECHNICAL_USER,NOT_MANUAL,NO,"Posted by technical/system user, treated as automated/system-generated."
ZR,FB70,NON_TECHNICAL_USER,MANUAL,YES,Human-initiated posting with high-risk tcode and/or high-risk document type; maker-checker approval required before posting.
ZR,FBA7,TECHNICAL_USER,NOT_MANUAL,NO,"Posted by technical/system user, treated as automated/system-generated."
ZR,FBA7,NON_TECHNICAL_USER,MANUAL,YES,Human-initiated posting with high-risk tcode and/or high-risk document type; maker-checker approval required before posting.
ZR,FBB1,TECHNICAL_USER,NOT_MANUAL,NO,"Posted by technical/system user, treated as automated/system-generated."
ZR,FBB1,NON_TECHNICAL_USER,MANUAL,YES,Human-initiated posting with high-risk tcode and/or high-risk document type; maker-checker approval required before posting.
ZR,FBD5,TECHNICAL_USER,NOT_MANUAL,NO,"Posted by technical/system user, treated as automated/system-generated."
ZR,FBD5,NON_TECHNICAL_USER,MANUAL,YES,Human-initiated posting with high-risk tcode and/or high-risk document type; maker-checker approval required before posting.
ZR,FBDC_C002,TECHNICAL_USER,NOT_MANUAL,NO,"Posted by technical/system user, treated as automated/system-generated."
ZR,FBDC_C002,NON_TECHNICAL_USER,MANUAL,YES,Human-initiated posting with high-risk tcode and/or high-risk document type; maker-checker approval required before posting.
ZR,FBDC_C014,TECHNICAL_USER,NOT_MANUAL,NO,"Posted by technical/system user, treated as automated/system-generated."
ZR,FBDC_C014,NON_TECHNICAL_USER,MANUAL,YES,Human-initiated posting with high-risk tcode and/or high-risk document type; maker-checker approval required before posting.
ZR,FBDC_C022,TECHNICAL_USER,NOT_MANUAL,NO,"Posted by technical/system user, treated as automated/system-generated."
ZR,FBDC_C022,NON_TECHNICAL_USER,MANUAL,YES,Human-initiated posting with high-risk tcode and/or high-risk document type; maker-checker approval required before posting.
ZR,FBDC_C024,TECHNICAL_USER,NOT_MANUAL,NO,"Posted by technical/system user, treated as automated/system-generated."
ZR,FBDC_C024,NON_TECHNICAL_USER,MANUAL,YES,Human-initiated posting with high-risk tcode and/or high-risk document type; maker-checker approval required before posting.
ZR,FBDC_C080,TECHNICAL_USER,NOT_MANUAL,NO,"Posted by technical/system user, treated as automated/system-generated."
ZR,FBDC_C080,NON_TECHNICAL_USER,MANUAL,YES,Human-initiated posting with high-risk tcode and/or high-risk document type; maker-checker approval required before posting.
ZR,FBDC_P001,TECHNICAL_USER,NOT_MANUAL,NO,"Posted by technical/system user, treated as automated/system-generated."
ZR,FBDC_P001,NON_TECHNICAL_USER,MANUAL,YES,Human-initiated posting with high-risk tcode and/or high-risk document type; maker-checker approval required before posting.
ZR,FBL1N,TECHNICAL_USER,NOT_MANUAL,NO,"Posted by technical/system user, treated as automated/system-generated."
ZR,FBL1N,NON_TECHNICAL_USER,NOT_MANUAL,NO,ERP transaction code is system/batch/process driven.
ZR,FBVB,TECHNICAL_USER,NOT_MANUAL,NO,"Posted by technical/system user, treated as automated/system-generated."
ZR,FBVB,NON_TECHNICAL_USER,NOT_MANUAL,NO,ERP transaction code is system/batch/process driven.
ZR,FBZ2,TECHNICAL_USER,NOT_MANUAL,NO,"Posted by technical/system user, treated as automated/system-generated."
ZR,FBZ2,NON_TECHNICAL_USER,MANUAL,YES,Human-initiated posting with high-risk tcode and/or high-risk document type; maker-checker approval required before posting.
ZR,FV60,TECHNICAL_USER,NOT_MANUAL,NO,"Posted by technical/system user, treated as automated/system-generated."
ZR,FV60,NON_TECHNICAL_USER,MANUAL,YES,Human-initiated posting with high-risk tcode and/or high-risk document type; maker-checker approval required before posting.
ZR,KO88,TECHNICAL_USER,NOT_MANUAL,NO,"Posted by technical/system user, treated as automated/system-generated."
ZR,KO88,NON_TECHNICAL_USER,NOT_MANUAL,NO,ERP transaction code is system/batch/process driven.
ZR,KO8G,TECHNICAL_USER,NOT_MANUAL,NO,"Posted by technical/system user, treated as automated/system-generated."
ZR,KO8G,NON_TECHNICAL_USER,NOT_MANUAL,NO,ERP transaction code is system/batch/process driven.
ZR,KSV5,TECHNICAL_USER,NOT_MANUAL,NO,"Posted by technical/system user, treated as automated/system-generated."
ZR,KSV5,NON_TECHNICAL_USER,NOT_MANUAL,NO,ERP transaction code is system/batch/process driven.
ZR,LSMW,TECHNICAL_USER,NOT_MANUAL,NO,"Posted by technical/system user, treated as automated/system-generated."
ZR,LSMW,NON_TECHNICAL_USER,MANUAL,YES,Human-initiated posting with high-risk tcode and/or high-risk document type; maker-checker approval required before posting.
ZR,MIR4,TECHNICAL_USER,NOT_MANUAL,NO,"Posted by technical/system user, treated as automated/system-generated."
ZR,MIR4,NON_TECHNICAL_USER,NOT_MANUAL,NO,ERP transaction code is system/batch/process driven.
ZR,MIRO,TECHNICAL_USER,NOT_MANUAL,NO,"Posted by technical/system user, treated as automated/system-generated."
ZR,MIRO,NON_TECHNICAL_USER,MANUAL,YES,Human-initiated posting with high-risk tcode and/or high-risk document type; maker-checker approval required before posting.
ZR,MR8M,TECHNICAL_USER,NOT_MANUAL,NO,"Posted by technical/system user, treated as automated/system-generated."
ZR,MR8M,NON_TECHNICAL_USER,MANUAL,YES,Human-initiated posting with high-risk tcode and/or high-risk document type; maker-checker approval required before posting.
ZR,ZFI_ADP,TECHNICAL_USER,NOT_MANUAL,NO,"Posted by technical/system user, treated as automated/system-generated."
ZR,ZFI_ADP,NON_TECHNICAL_USER,MANUAL,YES,Human-initiated posting with high-risk tcode and/or high-risk document type; maker-checker approval required before posting.
ZR,ZLIA_COCKPIT,TECHNICAL_USER,NOT_MANUAL,NO,"Posted by technical/system user, treated as automated/system-generated."
ZR,ZLIA_COCKPIT,NON_TECHNICAL_USER,NOT_MANUAL,NO,ERP transaction code is system/batch/process driven.
ZR,ZMM_CARGA_MIRO_MX,TECHNICAL_USER,NOT_MANUAL,NO,"Posted by technical/system user, treated as automated/system-generated."
ZR,ZMM_CARGA_MIRO_MX,NON_TECHNICAL_USER,MANUAL,YES,Human-initiated posting with high-risk tcode and/or high-risk document type; maker-checker approval required before posting.
ZV,,TECHNICAL_USER,NOT_MANUAL,NO,"Posted by technical/system user, treated as automated/system-generated."
ZV,,NON_TECHNICAL_USER,NOT_MANUAL,NO,ERP transaction code is system/batch/process driven.
ZV,AB01L,TECHNICAL_USER,NOT_MANUAL,NO,"Posted by technical/system user, treated as automated/system-generated."
ZV,AB01L,NON_TECHNICAL_USER,MANUAL,YES,Human-initiated posting with high-risk tcode and/or high-risk document type; maker-checker approval required before posting.
ZV,AB08,TECHNICAL_USER,NOT_MANUAL,NO,"Posted by technical/system user, treated as automated/system-generated."
ZV,AB08,NON_TECHNICAL_USER,MANUAL,YES,Human-initiated posting with high-risk tcode and/or high-risk document type; maker-checker approval required before posting.
ZV,ABAVN,TECHNICAL_USER,NOT_MANUAL,NO,"Posted by technical/system user, treated as automated/system-generated."
ZV,ABAVN,NON_TECHNICAL_USER,MANUAL,YES,Human-initiated posting with high-risk tcode and/or high-risk document type; maker-checker approval required before posting.
ZV,ABUMN,TECHNICAL_USER,NOT_MANUAL,NO,"Posted by technical/system user, treated as automated/system-generated."
ZV,ABUMN,NON_TECHNICAL_USER,MANUAL,YES,Human-initiated posting with high-risk tcode and/or high-risk document type; maker-checker approval required before posting.
ZV,ABZON,TECHNICAL_USER,NOT_MANUAL,NO,"Posted by technical/system user, treated as automated/system-generated."
ZV,ABZON,NON_TECHNICAL_USER,MANUAL,YES,Human-initiated posting with high-risk tcode and/or high-risk document type; maker-checker approval required before posting.
ZV,AFABN,TECHNICAL_USER,NOT_MANUAL,NO,"Posted by technical/system user, treated as automated/system-generated."
ZV,AFABN,NON_TECHNICAL_USER,NOT_MANUAL,NO,ERP transaction code is system/batch/process driven.
ZV,AS02,TECHNICAL_USER,NOT_MANUAL,NO,"Posted by technical/system user, treated as automated/system-generated."
ZV,AS02,NON_TECHNICAL_USER,MANUAL,YES,Human-initiated posting with high-risk tcode and/or high-risk document type; maker-checker approval required before posting.
ZV,F110,TECHNICAL_USER,NOT_MANUAL,NO,"Posted by technical/system user, treated as automated/system-generated."
ZV,F110,NON_TECHNICAL_USER,NOT_MANUAL,NO,ERP transaction code is system/batch/process driven.
ZV,F111,TECHNICAL_USER,NOT_MANUAL,NO,"Posted by technical/system user, treated as automated/system-generated."
ZV,F111,NON_TECHNICAL_USER,NOT_MANUAL,NO,ERP transaction code is system/batch/process driven.
ZV,FAGL_IT_02,TECHNICAL_USER,NOT_MANUAL,NO,"Posted by technical/system user, treated as automated/system-generated."
ZV,FAGL_IT_02,NON_TECHNICAL_USER,NOT_MANUAL,NO,ERP transaction code is system/batch/process driven.
ZV,FB01,TECHNICAL_USER,NOT_MANUAL,NO,"Posted by technical/system user, treated as automated/system-generated."
ZV,FB01,NON_TECHNICAL_USER,MANUAL,YES,Human-initiated posting with high-risk tcode and/or high-risk document type; maker-checker approval required before posting.
ZV,FB05,TECHNICAL_USER,NOT_MANUAL,NO,"Posted by technical/system user, treated as automated/system-generated."
ZV,FB05,NON_TECHNICAL_USER,MANUAL,NO,"Human-initiated posting, but operational document/tcode pattern; standard workflow controls apply."
ZV,FB08,TECHNICAL_USER,NOT_MANUAL,NO,"Posted by technical/system user, treated as automated/system-generated."
ZV,FB08,NON_TECHNICAL_USER,MANUAL,YES,Human-initiated posting with high-risk tcode and/or high-risk document type; maker-checker approval required before posting.
ZV,FB1K,TECHNICAL_USER,NOT_MANUAL,NO,"Posted by technical/system user, treated as automated/system-generated."
ZV,FB1K,NON_TECHNICAL_USER,MANUAL,NO,"Human-initiated posting, but operational document/tcode pattern; standard workflow controls apply."
ZV,FB1S,TECHNICAL_USER,NOT_MANUAL,NO,"Posted by technical/system user, treated as automated/system-generated."
ZV,FB1S,NON_TECHNICAL_USER,MANUAL,NO,"Human-initiated posting, but operational document/tcode pattern; standard workflow controls apply."
ZV,FB70,TECHNICAL_USER,NOT_MANUAL,NO,"Posted by technical/system user, treated as automated/system-generated."
ZV,FB70,NON_TECHNICAL_USER,MANUAL,NO,"Human-initiated posting, but operational document/tcode pattern; standard workflow controls apply."
ZV,FBA7,TECHNICAL_USER,NOT_MANUAL,NO,"Posted by technical/system user, treated as automated/system-generated."
ZV,FBA7,NON_TECHNICAL_USER,MANUAL,NO,"Human-initiated posting, but operational document/tcode pattern; standard workflow controls apply."
ZV,FBB1,TECHNICAL_USER,NOT_MANUAL,NO,"Posted by technical/system user, treated as automated/system-generated."
ZV,FBB1,NON_TECHNICAL_USER,MANUAL,YES,Human-initiated posting with high-risk tcode and/or high-risk document type; maker-checker approval required before posting.
ZV,FBD5,TECHNICAL_USER,NOT_MANUAL,NO,"Posted by technical/system user, treated as automated/system-generated."
ZV,FBD5,NON_TECHNICAL_USER,MANUAL,YES,Human-initiated posting with high-risk tcode and/or high-risk document type; maker-checker approval required before posting.
ZV,FBDC_C002,TECHNICAL_USER,NOT_MANUAL,NO,"Posted by technical/system user, treated as automated/system-generated."
ZV,FBDC_C002,NON_TECHNICAL_USER,MANUAL,NO,"Human-initiated posting, but operational document/tcode pattern; standard workflow controls apply."
ZV,FBDC_C014,TECHNICAL_USER,NOT_MANUAL,NO,"Posted by technical/system user, treated as automated/system-generated."
ZV,FBDC_C014,NON_TECHNICAL_USER,MANUAL,NO,"Human-initiated posting, but operational document/tcode pattern; standard workflow controls apply."
ZV,FBDC_C022,TECHNICAL_USER,NOT_MANUAL,NO,"Posted by technical/system user, treated as automated/system-generated."
ZV,FBDC_C022,NON_TECHNICAL_USER,MANUAL,NO,"Human-initiated posting, but operational document/tcode pattern; standard workflow controls apply."
ZV,FBDC_C024,TECHNICAL_USER,NOT_MANUAL,NO,"Posted by technical/system user, treated as automated/system-generated."
ZV,FBDC_C024,NON_TECHNICAL_USER,MANUAL,NO,"Human-initiated posting, but operational document/tcode pattern; standard workflow controls apply."
ZV,FBDC_C080,TECHNICAL_USER,NOT_MANUAL,NO,"Posted by technical/system user, treated as automated/system-generated."
ZV,FBDC_C080,NON_TECHNICAL_USER,MANUAL,NO,"Human-initiated posting, but operational document/tcode pattern; standard workflow controls apply."
ZV,FBDC_P001,TECHNICAL_USER,NOT_MANUAL,NO,"Posted by technical/system user, treated as automated/system-generated."
ZV,FBDC_P001,NON_TECHNICAL_USER,MANUAL,YES,Human-initiated posting with high-risk tcode and/or high-risk document type; maker-checker approval required before posting.
ZV,FBL1N,TECHNICAL_USER,NOT_MANUAL,NO,"Posted by technical/system user, treated as automated/system-generated."
ZV,FBL1N,NON_TECHNICAL_USER,NOT_MANUAL,NO,ERP transaction code is system/batch/process driven.
ZV,FBVB,TECHNICAL_USER,NOT_MANUAL,NO,"Posted by technical/system user, treated as automated/system-generated."
ZV,FBVB,NON_TECHNICAL_USER,NOT_MANUAL,NO,ERP transaction code is system/batch/process driven.
ZV,FBZ2,TECHNICAL_USER,NOT_MANUAL,NO,"Posted by technical/system user, treated as automated/system-generated."
ZV,FBZ2,NON_TECHNICAL_USER,MANUAL,NO,"Human-initiated posting, but operational document/tcode pattern; standard workflow controls apply."
ZV,FV60,TECHNICAL_USER,NOT_MANUAL,NO,"Posted by technical/system user, treated as automated/system-generated."
ZV,FV60,NON_TECHNICAL_USER,MANUAL,NO,"Human-initiated posting, but operational document/tcode pattern; standard workflow controls apply."
ZV,KO88,TECHNICAL_USER,NOT_MANUAL,NO,"Posted by technical/system user, treated as automated/system-generated."
ZV,KO88,NON_TECHNICAL_USER,NOT_MANUAL,NO,ERP transaction code is system/batch/process driven.
ZV,KO8G,TECHNICAL_USER,NOT_MANUAL,NO,"Posted by technical/system user, treated as automated/system-generated."
ZV,KO8G,NON_TECHNICAL_USER,NOT_MANUAL,NO,ERP transaction code is system/batch/process driven.
ZV,KSV5,TECHNICAL_USER,NOT_MANUAL,NO,"Posted by technical/system user, treated as automated/system-generated."
ZV,KSV5,NON_TECHNICAL_USER,NOT_MANUAL,NO,ERP transaction code is system/batch/process driven.
ZV,LSMW,TECHNICAL_USER,NOT_MANUAL,NO,"Posted by technical/system user, treated as automated/system-generated."
ZV,LSMW,NON_TECHNICAL_USER,MANUAL,YES,Human-initiated posting with high-risk tcode and/or high-risk document type; maker-checker approval required before posting.
ZV,MIR4,TECHNICAL_USER,NOT_MANUAL,NO,"Posted by technical/system user, treated as automated/system-generated."
ZV,MIR4,NON_TECHNICAL_USER,NOT_MANUAL,NO,ERP transaction code is system/batch/process driven.
ZV,MIRO,TECHNICAL_USER,NOT_MANUAL,NO,"Posted by technical/system user, treated as automated/system-generated."
ZV,MIRO,NON_TECHNICAL_USER,MANUAL,NO,"Human-initiated posting, but operational document/tcode pattern; standard workflow controls apply."
ZV,MR8M,TECHNICAL_USER,NOT_MANUAL,NO,"Posted by technical/system user, treated as automated/system-generated."
ZV,MR8M,NON_TECHNICAL_USER,MANUAL,NO,"Human-initiated posting, but operational document/tcode pattern; standard workflow controls apply."
ZV,ZFI_ADP,TECHNICAL_USER,NOT_MANUAL,NO,"Posted by technical/system user, treated as automated/system-generated."
ZV,ZFI_ADP,NON_TECHNICAL_USER,MANUAL,YES,Human-initiated posting with high-risk tcode and/or high-risk document type; maker-checker approval required before posting.
ZV,ZLIA_COCKPIT,TECHNICAL_USER,NOT_MANUAL,NO,"Posted by technical/system user, treated as automated/system-generated."
ZV,ZLIA_COCKPIT,NON_TECHNICAL_USER,NOT_MANUAL,NO,ERP transaction code is system/batch/process driven.
ZV,ZMM_CARGA_MIRO_MX,TECHNICAL_USER,NOT_MANUAL,NO,"Posted by technical/system user, treated as automated/system-generated."
ZV,ZMM_CARGA_MIRO_MX,NON_TECHNICAL_USER,MANUAL,NO,"Human-initiated posting, but operational document/tcode pattern; standard workflow controls apply."
